SYMBOL,SERIES,DATE1,PREV_CLOSE,OPEN_PRICE,HIGH_PRICE,LOW_PRICE,LAST_PRICE,CLOSE_PRICE,AVG_PRICE,TTL_TRD_QNTY,TURNOVER_LACS,NO_OF_TRADES,DELIV_QTY,DELIV_PER
AUBANK,EQ, 01-Apr-2026,842.7,859.65,884.8,859.65,873.85,874.9,874.01,2150156,18792.67,47568, 1114173, 51.82
AXISBANK,EQ, 01-Apr-2026,1161.3,1175.0,1208.0,1175.0,1200.0,1193.1,1194.12,6595695,78760.39,214852, 3548900, 53.81
BANDHANBNK,EQ, 01-Apr-2026,141.35,144.55,149.4,144.43,147.68,147.67,147.37,6299255,9283.13,30833, 2604889, 41.35
BANKBARODA,EQ, 01-Apr-2026,247.6,253.0,256.25,250.4,253.25,252.03,253.17,11199966,28354.56,103429, 5316398, 47.47
BANKINDIA,EQ, 01-Apr-2026,136.99,142.81,144.78,139.64,141.6,141.7,142.2,13202443,18774.39,60680, 5451974, 41.30
CANBK,EQ, 01-Apr-2026,123.45,128.02,129.5,126.3,127.7,127.3,127.76,29217022,37326.4,122526, 12648529, 43.29
CAPITALSFB,EQ, 01-Apr-2026,218.9,221.9,231.0,221.9,224.0,228.43,227.87,23412,53.35,766, 10493, 44.82
CENTRALBK,EQ, 01-Apr-2026,31.43,32.6,33.4,32.14,33.15,33.08,32.84,6403299,2102.67,17070, 2401686, 37.51
CSBBANK,EQ, 01-Apr-2026,340.5,351.0,363.45,348.8,357.0,360.05,358.34,418242,1498.71,14153, 109671, 26.22
CUB,EQ, 01-Apr-2026,239.85,250.0,251.7,236.01,239.95,239.68,240.3,2548115,6123.06,94346, 1007040, 39.52
DCBBANK,EQ, 01-Apr-2026,158.33,166.99,168.75,162.51,166.12,166.84,165.92,1278444,2121.14,17005, 499418, 39.06
DHANBANK,EQ, 01-Apr-2026,19.64,20.6,23.49,20.43,22.9,22.51,22.0,2768763,609.0,4452, 543030, 19.61
EQUITASBNK,EQ, 01-Apr-2026,51.73,55.0,55.0,52.0,53.35,53.49,53.0,5588818,2961.84,26693, 2166099, 38.76
ESAFSFB,EQ, 01-Apr-2026,19.86,21.67,22.87,20.5,22.49,22.43,22.01,1179644,259.64,3075, 317746, 26.94
FEDERALBNK,EQ, 01-Apr-2026,259.4,266.45,270.1,262.9,267.15,267.6,266.74,8296508,22130.42,67490, 4538855, 54.71
FINOPB,EQ, 01-Apr-2026,118.12,121.25,127.7,121.25,124.0,124.51,124.54,763959,951.45,8935, 263519, 34.49
HDFCBANK,EQ, 01-Apr-2026,731.55,743.0,755.9,739.1,744.0,742.25,745.52,78862761,587941.05,617196, 50017843, 63.42
ICICIBANK,EQ, 01-Apr-2026,1205.9,1228.1,1234.0,1210.0,1213.0,1212.7,1219.58,25472333,310654.56,256306, 16773079, 65.85
IDBI,EQ, 01-Apr-2026,61.5,63.1,67.65,62.87,67.65,67.65,65.52,17636265,11554.78,40918, 8341638, 47.30
IDFCFIRSTB,EQ, 01-Apr-2026,58.85,60.84,61.2,59.9,60.23,60.18,60.51,32422944,19618.04,98413, 14882292, 45.90
INDIANB,EQ, 01-Apr-2026,845.7,879.35,890.65,861.4,886.0,888.0,879.95,1896842,16691.29,59011, 829986, 43.76
INDUSINDBK,EQ, 01-Apr-2026,752.45,765.95,793.65,765.95,786.0,785.65,782.27,4336917,33926.33,59606, 2264389, 52.21
IOB,EQ, 01-Apr-2026,31.38,32.45,32.88,31.95,32.45,32.41,32.36,5648409,1828.01,15707, 1841819, 32.61
J&KBANK,EQ, 01-Apr-2026,110.01,114.0,115.2,111.86,114.35,114.27,113.79,4660577,5303.21,26154, 1384437, 29.71
JSFB,EQ, 01-Apr-2026,360.15,370.0,375.45,364.1,368.9,369.3,371.05,97628,362.25,3317, 41474, 42.48
KARURVYSYA,EQ, 01-Apr-2026,289.4,299.4,299.4,288.0,291.5,291.85,292.41,3009101,8798.82,52224, 1374545, 45.68
KOTAKBANK,EQ, 01-Apr-2026,353.4,363.8,364.05,355.0,355.4,356.05,358.39,21245776,76143.33,139154, 13170673, 61.99
KTKBANK,EQ, 01-Apr-2026,222.96,230.0,233.41,226.0,228.11,230.17,230.63,3961866,9137.15,32182, 2058680, 51.96
MAHABANK,EQ, 01-Apr-2026,61.33,64.0,65.5,63.25,64.98,64.88,64.44,16041678,10337.15,58407, 6059653, 37.77
PNB,EQ, 01-Apr-2026,100.56,104.55,105.75,103.23,104.45,104.0,104.32,19568656,20413.14,56375, 6701332, 34.25
PSB,EQ, 01-Apr-2026,20.66,21.25,22.2,21.2,22.09,22.03,21.74,2768489,601.89,8540, 856573, 30.94
RBLBANK,EQ, 01-Apr-2026,289.75,295.0,304.25,295.0,301.2,301.65,300.92,6314298,19000.82,41875, 3170497, 50.21
SBIN,EQ, 01-Apr-2026,979.4,1008.0,1031.0,998.45,1018.0,1017.8,1014.18,17424479,176714.93,250727, 7917435, 45.44
SOUTHBANK,EQ, 01-Apr-2026,34.22,35.88,37.2,35.3,36.2,36.36,36.48,21315930,7775.05,57575, 5802362, 27.22
SURYODAY,EQ, 01-Apr-2026,118.78,120.5,126.9,120.5,124.6,125.11,125.1,199589,249.68,3013, 89337, 44.76
TMB,EQ, 01-Apr-2026,579.4,609.0,619.0,600.25,602.7,606.6,607.19,209615,1272.76,15906, 101015, 48.19
UCOBANK,EQ, 01-Apr-2026,22.45,23.45,23.93,23.05,23.75,23.68,23.56,8872623,2090.25,19130, 2749913, 30.99
UJJIVANSFB,EQ, 01-Apr-2026,50.51,52.48,54.25,51.8,53.52,53.62,53.46,12418726,6638.88,43074, 5904885, 47.55
UNIONBANK,EQ, 01-Apr-2026,164.2,171.0,173.1,167.33,172.19,171.64,170.62,15095865,25757.14,71641, 4935658, 32.70
UTKARSHBNK,EQ, 01-Apr-2026,10.22,10.5,11.5,10.5,11.5,11.44,11.16,11854746,1322.67,12617, 4949222, 41.75
YESBANK,EQ, 01-Apr-2026,17.25,17.66,18.1,17.63,17.95,17.91,17.84,98191539,17521.51,80976, 35763024, 36.42
AUBANK,EQ, 02-Apr-2026,874.9,858.0,871.65,831.65,869.95,868.25,848.0,2079992,17638.42,57395, 837721, 40.28
AXISBANK,EQ, 02-Apr-2026,1193.1,1174.6,1202.3,1150.3,1198.1,1197.9,1174.98,9501543,111641.45,206136, 4495890, 47.32
BANDHANBNK,EQ, 02-Apr-2026,147.67,145.58,147.79,140.7,145.8,146.34,144.55,11739287,16969.1,58243, 5404668, 46.04
BANKBARODA,EQ, 02-Apr-2026,252.03,248.95,250.98,241.0,250.0,249.56,245.5,14887386,36549.08,74376, 7173361, 48.18
BANKINDIA,EQ, 02-Apr-2026,141.7,139.5,139.8,134.52,139.35,139.16,137.05,9218922,12634.87,56091, 2147014, 23.29
CANBK,EQ, 02-Apr-2026,127.3,124.16,127.71,121.79,127.0,127.04,124.08,29741553,36904.76,133942, 10047797, 33.78
CAPITALSFB,EQ, 02-Apr-2026,228.43,231.0,239.34,216.43,238.5,238.79,234.22,30485,71.4,884, 16656, 54.64
CENTRALBK,EQ, 02-Apr-2026,33.08,32.5,33.44,32.01,33.3,33.29,32.67,5240478,1711.87,15547, 1658589, 31.65
CSBBANK,EQ, 02-Apr-2026,360.05,353.1,372.5,343.05,367.6,369.05,356.73,482946,1722.83,16126, 144061, 29.83
CUB,EQ, 02-Apr-2026,239.68,236.0,241.44,229.96,240.0,240.49,235.87,2195530,5178.57,54717, 1094790, 49.86
DCBBANK,EQ, 02-Apr-2026,166.84,161.69,166.26,158.4,164.99,165.48,162.17,1229002,1993.1,18402, 492358, 40.06
DHANBANK,EQ, 02-Apr-2026,22.51,22.0,23.05,21.78,22.67,22.72,22.35,796868,178.11,2096, 297692, 37.36
EQUITASBNK,EQ, 02-Apr-2026,53.49,52.8,54.8,51.73,54.2,54.25,53.18,2454850,1305.5,12092, 663041, 27.01
ESAFSFB,EQ, 02-Apr-2026,22.43,22.78,23.76,21.72,23.13,23.49,22.94,756573,173.58,2610, 300114, 39.67
FEDERALBNK,EQ, 02-Apr-2026,267.6,263.9,266.95,256.5,265.5,265.55,260.31,5537579,14415.13,66661, 2405040, 43.43
FINOPB,EQ, 02-Apr-2026,124.51,124.0,127.62,119.16,121.95,121.79,122.11,965802,1179.32,10216, 346756, 35.90
HDFCBANK,EQ, 02-Apr-2026,742.25,730.0,755.0,726.65,751.0,750.9,740.56,49310300,365171.73,618264, 23804482, 48.27
ICICIBANK,EQ, 02-Apr-2026,1212.7,1196.0,1222.1,1187.6,1216.5,1215.8,1204.91,20851722,251244.03,346186, 9640544, 46.23
IDBI,EQ, 02-Apr-2026,67.65,65.5,69.99,65.27,69.52,69.55,67.52,28973181,19562.85,75899, 6491547, 22.41
IDFCFIRSTB,EQ, 02-Apr-2026,60.18,59.56,60.55,58.08,60.49,60.22,58.98,25908484,15280.8,95690, 9538011, 36.81
INDIANB,EQ, 02-Apr-2026,888.0,870.95,874.1,844.0,870.0,869.4,857.26,1607041,13776.54,46978, 543883, 33.84
INDUSINDBK,EQ, 02-Apr-2026,785.65,772.2,784.75,754.0,775.5,778.7,765.14,2481604,18987.69,50512, 1103540, 44.47
IOB,EQ, 02-Apr-2026,32.41,32.0,32.94,31.41,32.76,32.79,32.22,4820567,1553.17,15480, 1185576, 24.59
J&KBANK,EQ, 02-Apr-2026,114.27,112.0,114.4,109.78,113.36,113.56,111.79,3274914,3661.19,22726, 931204, 28.43
JSFB,EQ, 02-Apr-2026,369.3,360.0,375.0,356.0,370.0,372.7,364.35,118027,430.03,3749, 50359, 42.67
KARURVYSYA,EQ, 02-Apr-2026,291.85,288.9,288.9,270.0,273.45,272.65,272.68,8583223,23405.04,127088, 3647358, 42.49
KOTAKBANK,EQ, 02-Apr-2026,356.05,350.3,359.85,345.5,357.8,358.0,352.33,22056018,77710.84,217135, 14555531, 65.99
KTKBANK,EQ, 02-Apr-2026,230.17,228.15,229.99,217.0,227.89,227.47,223.93,3325136,7445.9,34064, 1047768, 31.51
MAHABANK,EQ, 02-Apr-2026,64.88,63.0,64.22,61.2,64.15,63.89,62.61,19177352,12007.32,72590, 6255277, 32.62
PNB,EQ, 02-Apr-2026,104.0,102.0,104.97,99.79,104.4,104.48,102.08,23212183,23695.43,76177, 7242397, 31.20
PSB,EQ, 02-Apr-2026,22.03,21.73,22.43,21.24,22.35,22.36,21.84,1767940,386.16,6082, 508046, 28.74
RBLBANK,EQ, 02-Apr-2026,301.65,297.95,302.85,292.2,301.7,301.0,297.16,7380124,21930.6,57315, 2412236, 32.69
SBIN,EQ, 02-Apr-2026,1017.8,1000.0,1026.0,977.9,1018.0,1018.4,1000.77,20777629,207936.42,388413, 8523263, 41.02
SOUTHBANK,EQ, 02-Apr-2026,36.36,36.25,36.98,35.21,36.82,36.74,36.09,18759192,6770.36,44727, 4646499, 24.77
SURYODAY,EQ, 02-Apr-2026,125.11,123.11,127.26,121.11,127.26,125.9,124.34,86312,107.32,1379, 32737, 37.93
TMB,EQ, 02-Apr-2026,606.6,605.0,627.0,597.65,624.1,623.65,608.67,207239,1261.41,12270, 88499, 42.70
UCOBANK,EQ, 02-Apr-2026,23.68,23.2,23.98,22.83,23.88,23.9,23.36,7263834,1696.63,17282, 2172759, 29.91
UJJIVANSFB,EQ, 02-Apr-2026,53.62,51.92,55.68,51.0,55.19,55.42,53.81,20863240,11226.27,63772, 7998793, 38.34
UNIONBANK,EQ, 02-Apr-2026,171.64,168.5,172.8,164.2,172.68,171.99,167.92,14715599,24710.69,74543, 3087904, 20.98
UTKARSHBNK,EQ, 02-Apr-2026,11.44,11.08,11.8,10.86,11.62,11.72,11.36,6816078,774.34,8606, 2308587, 33.87
YESBANK,EQ, 02-Apr-2026,17.91,17.7,17.94,17.3,17.9,17.87,17.53,98125615,17201.61,86860, 31741088, 32.35
AUBANK,EQ, 02-Apr-2026,874.9,858.0,871.65,831.65,869.95,868.25,848.0,2079992,17638.42,57395, 837721, 40.28
AXISBANK,EQ, 02-Apr-2026,1193.1,1174.6,1202.3,1150.3,1198.1,1197.9,1174.98,9501543,111641.45,206136, 4495890, 47.32
BANDHANBNK,EQ, 02-Apr-2026,147.67,145.58,147.79,140.7,145.8,146.34,144.55,11739287,16969.1,58243, 5404668, 46.04
BANKBARODA,EQ, 02-Apr-2026,252.03,248.95,250.98,241.0,250.0,249.56,245.5,14887386,36549.08,74376, 7173361, 48.18
BANKINDIA,EQ, 02-Apr-2026,141.7,139.5,139.8,134.52,139.35,139.16,137.05,9218922,12634.87,56091, 2147014, 23.29
CANBK,EQ, 02-Apr-2026,127.3,124.16,127.71,121.79,127.0,127.04,124.08,29741553,36904.76,133942, 10047797, 33.78
CAPITALSFB,EQ, 02-Apr-2026,228.43,231.0,239.34,216.43,238.5,238.79,234.22,30485,71.4,884, 16656, 54.64
CENTRALBK,EQ, 02-Apr-2026,33.08,32.5,33.44,32.01,33.3,33.29,32.67,5240478,1711.87,15547, 1658589, 31.65
CSBBANK,EQ, 02-Apr-2026,360.05,353.1,372.5,343.05,367.6,369.05,356.73,482946,1722.83,16126, 144061, 29.83
CUB,EQ, 02-Apr-2026,239.68,236.0,241.44,229.96,240.0,240.49,235.87,2195530,5178.57,54717, 1094790, 49.86
DCBBANK,EQ, 02-Apr-2026,166.84,161.69,166.26,158.4,164.99,165.48,162.17,1229002,1993.1,18402, 492358, 40.06
DHANBANK,EQ, 02-Apr-2026,22.51,22.0,23.05,21.78,22.67,22.72,22.35,796868,178.11,2096, 297692, 37.36
EQUITASBNK,EQ, 02-Apr-2026,53.49,52.8,54.8,51.73,54.2,54.25,53.18,2454850,1305.5,12092, 663041, 27.01
ESAFSFB,EQ, 02-Apr-2026,22.43,22.78,23.76,21.72,23.13,23.49,22.94,756573,173.58,2610, 300114, 39.67
FEDERALBNK,EQ, 02-Apr-2026,267.6,263.9,266.95,256.5,265.5,265.55,260.31,5537579,14415.13,66661, 2405040, 43.43
FINOPB,EQ, 02-Apr-2026,124.51,124.0,127.62,119.16,121.95,121.79,122.11,965802,1179.32,10216, 346756, 35.90
HDFCBANK,EQ, 02-Apr-2026,742.25,730.0,755.0,726.65,751.0,750.9,740.56,49310300,365171.73,618264, 23804482, 48.27
ICICIBANK,EQ, 02-Apr-2026,1212.7,1196.0,1222.1,1187.6,1216.5,1215.8,1204.91,20851722,251244.03,346186, 9640544, 46.23
IDBI,EQ, 02-Apr-2026,67.65,65.5,69.99,65.27,69.52,69.55,67.52,28973181,19562.85,75899, 6491547, 22.41
IDFCFIRSTB,EQ, 02-Apr-2026,60.18,59.56,60.55,58.08,60.49,60.22,58.98,25908484,15280.8,95690, 9538011, 36.81
INDIANB,EQ, 02-Apr-2026,888.0,870.95,874.1,844.0,870.0,869.4,857.26,1607041,13776.54,46978, 543883, 33.84
INDUSINDBK,EQ, 02-Apr-2026,785.65,772.2,784.75,754.0,775.5,778.7,765.14,2481604,18987.69,50512, 1103540, 44.47
IOB,EQ, 02-Apr-2026,32.41,32.0,32.94,31.41,32.76,32.79,32.22,4820567,1553.17,15480, 1185576, 24.59
J&KBANK,EQ, 02-Apr-2026,114.27,112.0,114.4,109.78,113.36,113.56,111.79,3274914,3661.19,22726, 931204, 28.43
JSFB,EQ, 02-Apr-2026,369.3,360.0,375.0,356.0,370.0,372.7,364.35,118027,430.03,3749, 50359, 42.67
KARURVYSYA,EQ, 02-Apr-2026,291.85,288.9,288.9,270.0,273.45,272.65,272.68,8583223,23405.04,127088, 3647358, 42.49
KOTAKBANK,EQ, 02-Apr-2026,356.05,350.3,359.85,345.5,357.8,358.0,352.33,22056018,77710.84,217135, 14555531, 65.99
KTKBANK,EQ, 02-Apr-2026,230.17,228.15,229.99,217.0,227.89,227.47,223.93,3325136,7445.9,34064, 1047768, 31.51
MAHABANK,EQ, 02-Apr-2026,64.88,63.0,64.22,61.2,64.15,63.89,62.61,19177352,12007.32,72590, 6255277, 32.62
PNB,EQ, 02-Apr-2026,104.0,102.0,104.97,99.79,104.4,104.48,102.08,23212183,23695.43,76177, 7242397, 31.20
PSB,EQ, 02-Apr-2026,22.03,21.73,22.43,21.24,22.35,22.36,21.84,1767940,386.16,6082, 508046, 28.74
RBLBANK,EQ, 02-Apr-2026,301.65,297.95,302.85,292.2,301.7,301.0,297.16,7380124,21930.6,57315, 2412236, 32.69
SBIN,EQ, 02-Apr-2026,1017.8,1000.0,1026.0,977.9,1018.0,1018.4,1000.77,20777629,207936.42,388413, 8523263, 41.02
SOUTHBANK,EQ, 02-Apr-2026,36.36,36.25,36.98,35.21,36.82,36.74,36.09,18759192,6770.36,44727, 4646499, 24.77
SURYODAY,EQ, 02-Apr-2026,125.11,123.11,127.26,121.11,127.26,125.9,124.34,86312,107.32,1379, 32737, 37.93
TMB,EQ, 02-Apr-2026,606.6,605.0,627.0,597.65,624.1,623.65,608.67,207239,1261.41,12270, 88499, 42.70
UCOBANK,EQ, 02-Apr-2026,23.68,23.2,23.98,22.83,23.88,23.9,23.36,7263834,1696.63,17282, 2172759, 29.91
UJJIVANSFB,EQ, 02-Apr-2026,53.62,51.92,55.68,51.0,55.19,55.42,53.81,20863240,11226.27,63772, 7998793, 38.34
UNIONBANK,EQ, 02-Apr-2026,171.64,168.5,172.8,164.2,172.68,171.99,167.92,14715599,24710.69,74543, 3087904, 20.98
UTKARSHBNK,EQ, 02-Apr-2026,11.44,11.08,11.8,10.86,11.62,11.72,11.36,6816078,774.34,8606, 2308587, 33.87
YESBANK,EQ, 02-Apr-2026,17.91,17.7,17.94,17.3,17.9,17.87,17.53,98125615,17201.61,86860, 31741088, 32.35
AUBANK,EQ, 02-Apr-2026,874.9,858.0,871.65,831.65,869.95,868.25,848.0,2079992,17638.42,57395, 837721, 40.28
AXISBANK,EQ, 02-Apr-2026,1193.1,1174.6,1202.3,1150.3,1198.1,1197.9,1174.98,9501543,111641.45,206136, 4495890, 47.32
BANDHANBNK,EQ, 02-Apr-2026,147.67,145.58,147.79,140.7,145.8,146.34,144.55,11739287,16969.1,58243, 5404668, 46.04
BANKBARODA,EQ, 02-Apr-2026,252.03,248.95,250.98,241.0,250.0,249.56,245.5,14887386,36549.08,74376, 7173361, 48.18
BANKINDIA,EQ, 02-Apr-2026,141.7,139.5,139.8,134.52,139.35,139.16,137.05,9218922,12634.87,56091, 2147014, 23.29
CANBK,EQ, 02-Apr-2026,127.3,124.16,127.71,121.79,127.0,127.04,124.08,29741553,36904.76,133942, 10047797, 33.78
CAPITALSFB,EQ, 02-Apr-2026,228.43,231.0,239.34,216.43,238.5,238.79,234.22,30485,71.4,884, 16656, 54.64
CENTRALBK,EQ, 02-Apr-2026,33.08,32.5,33.44,32.01,33.3,33.29,32.67,5240478,1711.87,15547, 1658589, 31.65
CSBBANK,EQ, 02-Apr-2026,360.05,353.1,372.5,343.05,367.6,369.05,356.73,482946,1722.83,16126, 144061, 29.83
CUB,EQ, 02-Apr-2026,239.68,236.0,241.44,229.96,240.0,240.49,235.87,2195530,5178.57,54717, 1094790, 49.86
DCBBANK,EQ, 02-Apr-2026,166.84,161.69,166.26,158.4,164.99,165.48,162.17,1229002,1993.1,18402, 492358, 40.06
DHANBANK,EQ, 02-Apr-2026,22.51,22.0,23.05,21.78,22.67,22.72,22.35,796868,178.11,2096, 297692, 37.36
EQUITASBNK,EQ, 02-Apr-2026,53.49,52.8,54.8,51.73,54.2,54.25,53.18,2454850,1305.5,12092, 663041, 27.01
ESAFSFB,EQ, 02-Apr-2026,22.43,22.78,23.76,21.72,23.13,23.49,22.94,756573,173.58,2610, 300114, 39.67
FEDERALBNK,EQ, 02-Apr-2026,267.6,263.9,266.95,256.5,265.5,265.55,260.31,5537579,14415.13,66661, 2405040, 43.43
FINOPB,EQ, 02-Apr-2026,124.51,124.0,127.62,119.16,121.95,121.79,122.11,965802,1179.32,10216, 346756, 35.90
HDFCBANK,EQ, 02-Apr-2026,742.25,730.0,755.0,726.65,751.0,750.9,740.56,49310300,365171.73,618264, 23804482, 48.27
ICICIBANK,EQ, 02-Apr-2026,1212.7,1196.0,1222.1,1187.6,1216.5,1215.8,1204.91,20851722,251244.03,346186, 9640544, 46.23
IDBI,EQ, 02-Apr-2026,67.65,65.5,69.99,65.27,69.52,69.55,67.52,28973181,19562.85,75899, 6491547, 22.41
IDFCFIRSTB,EQ, 02-Apr-2026,60.18,59.56,60.55,58.08,60.49,60.22,58.98,25908484,15280.8,95690, 9538011, 36.81
INDIANB,EQ, 02-Apr-2026,888.0,870.95,874.1,844.0,870.0,869.4,857.26,1607041,13776.54,46978, 543883, 33.84
INDUSINDBK,EQ, 02-Apr-2026,785.65,772.2,784.75,754.0,775.5,778.7,765.14,2481604,18987.69,50512, 1103540, 44.47
IOB,EQ, 02-Apr-2026,32.41,32.0,32.94,31.41,32.76,32.79,32.22,4820567,1553.17,15480, 1185576, 24.59
J&KBANK,EQ, 02-Apr-2026,114.27,112.0,114.4,109.78,113.36,113.56,111.79,3274914,3661.19,22726, 931204, 28.43
JSFB,EQ, 02-Apr-2026,369.3,360.0,375.0,356.0,370.0,372.7,364.35,118027,430.03,3749, 50359, 42.67
KARURVYSYA,EQ, 02-Apr-2026,291.85,288.9,288.9,270.0,273.45,272.65,272.68,8583223,23405.04,127088, 3647358, 42.49
KOTAKBANK,EQ, 02-Apr-2026,356.05,350.3,359.85,345.5,357.8,358.0,352.33,22056018,77710.84,217135, 14555531, 65.99
KTKBANK,EQ, 02-Apr-2026,230.17,228.15,229.99,217.0,227.89,227.47,223.93,3325136,7445.9,34064, 1047768, 31.51
MAHABANK,EQ, 02-Apr-2026,64.88,63.0,64.22,61.2,64.15,63.89,62.61,19177352,12007.32,72590, 6255277, 32.62
PNB,EQ, 02-Apr-2026,104.0,102.0,104.97,99.79,104.4,104.48,102.08,23212183,23695.43,76177, 7242397, 31.20
PSB,EQ, 02-Apr-2026,22.03,21.73,22.43,21.24,22.35,22.36,21.84,1767940,386.16,6082, 508046, 28.74
RBLBANK,EQ, 02-Apr-2026,301.65,297.95,302.85,292.2,301.7,301.0,297.16,7380124,21930.6,57315, 2412236, 32.69
SBIN,EQ, 02-Apr-2026,1017.8,1000.0,1026.0,977.9,1018.0,1018.4,1000.77,20777629,207936.42,388413, 8523263, 41.02
SOUTHBANK,EQ, 02-Apr-2026,36.36,36.25,36.98,35.21,36.82,36.74,36.09,18759192,6770.36,44727, 4646499, 24.77
SURYODAY,EQ, 02-Apr-2026,125.11,123.11,127.26,121.11,127.26,125.9,124.34,86312,107.32,1379, 32737, 37.93
TMB,EQ, 02-Apr-2026,606.6,605.0,627.0,597.65,624.1,623.65,608.67,207239,1261.41,12270, 88499, 42.70
UCOBANK,EQ, 02-Apr-2026,23.68,23.2,23.98,22.83,23.88,23.9,23.36,7263834,1696.63,17282, 2172759, 29.91
UJJIVANSFB,EQ, 02-Apr-2026,53.62,51.92,55.68,51.0,55.19,55.42,53.81,20863240,11226.27,63772, 7998793, 38.34
UNIONBANK,EQ, 02-Apr-2026,171.64,168.5,172.8,164.2,172.68,171.99,167.92,14715599,24710.69,74543, 3087904, 20.98
UTKARSHBNK,EQ, 02-Apr-2026,11.44,11.08,11.8,10.86,11.62,11.72,11.36,6816078,774.34,8606, 2308587, 33.87
YESBANK,EQ, 02-Apr-2026,17.91,17.7,17.94,17.3,17.9,17.87,17.53,98125615,17201.61,86860, 31741088, 32.35
AUBANK,EQ, 06-Apr-2026,868.25,880.95,886.4,856.35,883.45,883.55,874.15,1772253,15492.22,45097, 737454, 41.61
AXISBANK,EQ, 06-Apr-2026,1197.9,1202.1,1249.8,1196.4,1237.6,1245.3,1223.83,7847086,96034.99,168625, 3802289, 48.45
BANDHANBNK,EQ, 06-Apr-2026,146.34,148.0,153.23,144.03,152.0,152.58,148.88,15519780,23105.61,50398, 6789674, 43.75
BANKBARODA,EQ, 06-Apr-2026,249.56,252.61,260.69,251.91,260.5,259.76,256.4,22152306,56799.52,126972, 7525604, 33.97
BANKINDIA,EQ, 06-Apr-2026,139.16,140.38,145.49,137.88,143.19,143.05,142.24,14321009,20370.42,57210, 3042130, 21.24
CANBK,EQ, 06-Apr-2026,127.04,127.2,130.99,125.11,130.99,130.51,128.67,26453809,34037.5,116563, 9410944, 35.58
CAPITALSFB,EQ, 06-Apr-2026,238.79,244.05,246.99,235.5,246.99,245.38,244.03,69177,168.81,970, 52899, 76.47
CENTRALBK,EQ, 06-Apr-2026,33.29,33.59,34.04,32.82,33.95,33.93,33.57,6531958,2193.1,17662, 1987774, 30.43
CSBBANK,EQ, 06-Apr-2026,369.05,377.0,378.0,364.2,373.2,373.75,370.21,842814,3120.17,17455, 315152, 37.39
CUB,EQ, 06-Apr-2026,240.49,242.89,253.2,237.98,248.31,249.91,247.85,5664468,14039.47,87289, 3235427, 57.12
DCBBANK,EQ, 06-Apr-2026,165.48,166.41,171.57,162.36,171.5,170.66,168.83,2025070,3418.89,28502, 968565, 47.83
DHANBANK,EQ, 06-Apr-2026,22.72,22.51,23.99,22.16,23.5,23.66,23.09,840256,194.02,2344, 369512, 43.98
EQUITASBNK,EQ, 06-Apr-2026,54.25,54.0,55.2,53.25,55.0,54.98,54.2,2173481,1178.0,13096, 797478, 36.69
ESAFSFB,EQ, 06-Apr-2026,23.49,24.07,24.53,23.18,23.97,23.73,23.69,658332,155.97,3879, 259076, 39.35
FEDERALBNK,EQ, 06-Apr-2026,265.55,265.4,272.2,261.7,271.25,271.5,268.05,9297534,24922.5,79632, 4153126, 44.67
FINOPB,EQ, 06-Apr-2026,121.79,123.01,124.98,117.32,123.99,123.84,121.28,775285,940.26,9630, 190155, 24.53
HDFCBANK,EQ, 06-Apr-2026,750.9,759.0,772.75,745.0,770.9,771.0,759.21,42976659,326281.4,626168, 24018015, 55.89
ICICIBANK,EQ, 06-Apr-2026,1215.8,1213.0,1234.4,1200.5,1228.6,1231.4,1218.09,10058414,122520.23,131870, 5872971, 58.39
IDBI,EQ, 06-Apr-2026,69.55,69.39,70.44,67.51,70.12,70.06,68.91,21645375,14916.44,53765, 4625502, 21.37
IDFCFIRSTB,EQ, 06-Apr-2026,60.22,60.51,61.29,59.17,61.24,61.08,60.17,41063566,24706.66,79783, 15164791, 36.93
INDIANB,EQ, 06-Apr-2026,869.4,876.85,904.65,864.25,901.0,899.85,891.26,2261012,20151.4,55102, 613933, 27.15
INDUSINDBK,EQ, 06-Apr-2026,778.7,774.6,788.3,756.4,785.5,786.2,773.19,2512596,19427.25,50423, 701909, 27.94
IOB,EQ, 06-Apr-2026,32.79,33.1,33.19,32.41,33.03,33.05,32.86,4932519,1620.73,14299, 1167141, 23.66
J&KBANK,EQ, 06-Apr-2026,113.56,113.35,116.79,110.8,116.5,115.8,114.4,5086673,5819.33,34179, 1581431, 31.09
JSFB,EQ, 06-Apr-2026,372.7,369.0,388.2,364.1,385.5,385.7,380.98,148848,567.08,5097, 69015, 46.37
KARURVYSYA,EQ, 06-Apr-2026,272.65,275.0,279.1,265.45,270.2,269.45,269.7,5898403,15908.23,100988, 2187330, 37.08
KOTAKBANK,EQ, 06-Apr-2026,358.0,358.0,361.4,350.1,360.95,360.55,355.99,18320378,65219.58,219258, 10945869, 59.75
KTKBANK,EQ, 06-Apr-2026,227.47,227.89,236.3,223.67,229.6,229.7,230.65,3262658,7525.28,27249, 1236454, 37.90
MAHABANK,EQ, 06-Apr-2026,63.89,64.22,67.0,63.03,66.47,66.59,65.75,20626583,13561.67,65803, 5744956, 27.85
PNB,EQ, 06-Apr-2026,104.48,105.0,106.76,102.28,106.69,106.5,105.02,21348893,22421.63,68141, 5203231, 24.37
PSB,EQ, 06-Apr-2026,22.36,22.7,23.04,22.22,22.98,22.96,22.69,2769218,628.24,9801, 808518, 29.20
RBLBANK,EQ, 06-Apr-2026,301.0,308.95,319.85,302.3,317.0,318.15,312.49,22771700,71159.08,150826, 4156206, 18.25
SBIN,EQ, 06-Apr-2026,1018.4,1020.0,1035.7,1005.05,1033.4,1032.75,1020.29,23576634,240550.72,332091, 11150138, 47.29
SOUTHBANK,EQ, 06-Apr-2026,36.74,37.1,38.07,35.92,37.2,37.25,37.06,23482613,8701.74,47096, 6686333, 28.47
SURYODAY,EQ, 06-Apr-2026,125.9,127.27,133.89,127.27,132.7,131.95,130.73,509666,666.27,4908, 246877, 48.44
TMB,EQ, 06-Apr-2026,623.65,615.0,643.7,610.55,620.05,629.05,625.33,285965,1788.21,20086, 126084, 44.09
UCOBANK,EQ, 06-Apr-2026,23.9,24.0,24.44,23.5,24.37,24.35,24.11,9271908,2235.41,21521, 2131842, 22.99
UJJIVANSFB,EQ, 06-Apr-2026,55.42,55.5,57.0,54.36,56.4,56.68,55.59,15552664,8644.99,49335, 5661644, 36.40
UNIONBANK,EQ, 06-Apr-2026,171.99,173.1,177.72,169.22,174.05,174.12,173.97,16641379,28951.75,66866, 3040490, 18.27
UTKARSHBNK,EQ, 06-Apr-2026,11.72,11.9,12.2,11.52,11.98,11.97,11.81,7060214,833.6,9219, 3066532, 43.43
YESBANK,EQ, 06-Apr-2026,17.87,17.93,18.19,17.68,18.17,18.15,17.99,111004079,19966.71,88917, 38048379, 34.28
AUBANK,EQ, 07-Apr-2026,883.55,869.95,890.7,861.5,887.4,888.45,881.09,2320286,20443.83,60638, 1286234, 55.43
AXISBANK,EQ, 07-Apr-2026,1245.3,1237.8,1255.5,1221.0,1247.0,1250.1,1240.81,9248545,114756.66,131574, 5372508, 58.09
BANDHANBNK,EQ, 07-Apr-2026,152.58,152.0,152.0,147.6,149.22,149.13,149.11,6091241,9082.83,30191, 2428702, 39.87
BANKBARODA,EQ, 07-Apr-2026,259.76,257.99,259.0,254.82,258.0,258.1,256.81,9211553,23656.61,66310, 4099810, 44.51
BANKINDIA,EQ, 07-Apr-2026,143.05,142.05,142.05,136.13,137.5,137.55,137.66,27177315,37411.27,80186, 8504788, 31.29
CANBK,EQ, 07-Apr-2026,130.51,129.8,130.74,128.4,129.4,129.51,129.31,16070269,20780.09,84696, 5023420, 31.26
CAPITALSFB,EQ, 07-Apr-2026,245.38,245.0,245.4,240.01,245.4,244.38,242.76,18570,45.08,656, 6921, 37.27
CENTRALBK,EQ, 07-Apr-2026,33.93,33.5,33.9,33.43,33.8,33.82,33.72,3772949,1272.08,12408, 1540110, 40.82
CSBBANK,EQ, 07-Apr-2026,373.75,370.0,378.9,367.05,373.75,373.85,374.86,346983,1300.71,12393, 114227, 32.92
CUB,EQ, 07-Apr-2026,249.91,247.51,251.0,245.1,248.09,248.52,248.81,2503790,6229.62,39660, 1765234, 70.50
DCBBANK,EQ, 07-Apr-2026,170.66,169.9,175.3,167.5,173.8,174.36,173.09,1020927,1767.09,17722, 465359, 45.58
DHANBANK,EQ, 07-Apr-2026,23.66,23.65,24.5,23.36,24.2,24.21,23.99,785582,188.49,2058, 432557, 55.06
EQUITASBNK,EQ, 07-Apr-2026,54.98,54.98,56.18,54.2,55.41,55.82,55.55,1549459,860.73,11726, 863640, 55.74
ESAFSFB,EQ, 07-Apr-2026,23.73,23.73,24.0,23.31,23.45,23.46,23.67,267488,63.31,1693, 146430, 54.74
FEDERALBNK,EQ, 07-Apr-2026,271.5,270.0,276.9,266.45,275.65,275.15,272.52,8015264,21842.97,73095, 4149324, 51.77
FINOPB,EQ, 07-Apr-2026,123.84,127.49,132.34,125.61,126.72,126.29,127.96,1463335,1872.49,14595, 312086, 21.33
HDFCBANK,EQ, 07-Apr-2026,771.0,766.0,774.0,761.0,772.4,772.0,768.18,51309793,394150.68,777553, 27329359, 53.26
ICICIBANK,EQ, 07-Apr-2026,1231.4,1229.0,1250.4,1216.6,1248.5,1245.5,1235.01,25600557,316170.31,212038, 15805155, 61.74
IDBI,EQ, 07-Apr-2026,70.06,69.69,71.42,68.96,69.52,69.64,70.31,15483576,10886.62,38957, 5053644, 32.64
IDFCFIRSTB,EQ, 07-Apr-2026,61.08,61.0,61.5,60.21,61.19,61.19,61.02,21417493,13068.87,76173, 7483679, 34.94
INDIANB,EQ, 07-Apr-2026,899.85,899.8,906.3,879.1,900.2,905.25,895.11,1423269,12739.79,45924, 434998, 30.56
INDUSINDBK,EQ, 07-Apr-2026,786.2,778.0,787.8,770.3,783.0,784.8,780.08,1165539,9092.18,32734, 341556, 29.30
IOB,EQ, 07-Apr-2026,33.05,33.09,33.43,32.7,32.95,32.94,32.94,2922037,962.56,9431, 895709, 30.65
J&KBANK,EQ, 07-Apr-2026,115.8,115.8,117.81,114.04,116.29,116.85,116.75,3401497,3971.12,19399, 1291574, 37.97
JSFB,EQ, 07-Apr-2026,385.7,384.05,398.5,381.25,390.15,393.35,393.45,231358,910.27,4764, 115600, 49.97
KARURVYSYA,EQ, 07-Apr-2026,269.45,270.2,272.5,261.0,262.05,262.05,265.04,3328107,8820.93,65478, 1547333, 46.49
KOTAKBANK,EQ, 07-Apr-2026,360.55,357.0,364.0,357.0,363.1,362.95,360.9,23655155,85371.92,215482, 15571921, 65.83
KTKBANK,EQ, 07-Apr-2026,229.7,228.0,232.0,226.0,228.43,228.95,229.18,1969505,4513.77,18166, 780776, 39.64
MAHABANK,EQ, 07-Apr-2026,66.59,66.4,66.89,65.41,66.55,66.54,66.31,12305719,8159.75,48265, 3622194, 29.44
PNB,EQ, 07-Apr-2026,106.5,105.1,105.79,103.6,104.5,104.58,104.52,21560842,22535.46,71964, 7353092, 34.10
PSB,EQ, 07-Apr-2026,22.96,22.9,23.1,22.63,22.93,23.0,22.93,975874,223.78,4866, 401500, 41.14
RBLBANK,EQ, 07-Apr-2026,318.15,312.55,315.15,308.15,314.6,312.6,311.09,6673280,20759.59,45454, 2089147, 31.31
SBIN,EQ, 07-Apr-2026,1032.75,1025.0,1033.7,1012.0,1028.0,1030.4,1024.42,15021291,153881.05,218422, 5350752, 35.62
SOUTHBANK,EQ, 07-Apr-2026,37.25,36.85,37.25,36.52,36.96,36.95,36.94,10722518,3960.68,27149, 3025914, 28.22
SURYODAY,EQ, 07-Apr-2026,131.95,131.95,132.24,126.9,128.2,128.08,128.39,304274,390.67,3322, 163911, 53.87
TMB,EQ, 07-Apr-2026,629.05,617.1,623.6,610.0,613.0,612.55,615.53,131310,808.26,8705, 67175, 51.16
UCOBANK,EQ, 07-Apr-2026,24.35,24.34,24.48,24.09,24.29,24.33,24.32,4828994,1174.62,15023, 1347666, 27.91
UJJIVANSFB,EQ, 07-Apr-2026,56.68,56.3,57.16,55.21,56.17,56.43,56.49,9024905,5097.98,33578, 3580692, 39.68
UNIONBANK,EQ, 07-Apr-2026,174.12,172.8,172.98,167.8,172.3,171.88,169.94,15794978,26842.15,77429, 2907334, 18.41
UTKARSHBNK,EQ, 07-Apr-2026,11.97,11.98,11.99,11.7,11.93,11.92,11.93,3705523,441.88,4784, 1979004, 53.41
YESBANK,EQ, 07-Apr-2026,18.15,18.12,18.22,17.92,18.11,18.13,18.09,59342949,10737.6,70023, 19338228, 32.59
AUBANK,EQ, 08-Apr-2026,888.45,920.0,972.0,918.45,969.9,967.8,956.37,4895295,46817.16,93780, 2481869, 50.70
AXISBANK,EQ, 08-Apr-2026,1250.1,1300.1,1335.6,1300.1,1333.4,1333.0,1320.07,13519723,178469.28,298113, 8933426, 66.08
BANDHANBNK,EQ, 08-Apr-2026,149.13,155.2,166.12,155.2,164.95,164.75,161.26,26384852,42547.35,110102, 10097234, 38.27
BANKBARODA,EQ, 08-Apr-2026,258.1,268.01,277.28,268.01,276.31,275.98,273.4,15760765,43090.14,147905, 6686317, 42.42
BANKINDIA,EQ, 08-Apr-2026,137.55,144.0,147.5,143.08,146.55,146.49,145.81,17553137,25594.61,64764, 7435651, 42.36
CANBK,EQ, 08-Apr-2026,129.51,135.98,139.74,134.65,139.38,139.19,137.34,34185753,46951.17,120771, 12112963, 35.43
CAPITALSFB,EQ, 08-Apr-2026,244.38,268.38,270.4,251.7,265.0,265.17,262.87,67194,176.63,1197, 34110, 50.76
CENTRALBK,EQ, 08-Apr-2026,33.82,35.0,35.64,34.85,35.47,35.39,35.29,9252300,3265.32,24967, 4303058, 46.51
CSBBANK,EQ, 08-Apr-2026,373.85,393.0,407.95,385.0,406.3,406.15,396.39,597329,2367.76,15898, 271624, 45.47
CUB,EQ, 08-Apr-2026,248.52,256.99,262.52,253.37,256.6,255.13,256.26,3995117,10237.79,70666, 2429210, 60.80
DCBBANK,EQ, 08-Apr-2026,174.36,178.95,192.75,178.7,186.55,187.62,186.94,3976638,7433.83,41794, 1545894, 38.87
DHANBANK,EQ, 08-Apr-2026,24.21,24.5,25.79,24.24,25.49,25.1,25.0,2937924,734.41,3692, 2248707, 76.54
EQUITASBNK,EQ, 08-Apr-2026,55.82,58.0,61.58,56.98,61.02,61.04,60.29,7716858,4652.57,27005, 4083092, 52.91
ESAFSFB,EQ, 08-Apr-2026,23.46,24.49,24.5,23.87,23.91,23.99,24.07,1061671,255.55,4911, 668742, 62.99
FEDERALBNK,EQ, 08-Apr-2026,275.15,286.35,288.8,282.55,284.0,284.45,284.86,7811348,22251.58,82924, 3921474, 50.20
FINOPB,EQ, 08-Apr-2026,126.29,133.9,136.99,128.0,136.99,135.94,131.99,1184982,1564.02,8964, 517253, 43.65
HDFCBANK,EQ, 08-Apr-2026,772.0,800.0,817.8,796.0,817.5,816.1,809.87,70269512,569093.58,561769, 41791230, 59.47
ICICIBANK,EQ, 08-Apr-2026,1245.5,1310.0,1333.5,1292.4,1309.1,1309.2,1307.02,25148651,328697.93,267068, 14746595, 58.64
IDBI,EQ, 08-Apr-2026,69.64,73.0,76.21,72.22,73.75,73.57,73.97,32852502,24300.6,69609, 12136258, 36.94
IDFCFIRSTB,EQ, 08-Apr-2026,61.19,63.99,66.21,63.0,66.13,65.87,64.7,42736119,27650.3,84245, 16812131, 39.34
INDIANB,EQ, 08-Apr-2026,905.25,930.0,959.3,930.0,957.3,956.5,950.63,2494224,23710.77,74752, 1097722, 44.01
INDUSINDBK,EQ, 08-Apr-2026,784.8,812.0,840.85,810.0,836.0,835.95,831.87,3572416,29717.96,65851, 1579441, 44.21
IOB,EQ, 08-Apr-2026,32.94,34.0,34.78,33.8,34.45,34.43,34.32,8934787,3066.49,19464, 3515556, 39.35
J&KBANK,EQ, 08-Apr-2026,116.85,122.0,123.9,119.43,123.45,123.39,122.07,5455788,6660.0,28571, 2252663, 41.29
JSFB,EQ, 08-Apr-2026,393.35,400.0,408.0,399.95,401.95,402.25,402.7,225029,906.2,4356, 134764, 59.89
KARURVYSYA,EQ, 08-Apr-2026,262.05,270.85,285.55,269.1,281.95,281.3,278.72,7257686,20228.61,92132, 3346967, 46.12
KOTAKBANK,EQ, 08-Apr-2026,362.95,377.0,381.15,369.45,379.5,380.15,376.64,30162218,113604.3,236895, 20215003, 67.02
KTKBANK,EQ, 08-Apr-2026,228.95,235.0,243.95,231.88,243.59,243.51,239.84,7559581,18131.14,45176, 4169908, 55.16
MAHABANK,EQ, 08-Apr-2026,66.54,69.5,70.75,68.35,70.3,69.94,69.72,29587648,20628.26,72391, 12292653, 41.55
PNB,EQ, 08-Apr-2026,104.58,109.0,111.4,108.55,111.38,111.14,110.17,28565242,31470.95,74782, 12622513, 44.19
PSB,EQ, 08-Apr-2026,23.0,24.0,24.5,23.81,24.49,24.44,24.21,2771909,671.11,7261, 1169443, 42.19
RBLBANK,EQ, 08-Apr-2026,312.6,324.0,326.8,318.6,322.75,322.85,322.69,6088664,19647.55,44146, 1897034, 31.16
SBIN,EQ, 08-Apr-2026,1030.4,1074.0,1077.8,1059.45,1065.0,1061.45,1068.54,28533742,304895.01,315463, 14682235, 51.46
SOUTHBANK,EQ, 08-Apr-2026,36.95,38.5,38.77,37.91,38.44,38.33,38.22,18100892,6918.68,29266, 7410690, 40.94
SURYODAY,EQ, 08-Apr-2026,128.08,135.0,139.0,131.0,138.51,138.17,135.52,350177,474.57,3639, 168551, 48.13
TMB,EQ, 08-Apr-2026,612.55,630.5,660.0,621.35,656.6,654.65,641.23,390326,2502.9,25032, 175897, 45.06
UCOBANK,EQ, 08-Apr-2026,24.33,25.25,26.05,25.2,25.93,25.92,25.68,14235438,3655.36,25168, 6320402, 44.40
UJJIVANSFB,EQ, 08-Apr-2026,56.43,59.01,59.72,57.8,58.57,58.44,58.76,14098672,8284.44,45361, 6924195, 49.11
UNIONBANK,EQ, 08-Apr-2026,171.88,180.0,186.88,179.0,186.0,185.66,183.86,20660394,37985.84,101123, 6369809, 30.83
UTKARSHBNK,EQ, 08-Apr-2026,11.92,12.49,12.68,12.18,12.59,12.54,12.48,7894209,984.95,10513, 4291097, 54.36
YESBANK,EQ, 08-Apr-2026,18.13,18.88,19.1,18.68,19.09,19.04,18.9,117741157,22249.42,95439, 47245261, 40.13
AUBANK,EQ, 09-Apr-2026,967.8,968.05,974.55,957.95,960.75,963.0,965.22,1608644,15526.94,42184, 729050, 45.32
AXISBANK,EQ, 09-Apr-2026,1333.0,1322.3,1338.6,1312.8,1319.5,1318.5,1322.72,6542529,86539.19,165716, 2670006, 40.81
BANDHANBNK,EQ, 09-Apr-2026,164.75,164.61,167.92,162.14,165.9,165.94,165.88,8691283,14417.33,37433, 2408112, 27.71
BANKBARODA,EQ, 09-Apr-2026,275.98,275.99,280.63,272.31,273.55,274.24,275.75,14149060,39016.69,82241, 6896820, 48.74
BANKINDIA,EQ, 09-Apr-2026,146.49,146.48,148.55,143.45,144.48,144.29,145.75,12609816,18378.87,49949, 4152828, 32.93
CANBK,EQ, 09-Apr-2026,139.19,138.51,140.55,137.06,137.9,137.91,138.83,22775497,31619.81,89622, 8289892, 36.40
CAPITALSFB,EQ, 09-Apr-2026,265.17,266.9,266.9,259.98,260.6,260.77,261.47,21491,56.19,530, 13286, 61.82
CENTRALBK,EQ, 09-Apr-2026,35.39,35.38,35.69,34.95,34.98,35.02,35.25,4538353,1599.65,12989, 1854217, 40.86
CSBBANK,EQ, 09-Apr-2026,406.15,407.0,407.0,393.35,396.0,395.55,398.85,274669,1095.51,9452, 123560, 44.99
CUB,EQ, 09-Apr-2026,255.13,256.4,259.45,250.5,251.5,252.47,254.87,2547718,6493.28,36249, 1639697, 64.36
DCBBANK,EQ, 09-Apr-2026,187.62,188.95,188.95,181.74,182.07,182.49,184.92,920901,1702.89,14304, 369937, 40.17
DHANBANK,EQ, 09-Apr-2026,25.1,25.1,26.0,24.7,25.48,25.35,25.39,1257870,319.35,3150, 601890, 47.85
EQUITASBNK,EQ, 09-Apr-2026,61.04,60.91,61.14,59.01,59.11,59.37,60.0,1694850,1016.84,13135, 614496, 36.26
ESAFSFB,EQ, 09-Apr-2026,23.99,24.23,24.39,22.86,23.27,23.23,23.6,961380,226.86,3372, 440424, 45.81
FEDERALBNK,EQ, 09-Apr-2026,284.45,284.1,286.0,281.6,283.15,283.3,283.56,4273025,12116.44,49694, 1929191, 45.15
FINOPB,EQ, 09-Apr-2026,135.94,135.9,138.49,132.16,133.59,133.54,134.8,686837,925.85,6730, 243289, 35.42
HDFCBANK,EQ, 09-Apr-2026,816.1,815.0,819.0,793.1,798.0,797.7,800.68,48879392,391367.41,532333, 21426068, 43.83
ICICIBANK,EQ, 09-Apr-2026,1309.2,1299.9,1308.0,1275.9,1283.5,1281.3,1287.04,22923062,295028.0,295814, 10338289, 45.10
IDBI,EQ, 09-Apr-2026,73.57,74.01,74.47,71.72,72.09,72.1,72.71,15598081,11341.1,35989, 5774079, 37.02
IDFCFIRSTB,EQ, 09-Apr-2026,65.87,65.86,66.25,64.95,65.24,65.28,65.5,19666295,12880.77,54027, 6600848, 33.56
INDIANB,EQ, 09-Apr-2026,956.5,957.0,972.7,939.25,941.0,941.85,953.3,1912175,18228.81,47668, 606216, 31.70
INDUSINDBK,EQ, 09-Apr-2026,835.95,831.85,834.9,812.0,813.45,814.55,820.04,2531440,20758.77,51362, 882251, 34.85
IOB,EQ, 09-Apr-2026,34.43,34.43,34.68,33.9,34.0,34.06,34.26,4449353,1524.21,14632, 1472802, 33.10
J&KBANK,EQ, 09-Apr-2026,123.39,123.56,127.3,121.1,121.52,121.57,124.04,7070969,8770.9,38450, 2419907, 34.22
JSFB,EQ, 09-Apr-2026,402.25,397.05,406.5,387.0,392.0,391.05,395.77,259864,1028.47,5364, 113635, 43.73
KARURVYSYA,EQ, 09-Apr-2026,281.3,281.3,287.3,276.25,277.7,277.65,280.52,3636836,10202.23,58953, 1647564, 45.30
KOTAKBANK,EQ, 09-Apr-2026,380.15,377.0,378.7,369.45,371.85,371.9,373.51,12422256,46398.15,116017, 7298176, 58.75
KTKBANK,EQ, 09-Apr-2026,243.51,243.51,251.0,240.0,243.9,243.69,245.79,6004567,14758.79,44657, 2880098, 47.97
MAHABANK,EQ, 09-Apr-2026,69.94,70.27,71.11,69.4,69.95,70.03,70.36,14480468,10187.89,57814, 5085140, 35.12
PNB,EQ, 09-Apr-2026,111.14,110.94,111.93,109.05,109.54,109.59,110.35,21361314,23572.12,57194, 7421984, 34.74
PSB,EQ, 09-Apr-2026,24.44,24.6,24.65,24.06,24.12,24.16,24.31,1437827,349.58,5076, 674707, 46.93
RBLBANK,EQ, 09-Apr-2026,322.85,322.0,322.15,314.85,317.35,317.7,318.37,3517302,11198.2,60027, 855303, 24.32
SBIN,EQ, 09-Apr-2026,1061.45,1060.1,1064.35,1038.3,1040.45,1040.95,1047.89,24772948,259592.69,300821, 10826945, 43.70
SOUTHBANK,EQ, 09-Apr-2026,38.33,38.33,39.15,37.9,38.18,38.16,38.5,17019364,6552.77,34280, 6035296, 35.46
SURYODAY,EQ, 09-Apr-2026,138.17,140.0,140.0,134.7,134.7,135.27,136.76,97434,133.25,1720, 55920, 57.39
TMB,EQ, 09-Apr-2026,654.65,661.4,661.4,636.95,642.7,641.65,646.33,307991,1990.65,18948, 144514, 46.92
UCOBANK,EQ, 09-Apr-2026,25.92,26.09,26.09,25.59,25.75,25.69,25.83,7221541,1865.25,18176, 2569186, 35.58
UJJIVANSFB,EQ, 09-Apr-2026,58.44,58.59,59.48,57.86,58.86,58.86,58.8,6772844,3982.4,33705, 2603612, 38.44
UNIONBANK,EQ, 09-Apr-2026,185.66,185.97,188.9,183.66,184.4,184.69,185.87,13973627,25972.09,90239, 3593102, 25.71
UTKARSHBNK,EQ, 09-Apr-2026,12.54,12.7,13.2,12.46,13.03,13.05,12.99,8709152,1131.62,11119, 4382444, 50.32
YESBANK,EQ, 09-Apr-2026,19.04,19.0,19.2,18.84,18.95,18.93,19.0,82910223,15756.66,74598, 29112681, 35.11
AUBANK,EQ, 10-Apr-2026,963.0,963.0,986.25,963.0,980.0,981.8,980.16,1870250,18331.41,66114, 874602, 46.76
AXISBANK,EQ, 10-Apr-2026,1318.5,1328.8,1358.6,1326.1,1351.1,1350.8,1349.85,6755589,91190.59,119833, 4050573, 59.96
BANDHANBNK,EQ, 10-Apr-2026,165.94,165.94,169.86,165.89,168.0,168.07,168.13,6042821,10159.69,32163, 1759772, 29.12
BANKBARODA,EQ, 10-Apr-2026,274.24,277.43,278.65,273.65,276.43,276.19,275.96,10543042,29094.26,142483, 4437128, 42.09
BANKINDIA,EQ, 10-Apr-2026,144.29,146.5,148.49,145.75,147.95,147.93,147.34,9728052,14333.02,40358, 2898537, 29.80
CANBK,EQ, 10-Apr-2026,137.91,139.83,140.62,139.04,140.16,140.15,139.95,20916386,29273.52,84997, 8902550, 42.56
CAPITALSFB,EQ, 10-Apr-2026,260.77,262.07,263.0,258.58,260.0,259.96,260.47,16266,42.37,425, 9692, 59.58
CENTRALBK,EQ, 10-Apr-2026,35.02,35.05,35.82,35.05,35.64,35.61,35.56,5089726,1809.84,14620, 2257405, 44.35
CSBBANK,EQ, 10-Apr-2026,395.55,399.0,408.45,397.1,402.9,404.9,401.97,268033,1077.41,9487, 116591, 43.50
CUB,EQ, 10-Apr-2026,252.47,253.44,258.03,253.44,257.69,257.14,256.4,2418067,6199.89,33443, 1667291, 68.95
DCBBANK,EQ, 10-Apr-2026,182.49,183.99,189.24,183.0,188.0,188.51,187.03,1824327,3411.97,23142, 955722, 52.39
DHANBANK,EQ, 10-Apr-2026,25.35,25.32,26.7,25.32,26.1,26.36,25.98,1065632,276.81,3233, 568405, 53.34
EQUITASBNK,EQ, 10-Apr-2026,59.37,59.67,62.35,59.67,61.3,61.79,61.75,2311842,1427.66,15618, 1147112, 49.62
ESAFSFB,EQ, 10-Apr-2026,23.23,23.49,23.73,23.0,23.4,23.27,23.25,1009426,234.72,6182, 598162, 59.26
FEDERALBNK,EQ, 10-Apr-2026,283.3,284.0,292.75,284.0,292.6,291.7,289.37,8640231,25002.42,118336, 4254966, 49.25
FINOPB,EQ, 10-Apr-2026,133.54,133.54,137.01,133.54,135.75,135.24,135.23,471709,637.91,5517, 161103, 34.15
HDFCBANK,EQ, 10-Apr-2026,797.7,804.0,812.25,801.0,810.1,810.3,809.15,38156026,308739.43,384976, 20635660, 54.08
ICICIBANK,EQ, 10-Apr-2026,1281.3,1289.0,1324.0,1288.5,1322.8,1321.9,1317.23,18174755,239403.99,265455, 10695254, 58.85
IDBI,EQ, 10-Apr-2026,72.1,72.61,74.7,72.58,74.17,74.01,73.85,16681026,12319.68,37356, 4775117, 28.63
IDFCFIRSTB,EQ, 10-Apr-2026,65.28,65.14,66.52,65.14,66.3,66.21,66.05,20096635,13273.72,65872, 6582291, 32.75
INDIANB,EQ, 10-Apr-2026,941.85,950.0,972.0,947.0,970.0,967.75,959.34,2024925,19426.01,67474, 913516, 45.11
INDUSINDBK,EQ, 10-Apr-2026,814.55,818.5,835.45,817.8,830.0,830.9,828.89,1509168,12509.28,32763, 468587, 31.05
IOB,EQ, 10-Apr-2026,34.06,34.3,34.86,34.23,34.67,34.7,34.66,4048992,1403.22,12823, 1741193, 43.00
J&KBANK,EQ, 10-Apr-2026,121.57,123.0,124.64,122.0,123.11,123.22,123.27,3126707,3854.29,18572, 1289903, 41.25
JSFB,EQ, 10-Apr-2026,391.05,399.7,399.7,378.4,388.0,384.6,389.13,276329,1075.27,6407, 92430, 33.45
KARURVYSYA,EQ, 10-Apr-2026,277.65,279.8,286.75,278.75,282.7,281.7,282.65,3492985,9872.97,54107, 1537063, 44.00
KOTAKBANK,EQ, 10-Apr-2026,371.9,373.5,379.15,372.35,375.0,374.55,375.96,23751660,89297.55,186514, 15780734, 66.44
KTKBANK,EQ, 10-Apr-2026,243.69,244.8,246.55,240.25,241.5,242.97,243.99,2452720,5984.27,23216, 1063031, 43.34
MAHABANK,EQ, 10-Apr-2026,70.03,70.5,71.45,69.23,70.5,70.59,70.33,17294214,12163.87,51878, 5899416, 34.11
PNB,EQ, 10-Apr-2026,109.59,110.28,112.3,110.28,111.72,111.8,111.49,17478112,19487.03,52510, 8393121, 48.02
PSB,EQ, 10-Apr-2026,24.16,24.23,24.83,24.23,24.65,24.59,24.59,1473994,362.49,4436, 612529, 41.56
RBLBANK,EQ, 10-Apr-2026,317.7,319.0,326.8,318.7,321.0,322.15,323.77,5058997,16379.33,59953, 2037534, 40.28
SBIN,EQ, 10-Apr-2026,1040.95,1049.0,1069.45,1046.15,1066.0,1066.7,1060.04,17861336,189337.89,250442, 9154450, 51.25
SOUTHBANK,EQ, 10-Apr-2026,38.16,38.37,38.9,38.32,38.78,38.76,38.71,10665034,4128.47,20842, 4072912, 38.19
SURYODAY,EQ, 10-Apr-2026,135.27,135.27,138.0,132.96,134.58,133.77,134.66,184544,248.51,3747, 97178, 52.66
TMB,EQ, 10-Apr-2026,641.65,651.15,659.7,647.3,655.3,652.75,653.69,192841,1260.58,9934, 88430, 45.86
UCOBANK,EQ, 10-Apr-2026,25.69,25.96,26.39,25.9,26.25,26.25,26.21,6260571,1640.89,15914, 2645671, 42.26
UJJIVANSFB,EQ, 10-Apr-2026,58.86,59.0,60.58,58.95,60.28,60.3,59.84,10388840,6216.86,43186, 5098085, 49.07
UNIONBANK,EQ, 10-Apr-2026,184.69,187.9,189.97,186.56,189.1,189.03,188.55,12959457,24434.59,67158, 4898146, 37.80
UTKARSHBNK,EQ, 10-Apr-2026,13.05,13.4,13.6,13.11,13.58,13.5,13.48,8709261,1173.86,11132, 4933140, 56.64
YESBANK,EQ, 10-Apr-2026,18.93,19.0,19.2,19.0,19.11,19.08,19.1,82318770,15719.51,68944, 40623969, 49.35
AUBANK,EQ, 10-Apr-2026,963.0,963.0,986.25,963.0,980.0,981.8,980.16,1870250,18331.41,66114, 874602, 46.76
AXISBANK,EQ, 10-Apr-2026,1318.5,1328.8,1358.6,1326.1,1351.1,1350.8,1349.85,6755589,91190.59,119833, 4050573, 59.96
BANDHANBNK,EQ, 10-Apr-2026,165.94,165.94,169.86,165.89,168.0,168.07,168.13,6042821,10159.69,32163, 1759772, 29.12
BANKBARODA,EQ, 10-Apr-2026,274.24,277.43,278.65,273.65,276.43,276.19,275.96,10543042,29094.26,142483, 4437128, 42.09
BANKINDIA,EQ, 10-Apr-2026,144.29,146.5,148.49,145.75,147.95,147.93,147.34,9728052,14333.02,40358, 2898537, 29.80
CANBK,EQ, 10-Apr-2026,137.91,139.83,140.62,139.04,140.16,140.15,139.95,20916386,29273.52,84997, 8902550, 42.56
CAPITALSFB,EQ, 10-Apr-2026,260.77,262.07,263.0,258.58,260.0,259.96,260.47,16266,42.37,425, 9692, 59.58
CENTRALBK,EQ, 10-Apr-2026,35.02,35.05,35.82,35.05,35.64,35.61,35.56,5089726,1809.84,14620, 2257405, 44.35
CSBBANK,EQ, 10-Apr-2026,395.55,399.0,408.45,397.1,402.9,404.9,401.97,268033,1077.41,9487, 116591, 43.50
CUB,EQ, 10-Apr-2026,252.47,253.44,258.03,253.44,257.69,257.14,256.4,2418067,6199.89,33443, 1667291, 68.95
DCBBANK,EQ, 10-Apr-2026,182.49,183.99,189.24,183.0,188.0,188.51,187.03,1824327,3411.97,23142, 955722, 52.39
DHANBANK,EQ, 10-Apr-2026,25.35,25.32,26.7,25.32,26.1,26.36,25.98,1065632,276.81,3233, 568405, 53.34
EQUITASBNK,EQ, 10-Apr-2026,59.37,59.67,62.35,59.67,61.3,61.79,61.75,2311842,1427.66,15618, 1147112, 49.62
ESAFSFB,EQ, 10-Apr-2026,23.23,23.49,23.73,23.0,23.4,23.27,23.25,1009426,234.72,6182, 598162, 59.26
FEDERALBNK,EQ, 10-Apr-2026,283.3,284.0,292.75,284.0,292.6,291.7,289.37,8640231,25002.42,118336, 4254966, 49.25
FINOPB,EQ, 10-Apr-2026,133.54,133.54,137.01,133.54,135.75,135.24,135.23,471709,637.91,5517, 161103, 34.15
HDFCBANK,EQ, 10-Apr-2026,797.7,804.0,812.25,801.0,810.1,810.3,809.15,38156026,308739.43,384976, 20635660, 54.08
ICICIBANK,EQ, 10-Apr-2026,1281.3,1289.0,1324.0,1288.5,1322.8,1321.9,1317.23,18174755,239403.99,265455, 10695254, 58.85
IDBI,EQ, 10-Apr-2026,72.1,72.61,74.7,72.58,74.17,74.01,73.85,16681026,12319.68,37356, 4775117, 28.63
IDFCFIRSTB,EQ, 10-Apr-2026,65.28,65.14,66.52,65.14,66.3,66.21,66.05,20096635,13273.72,65872, 6582291, 32.75
INDIANB,EQ, 10-Apr-2026,941.85,950.0,972.0,947.0,970.0,967.75,959.34,2024925,19426.01,67474, 913516, 45.11
INDUSINDBK,EQ, 10-Apr-2026,814.55,818.5,835.45,817.8,830.0,830.9,828.89,1509168,12509.28,32763, 468587, 31.05
IOB,EQ, 10-Apr-2026,34.06,34.3,34.86,34.23,34.67,34.7,34.66,4048992,1403.22,12823, 1741193, 43.00
J&KBANK,EQ, 10-Apr-2026,121.57,123.0,124.64,122.0,123.11,123.22,123.27,3126707,3854.29,18572, 1289903, 41.25
JSFB,EQ, 10-Apr-2026,391.05,399.7,399.7,378.4,388.0,384.6,389.13,276329,1075.27,6407, 92430, 33.45
KARURVYSYA,EQ, 10-Apr-2026,277.65,279.8,286.75,278.75,282.7,281.7,282.65,3492985,9872.97,54107, 1537063, 44.00
KOTAKBANK,EQ, 10-Apr-2026,371.9,373.5,379.15,372.35,375.0,374.55,375.96,23751660,89297.55,186514, 15780734, 66.44
KTKBANK,EQ, 10-Apr-2026,243.69,244.8,246.55,240.25,241.5,242.97,243.99,2452720,5984.27,23216, 1063031, 43.34
MAHABANK,EQ, 10-Apr-2026,70.03,70.5,71.45,69.23,70.5,70.59,70.33,17294214,12163.87,51878, 5899416, 34.11
PNB,EQ, 10-Apr-2026,109.59,110.28,112.3,110.28,111.72,111.8,111.49,17478112,19487.03,52510, 8393121, 48.02
PSB,EQ, 10-Apr-2026,24.16,24.23,24.83,24.23,24.65,24.59,24.59,1473994,362.49,4436, 612529, 41.56
RBLBANK,EQ, 10-Apr-2026,317.7,319.0,326.8,318.7,321.0,322.15,323.77,5058997,16379.33,59953, 2037534, 40.28
SBIN,EQ, 10-Apr-2026,1040.95,1049.0,1069.45,1046.15,1066.0,1066.7,1060.04,17861336,189337.89,250442, 9154450, 51.25
SOUTHBANK,EQ, 10-Apr-2026,38.16,38.37,38.9,38.32,38.78,38.76,38.71,10665034,4128.47,20842, 4072912, 38.19
SURYODAY,EQ, 10-Apr-2026,135.27,135.27,138.0,132.96,134.58,133.77,134.66,184544,248.51,3747, 97178, 52.66
TMB,EQ, 10-Apr-2026,641.65,651.15,659.7,647.3,655.3,652.75,653.69,192841,1260.58,9934, 88430, 45.86
UCOBANK,EQ, 10-Apr-2026,25.69,25.96,26.39,25.9,26.25,26.25,26.21,6260571,1640.89,15914, 2645671, 42.26
UJJIVANSFB,EQ, 10-Apr-2026,58.86,59.0,60.58,58.95,60.28,60.3,59.84,10388840,6216.86,43186, 5098085, 49.07
UNIONBANK,EQ, 10-Apr-2026,184.69,187.9,189.97,186.56,189.1,189.03,188.55,12959457,24434.59,67158, 4898146, 37.80
UTKARSHBNK,EQ, 10-Apr-2026,13.05,13.4,13.6,13.11,13.58,13.5,13.48,8709261,1173.86,11132, 4933140, 56.64
YESBANK,EQ, 10-Apr-2026,18.93,19.0,19.2,19.0,19.11,19.08,19.1,82318770,15719.51,68944, 40623969, 49.35
AUBANK,EQ, 13-Apr-2026,981.8,962.0,981.95,948.1,978.0,979.05,972.88,1376942,13396.04,38818, 620999, 45.10
AXISBANK,EQ, 13-Apr-2026,1350.8,1318.0,1366.9,1315.3,1352.8,1353.6,1346.17,8974851,120817.03,153889, 5033668, 56.09
BANDHANBNK,EQ, 13-Apr-2026,168.07,164.0,167.45,161.36,166.25,166.73,165.8,5562399,9222.5,32642, 1987367, 35.73
BANKBARODA,EQ, 13-Apr-2026,276.19,269.97,276.36,266.7,275.73,275.72,272.42,12303610,33517.89,61240, 5700349, 46.33
BANKINDIA,EQ, 13-Apr-2026,147.93,142.95,145.35,141.05,145.35,144.97,143.13,11779572,16859.97,45191, 2196534, 18.65
CANBK,EQ, 13-Apr-2026,140.15,135.0,139.34,134.6,139.0,138.77,137.45,20752320,28525.1,70639, 6950897, 33.49
CAPITALSFB,EQ, 13-Apr-2026,259.96,255.01,259.66,252.93,256.0,257.14,256.69,6943,17.82,322, 3115, 44.87
CENTRALBK,EQ, 13-Apr-2026,35.61,34.8,35.33,34.34,35.27,35.15,34.97,4969390,1737.55,14925, 1859686, 37.42
CSBBANK,EQ, 13-Apr-2026,404.9,395.1,408.1,387.35,405.0,405.45,400.91,470812,1887.54,10586, 216242, 45.93
CUB,EQ, 13-Apr-2026,257.14,255.0,255.0,248.31,249.59,249.46,250.79,1626697,4079.6,39511, 911168, 56.01
DCBBANK,EQ, 13-Apr-2026,188.51,184.0,188.6,180.48,184.7,184.95,184.82,1480783,2736.77,13919, 752431, 50.81
DHANBANK,EQ, 13-Apr-2026,26.36,26.1,27.19,25.04,26.39,26.46,26.25,1390108,364.89,4781, 582482, 41.90
EQUITASBNK,EQ, 13-Apr-2026,61.79,60.0,63.55,59.2,62.86,62.78,62.27,2621850,1632.7,15994, 1147675, 43.77
ESAFSFB,EQ, 13-Apr-2026,23.27,23.1,23.84,22.5,23.56,23.67,23.5,686538,161.32,1856, 349634, 50.93
FEDERALBNK,EQ, 13-Apr-2026,291.7,284.7,290.35,283.5,287.85,288.2,287.83,7132285,20528.62,55418, 3226264, 45.23
FINOPB,EQ, 13-Apr-2026,135.24,134.0,134.0,129.1,132.0,132.81,131.9,491614,648.45,5609, 142745, 29.04
HDFCBANK,EQ, 13-Apr-2026,810.3,791.5,798.5,787.35,793.0,794.7,792.47,47549328,376815.7,428978, 18934176, 39.82
ICICIBANK,EQ, 13-Apr-2026,1321.9,1304.9,1357.0,1296.7,1347.0,1351.1,1336.01,30572141,408446.87,391182, 18870489, 61.72
IDBI,EQ, 13-Apr-2026,74.01,72.0,74.32,70.9,73.75,73.82,73.05,13370018,9766.78,31155, 3757891, 28.11
IDFCFIRSTB,EQ, 13-Apr-2026,66.21,64.49,65.15,63.24,65.02,64.86,64.47,19477821,12557.46,80887, 6290957, 32.30
INDIANB,EQ, 13-Apr-2026,967.75,945.0,970.9,930.2,967.0,966.5,955.82,1531586,14639.26,42066, 456205, 29.79
INDUSINDBK,EQ, 13-Apr-2026,830.9,807.1,822.2,800.7,821.9,818.9,814.19,1555260,12662.74,38290, 420480, 27.04
IOB,EQ, 13-Apr-2026,34.7,34.0,34.63,33.4,34.6,34.49,34.22,4533163,1551.27,14598, 1550096, 34.19
J&KBANK,EQ, 13-Apr-2026,123.22,120.0,124.39,117.62,122.2,123.88,122.28,4252428,5199.68,24730, 1532902, 36.05
JSFB,EQ, 13-Apr-2026,384.6,382.0,389.0,371.0,387.7,384.25,378.78,145525,551.21,4318, 62878, 43.21
KARURVYSYA,EQ, 13-Apr-2026,281.7,276.5,283.45,273.1,280.9,280.5,279.13,2626262,7330.78,37738, 983532, 37.45
KOTAKBANK,EQ, 13-Apr-2026,374.55,367.95,373.0,365.6,372.85,371.9,368.97,30027087,110789.47,161872, 19248450, 64.10
KTKBANK,EQ, 13-Apr-2026,242.97,238.0,243.57,234.41,240.01,240.94,240.11,1770434,4250.96,17664, 661128, 37.34
MAHABANK,EQ, 13-Apr-2026,70.59,68.55,70.5,67.82,70.2,70.14,69.49,18486325,12846.22,48310, 6894583, 37.30
PNB,EQ, 13-Apr-2026,111.8,109.0,111.06,107.82,110.88,110.73,109.62,18313227,20074.19,74576, 5058347, 27.62
PSB,EQ, 13-Apr-2026,24.59,24.1,24.49,23.67,24.3,24.26,24.18,1797750,434.71,6329, 645766, 35.92
RBLBANK,EQ, 13-Apr-2026,322.15,316.2,318.1,311.35,316.05,316.1,315.97,2261240,7144.89,28627, 732227, 32.38
SBIN,EQ, 13-Apr-2026,1066.7,1042.0,1067.25,1030.0,1062.0,1063.55,1052.98,17763348,187045.0,243852, 7009975, 39.46
SOUTHBANK,EQ, 13-Apr-2026,38.76,37.67,38.58,37.19,38.39,38.34,38.07,13720891,5223.75,30215, 4302628, 31.36
SURYODAY,EQ, 13-Apr-2026,133.77,133.5,135.44,129.1,132.51,134.02,133.6,151390,202.25,2155, 74945, 49.50
TMB,EQ, 13-Apr-2026,652.75,637.0,669.95,637.0,659.4,657.25,658.35,234316,1542.62,9320, 90412, 38.59
UCOBANK,EQ, 13-Apr-2026,26.25,25.78,26.06,25.22,25.93,25.91,25.75,7289429,1876.85,18293, 2025113, 27.78
UJJIVANSFB,EQ, 13-Apr-2026,60.3,58.98,60.69,58.22,60.1,60.3,59.89,10323021,6182.11,35193, 4564747, 44.22
UNIONBANK,EQ, 13-Apr-2026,189.03,181.5,185.27,178.81,185.27,184.68,182.54,18738060,34205.32,79544, 3723826, 19.87
UTKARSHBNK,EQ, 13-Apr-2026,13.5,13.01,13.65,12.9,13.35,13.34,13.29,6923260,920.39,10695, 2667316, 38.53
YESBANK,EQ, 13-Apr-2026,19.08,18.7,18.98,18.45,18.9,18.88,18.78,69070156,12970.88,79269, 21612919, 31.29
AUBANK,EQ, 13-Apr-2026,981.8,962.0,981.95,948.1,978.0,979.05,972.88,1376942,13396.04,38818, 620999, 45.10
AXISBANK,EQ, 13-Apr-2026,1350.8,1318.0,1366.9,1315.3,1352.8,1353.6,1346.17,8974851,120817.03,153889, 5033668, 56.09
BANDHANBNK,EQ, 13-Apr-2026,168.07,164.0,167.45,161.36,166.25,166.73,165.8,5562399,9222.5,32642, 1987367, 35.73
BANKBARODA,EQ, 13-Apr-2026,276.19,269.97,276.36,266.7,275.73,275.72,272.42,12303610,33517.89,61240, 5700349, 46.33
BANKINDIA,EQ, 13-Apr-2026,147.93,142.95,145.35,141.05,145.35,144.97,143.13,11779572,16859.97,45191, 2196534, 18.65
CANBK,EQ, 13-Apr-2026,140.15,135.0,139.34,134.6,139.0,138.77,137.45,20752320,28525.1,70639, 6950897, 33.49
CAPITALSFB,EQ, 13-Apr-2026,259.96,255.01,259.66,252.93,256.0,257.14,256.69,6943,17.82,322, 3115, 44.87
CENTRALBK,EQ, 13-Apr-2026,35.61,34.8,35.33,34.34,35.27,35.15,34.97,4969390,1737.55,14925, 1859686, 37.42
CSBBANK,EQ, 13-Apr-2026,404.9,395.1,408.1,387.35,405.0,405.45,400.91,470812,1887.54,10586, 216242, 45.93
CUB,EQ, 13-Apr-2026,257.14,255.0,255.0,248.31,249.59,249.46,250.79,1626697,4079.6,39511, 911168, 56.01
DCBBANK,EQ, 13-Apr-2026,188.51,184.0,188.6,180.48,184.7,184.95,184.82,1480783,2736.77,13919, 752431, 50.81
DHANBANK,EQ, 13-Apr-2026,26.36,26.1,27.19,25.04,26.39,26.46,26.25,1390108,364.89,4781, 582482, 41.90
EQUITASBNK,EQ, 13-Apr-2026,61.79,60.0,63.55,59.2,62.86,62.78,62.27,2621850,1632.7,15994, 1147675, 43.77
ESAFSFB,EQ, 13-Apr-2026,23.27,23.1,23.84,22.5,23.56,23.67,23.5,686538,161.32,1856, 349634, 50.93
FEDERALBNK,EQ, 13-Apr-2026,291.7,284.7,290.35,283.5,287.85,288.2,287.83,7132285,20528.62,55418, 3226264, 45.23
FINOPB,EQ, 13-Apr-2026,135.24,134.0,134.0,129.1,132.0,132.81,131.9,491614,648.45,5609, 142745, 29.04
HDFCBANK,EQ, 13-Apr-2026,810.3,791.5,798.5,787.35,793.0,794.7,792.47,47549328,376815.7,428978, 18934176, 39.82
ICICIBANK,EQ, 13-Apr-2026,1321.9,1304.9,1357.0,1296.7,1347.0,1351.1,1336.01,30572141,408446.87,391182, 18870489, 61.72
IDBI,EQ, 13-Apr-2026,74.01,72.0,74.32,70.9,73.75,73.82,73.05,13370018,9766.78,31155, 3757891, 28.11
IDFCFIRSTB,EQ, 13-Apr-2026,66.21,64.49,65.15,63.24,65.02,64.86,64.47,19477821,12557.46,80887, 6290957, 32.30
INDIANB,EQ, 13-Apr-2026,967.75,945.0,970.9,930.2,967.0,966.5,955.82,1531586,14639.26,42066, 456205, 29.79
INDUSINDBK,EQ, 13-Apr-2026,830.9,807.1,822.2,800.7,821.9,818.9,814.19,1555260,12662.74,38290, 420480, 27.04
IOB,EQ, 13-Apr-2026,34.7,34.0,34.63,33.4,34.6,34.49,34.22,4533163,1551.27,14598, 1550096, 34.19
J&KBANK,EQ, 13-Apr-2026,123.22,120.0,124.39,117.62,122.2,123.88,122.28,4252428,5199.68,24730, 1532902, 36.05
JSFB,EQ, 13-Apr-2026,384.6,382.0,389.0,371.0,387.7,384.25,378.78,145525,551.21,4318, 62878, 43.21
KARURVYSYA,EQ, 13-Apr-2026,281.7,276.5,283.45,273.1,280.9,280.5,279.13,2626262,7330.78,37738, 983532, 37.45
KOTAKBANK,EQ, 13-Apr-2026,374.55,367.95,373.0,365.6,372.85,371.9,368.97,30027087,110789.47,161872, 19248450, 64.10
KTKBANK,EQ, 13-Apr-2026,242.97,238.0,243.57,234.41,240.01,240.94,240.11,1770434,4250.96,17664, 661128, 37.34
MAHABANK,EQ, 13-Apr-2026,70.59,68.55,70.5,67.82,70.2,70.14,69.49,18486325,12846.22,48310, 6894583, 37.30
PNB,EQ, 13-Apr-2026,111.8,109.0,111.06,107.82,110.88,110.73,109.62,18313227,20074.19,74576, 5058347, 27.62
PSB,EQ, 13-Apr-2026,24.59,24.1,24.49,23.67,24.3,24.26,24.18,1797750,434.71,6329, 645766, 35.92
RBLBANK,EQ, 13-Apr-2026,322.15,316.2,318.1,311.35,316.05,316.1,315.97,2261240,7144.89,28627, 732227, 32.38
SBIN,EQ, 13-Apr-2026,1066.7,1042.0,1067.25,1030.0,1062.0,1063.55,1052.98,17763348,187045.0,243852, 7009975, 39.46
SOUTHBANK,EQ, 13-Apr-2026,38.76,37.67,38.58,37.19,38.39,38.34,38.07,13720891,5223.75,30215, 4302628, 31.36
SURYODAY,EQ, 13-Apr-2026,133.77,133.5,135.44,129.1,132.51,134.02,133.6,151390,202.25,2155, 74945, 49.50
TMB,EQ, 13-Apr-2026,652.75,637.0,669.95,637.0,659.4,657.25,658.35,234316,1542.62,9320, 90412, 38.59
UCOBANK,EQ, 13-Apr-2026,26.25,25.78,26.06,25.22,25.93,25.91,25.75,7289429,1876.85,18293, 2025113, 27.78
UJJIVANSFB,EQ, 13-Apr-2026,60.3,58.98,60.69,58.22,60.1,60.3,59.89,10323021,6182.11,35193, 4564747, 44.22
UNIONBANK,EQ, 13-Apr-2026,189.03,181.5,185.27,178.81,185.27,184.68,182.54,18738060,34205.32,79544, 3723826, 19.87
UTKARSHBNK,EQ, 13-Apr-2026,13.5,13.01,13.65,12.9,13.35,13.34,13.29,6923260,920.39,10695, 2667316, 38.53
YESBANK,EQ, 13-Apr-2026,19.08,18.7,18.98,18.45,18.9,18.88,18.78,69070156,12970.88,79269, 21612919, 31.29
AUBANK,EQ, 15-Apr-2026,979.05,994.0,1001.05,979.25,983.0,981.1,987.52,1594449,15745.56,63908, 827024, 51.87
AXISBANK,EQ, 15-Apr-2026,1353.6,1367.0,1384.5,1349.0,1351.5,1355.5,1359.66,6789879,92319.24,193748, 4342787, 63.96
BANDHANBNK,EQ, 15-Apr-2026,166.73,169.1,176.32,169.02,173.29,173.77,173.26,11535345,19985.93,53402, 4293320, 37.22
BANKBARODA,EQ, 15-Apr-2026,275.72,279.78,283.0,276.96,278.6,279.07,279.57,13447615,37595.45,98537, 6224908, 46.29
BANKINDIA,EQ, 15-Apr-2026,144.97,147.71,149.93,147.15,147.51,147.7,148.12,9048315,13402.77,43263, 4512651, 49.87
CANBK,EQ, 15-Apr-2026,138.77,141.7,143.67,140.55,141.43,141.71,141.9,24167224,34294.38,92869, 11041634, 45.69
CAPITALSFB,EQ, 15-Apr-2026,257.14,261.0,264.7,257.4,262.95,262.89,261.24,35625,93.07,744, 22210, 62.34
CENTRALBK,EQ, 15-Apr-2026,35.15,36.0,36.09,35.63,35.69,35.73,35.79,3891627,1392.86,11532, 1751624, 45.01
CSBBANK,EQ, 15-Apr-2026,405.45,410.5,415.5,405.45,410.4,412.25,412.47,433414,1787.68,11504, 214180, 49.42
CUB,EQ, 15-Apr-2026,249.46,249.46,253.78,247.01,251.4,252.05,251.84,2927424,7372.43,60307, 1825283, 62.35
DCBBANK,EQ, 15-Apr-2026,184.95,187.8,190.0,186.62,188.0,188.65,188.44,1485154,2798.58,22355, 801526, 53.97
DHANBANK,EQ, 15-Apr-2026,26.46,27.0,27.13,26.55,26.55,26.63,26.7,449094,119.9,1708, 255231, 56.83
EQUITASBNK,EQ, 15-Apr-2026,62.78,62.92,65.7,62.92,65.15,65.12,64.57,2370829,1530.96,12234, 1038118, 43.79
ESAFSFB,EQ, 15-Apr-2026,23.67,24.0,24.22,23.88,24.0,23.99,24.03,642623,154.45,7312, 497708, 77.45
FEDERALBNK,EQ, 15-Apr-2026,288.2,294.6,294.9,286.0,286.4,286.85,289.09,7778158,22485.83,68613, 4306780, 55.37
FINOPB,EQ, 15-Apr-2026,132.81,136.0,136.95,133.99,134.65,134.81,135.59,362168,491.05,4568, 118404, 32.69
HDFCBANK,EQ, 15-Apr-2026,794.7,804.95,814.8,804.0,810.0,809.9,809.73,39769515,322025.17,468104, 18963852, 47.68
ICICIBANK,EQ, 15-Apr-2026,1351.1,1358.0,1364.8,1338.0,1347.0,1348.1,1348.45,23827473,321301.12,367877, 13238363, 55.56
IDBI,EQ, 15-Apr-2026,73.82,75.15,75.75,74.15,74.3,74.39,74.67,9252841,6909.45,24949, 4761714, 51.46
IDFCFIRSTB,EQ, 15-Apr-2026,64.86,66.02,67.24,66.02,66.85,66.91,66.91,18463399,12353.32,69815, 8645724, 46.83
INDIANB,EQ, 15-Apr-2026,966.5,978.0,1000.9,941.4,943.0,946.0,961.35,3464905,33309.88,85989, 1378191, 39.78
INDUSINDBK,EQ, 15-Apr-2026,818.9,832.0,850.0,828.15,839.1,840.1,838.47,3272348,27437.77,53208, 1624917, 49.66
IOB,EQ, 15-Apr-2026,34.49,35.3,35.55,34.9,35.1,35.08,35.14,5083803,1786.69,12412, 2256923, 44.39
J&KBANK,EQ, 15-Apr-2026,123.88,125.39,129.7,124.35,127.3,127.16,127.25,8282582,10539.61,48021, 3595857, 43.41
JSFB,EQ, 15-Apr-2026,384.25,390.0,413.9,387.7,402.0,405.4,397.65,658173,2617.24,7062, 362411, 55.06
KARURVYSYA,EQ, 15-Apr-2026,280.5,286.9,287.9,279.15,279.5,279.85,281.55,3592527,10114.6,39579, 2311949, 64.35
KOTAKBANK,EQ, 15-Apr-2026,371.9,375.5,383.0,375.5,382.35,382.4,380.18,19100372,72616.17,139952, 12708757, 66.54
KTKBANK,EQ, 15-Apr-2026,240.94,245.0,247.8,241.4,242.63,242.52,245.23,3658477,8971.53,25872, 1837905, 50.24
MAHABANK,EQ, 15-Apr-2026,70.14,71.42,72.24,70.85,71.45,71.39,71.44,12896288,9213.13,40543, 5546389, 43.01
PNB,EQ, 15-Apr-2026,110.73,113.25,114.05,112.5,113.0,113.08,113.21,14100783,15963.24,45490, 5996114, 42.52
PSB,EQ, 15-Apr-2026,24.26,24.86,24.99,24.66,24.85,24.87,24.83,1629476,404.6,3981, 829447, 50.90
RBLBANK,EQ, 15-Apr-2026,316.1,320.8,324.4,317.0,318.15,319.7,319.84,4206445,13453.86,51465, 1841009, 43.77
SBIN,EQ, 15-Apr-2026,1063.55,1076.0,1088.0,1068.2,1070.9,1071.5,1074.29,16195810,173990.74,252841, 7707583, 47.59
SOUTHBANK,EQ, 15-Apr-2026,38.34,39.0,39.32,38.6,38.74,38.71,38.84,11964709,4646.83,23123, 6378591, 53.31
SURYODAY,EQ, 15-Apr-2026,134.02,137.4,139.93,136.1,139.0,139.26,138.24,325527,450.01,3682, 186091, 57.17
TMB,EQ, 15-Apr-2026,657.25,669.0,682.65,657.5,680.0,679.55,671.13,328325,2203.49,15183, 153699, 46.81
UCOBANK,EQ, 15-Apr-2026,25.91,26.46,26.67,26.3,26.39,26.45,26.47,6614545,1750.94,14630, 2920273, 44.15
UJJIVANSFB,EQ, 15-Apr-2026,60.3,58.2,59.97,56.58,58.39,58.5,58.1,70810091,41138.59,156360, 31103435, 43.93
UNIONBANK,EQ, 15-Apr-2026,184.68,189.0,191.46,185.76,188.1,188.71,188.51,12244209,23082.07,70950, 4404622, 35.97
UTKARSHBNK,EQ, 15-Apr-2026,13.34,13.7,13.8,13.41,13.45,13.46,13.51,6714941,907.0,22726, 3883920, 57.84
YESBANK,EQ, 15-Apr-2026,18.88,19.2,19.43,19.15,19.37,19.36,19.34,67248757,13008.51,75221, 32638906, 48.53
AUBANK,EQ, 16-Apr-2026,981.1,996.8,996.8,976.25,985.0,983.95,983.72,2610962,25684.59,82910, 1676467, 64.21
AXISBANK,EQ, 16-Apr-2026,1355.5,1362.0,1364.5,1343.0,1350.0,1349.6,1351.65,5232398,70723.93,171139, 1978188, 37.81
BANDHANBNK,EQ, 16-Apr-2026,173.77,175.3,177.09,172.42,173.5,174.18,174.86,9311571,16282.29,51355, 3637538, 39.06
BANKBARODA,EQ, 16-Apr-2026,279.07,280.4,281.95,277.04,279.1,279.39,279.21,7908505,22081.26,55843, 3748768, 47.40
BANKINDIA,EQ, 16-Apr-2026,147.7,148.65,151.0,147.84,148.81,148.86,149.56,9550976,14284.52,41032, 3281284, 34.36
CANBK,EQ, 16-Apr-2026,141.71,141.8,143.22,139.81,141.08,141.03,141.37,25681786,36306.32,90077, 12747040, 49.63
CAPITALSFB,EQ, 16-Apr-2026,262.89,266.88,269.09,258.35,262.0,261.3,262.39,35331,92.71,602, 23719, 67.13
CENTRALBK,EQ, 16-Apr-2026,35.73,35.99,36.25,35.62,35.84,35.83,35.89,5059453,1815.67,12891, 1868152, 36.92
CSBBANK,EQ, 16-Apr-2026,412.25,413.15,417.2,397.2,404.2,402.7,403.49,525370,2119.8,14724, 258551, 49.21
CUB,EQ, 16-Apr-2026,252.05,253.0,254.54,247.41,250.3,249.82,249.99,2692194,6730.13,50628, 1730565, 64.28
DCBBANK,EQ, 16-Apr-2026,188.65,190.4,190.79,184.33,189.0,188.02,187.54,1604354,3008.83,22061, 796499, 49.65
DHANBANK,EQ, 16-Apr-2026,26.63,26.84,27.0,25.93,26.67,26.65,26.54,824520,218.85,2745, 387750, 47.03
EQUITASBNK,EQ, 16-Apr-2026,65.12,65.65,65.65,64.61,65.0,64.99,65.01,1318584,857.17,9031, 600042, 45.51
ESAFSFB,EQ, 16-Apr-2026,23.99,24.09,24.38,23.88,23.92,23.96,24.0,483616,116.08,3633, 341919, 70.70
FEDERALBNK,EQ, 16-Apr-2026,286.85,289.5,289.8,281.6,283.85,284.4,284.56,10948325,31154.37,82996, 6320691, 57.73
FINOPB,EQ, 16-Apr-2026,134.81,139.48,140.91,134.65,139.8,139.5,137.64,745790,1026.47,6940, 231037, 30.98
HDFCBANK,EQ, 16-Apr-2026,809.9,818.0,820.05,792.2,794.0,795.45,802.59,62861293,504520.84,512745, 26540350, 42.22
ICICIBANK,EQ, 16-Apr-2026,1348.1,1352.0,1366.9,1340.2,1343.9,1345.5,1351.63,24017236,324624.02,369800, 7248933, 30.18
IDBI,EQ, 16-Apr-2026,74.39,74.9,75.47,73.63,74.4,74.34,74.36,11212539,8337.31,28195, 4139893, 36.92
IDFCFIRSTB,EQ, 16-Apr-2026,66.91,67.27,68.44,67.11,67.8,67.82,67.85,35142366,23844.79,90991, 16765136, 47.71
INDIANB,EQ, 16-Apr-2026,946.0,950.05,955.0,930.05,938.0,940.05,940.81,2516529,23675.67,62854, 1024396, 40.71
INDUSINDBK,EQ, 16-Apr-2026,840.1,845.5,857.25,840.9,846.0,847.9,847.21,3785293,32069.3,54150, 1534583, 40.54
IOB,EQ, 16-Apr-2026,35.08,35.45,35.48,34.85,35.02,34.93,35.1,3683496,1292.86,11581, 1418062, 38.50
J&KBANK,EQ, 16-Apr-2026,127.16,128.7,133.0,127.08,132.4,132.37,130.05,7825564,10176.8,41338, 3394468, 43.38
JSFB,EQ, 16-Apr-2026,405.4,405.4,408.0,392.55,396.0,395.6,399.58,165466,661.16,3666, 93553, 56.54
KARURVYSYA,EQ, 16-Apr-2026,279.85,281.0,285.7,277.35,280.5,280.85,281.42,2962356,8336.59,51573, 1538807, 51.95
KOTAKBANK,EQ, 16-Apr-2026,382.4,383.15,386.45,378.25,378.85,379.15,381.27,12060624,45983.73,148269, 6796665, 56.35
KTKBANK,EQ, 16-Apr-2026,242.52,244.49,247.95,241.47,246.61,246.34,245.28,3755039,9210.37,24339, 1917383, 51.06
MAHABANK,EQ, 16-Apr-2026,71.39,71.99,72.28,70.31,71.4,71.25,71.15,18316236,13032.41,47420, 8086551, 44.15
PNB,EQ, 16-Apr-2026,113.08,114.0,114.8,113.0,113.6,113.56,113.83,18424149,20972.74,48477, 6210425, 33.71
PSB,EQ, 16-Apr-2026,24.87,25.0,25.29,24.85,25.05,25.11,25.08,1305883,327.54,4508, 654970, 50.16
RBLBANK,EQ, 16-Apr-2026,319.7,321.0,322.2,315.0,315.6,315.9,317.66,2901365,9216.59,23551, 1189782, 41.01
SBIN,EQ, 16-Apr-2026,1071.5,1078.0,1084.15,1062.0,1066.7,1067.15,1070.72,20313165,217496.45,274626, 8716041, 42.91
SOUTHBANK,EQ, 16-Apr-2026,38.71,38.76,39.16,38.36,38.7,38.75,38.7,13919851,5386.47,27900, 6009181, 43.17
SURYODAY,EQ, 16-Apr-2026,139.26,139.26,144.88,138.37,143.4,143.83,141.41,424332,600.07,7104, 243764, 57.45
TMB,EQ, 16-Apr-2026,679.55,682.95,688.95,667.8,677.55,681.05,678.65,208188,1412.87,11332, 73919, 35.51
UCOBANK,EQ, 16-Apr-2026,26.45,26.7,26.92,26.35,26.56,26.55,26.6,5941876,1580.63,14293, 2317889, 39.01
UJJIVANSFB,EQ, 16-Apr-2026,58.5,59.2,59.45,57.16,59.25,59.24,58.58,19656151,11514.58,57692, 6938858, 35.30
UNIONBANK,EQ, 16-Apr-2026,188.71,189.5,191.1,187.22,188.2,188.49,189.09,11737567,22194.51,70974, 4437748, 37.81
UTKARSHBNK,EQ, 16-Apr-2026,13.46,13.47,13.65,13.37,13.5,13.48,13.48,5038425,679.09,17426, 2684322, 53.28
YESBANK,EQ, 16-Apr-2026,19.36,19.54,20.12,19.37,19.92,19.95,19.82,161480178,32000.69,113960, 50356035, 31.18
AUBANK,EQ, 17-Apr-2026,983.95,989.0,994.8,978.05,990.0,990.6,988.61,1186537,11730.23,40500, 590057, 49.73
AXISBANK,EQ, 17-Apr-2026,1349.6,1353.0,1364.3,1344.1,1364.0,1359.1,1353.19,4062181,54968.92,91424, 2435836, 59.96
BANDHANBNK,EQ, 17-Apr-2026,174.18,174.7,176.28,172.51,174.4,174.47,174.05,4242898,7384.56,19643, 1395923, 32.90
BANKBARODA,EQ, 17-Apr-2026,279.39,279.0,282.39,276.43,279.51,280.44,280.1,6831951,19136.3,42273, 3128492, 45.79
BANKINDIA,EQ, 17-Apr-2026,148.86,148.86,149.47,146.65,148.12,148.1,147.9,8807839,13026.47,36032, 3356117, 38.10
CANBK,EQ, 17-Apr-2026,141.03,141.05,142.8,139.88,142.4,142.37,141.71,13628290,19313.31,50848, 4626309, 33.95
CAPITALSFB,EQ, 17-Apr-2026,261.3,261.0,263.8,258.0,263.5,260.46,260.72,20251,52.8,596, 11651, 57.53
CENTRALBK,EQ, 17-Apr-2026,35.83,35.87,36.14,35.72,36.05,36.06,36.01,4641998,1671.81,13689, 2212069, 47.65
CSBBANK,EQ, 17-Apr-2026,402.7,405.0,406.0,397.0,399.0,399.85,400.43,393199,1574.48,8206, 187034, 47.57
CUB,EQ, 17-Apr-2026,249.82,249.82,260.1,248.84,259.51,257.82,254.5,3513019,8940.54,47103, 2292895, 65.27
DCBBANK,EQ, 17-Apr-2026,188.02,187.99,191.99,187.0,190.99,189.83,189.23,1107754,2096.25,13273, 625711, 56.48
DHANBANK,EQ, 17-Apr-2026,26.65,26.8,27.68,26.51,26.82,26.9,27.0,856507,231.22,2393, 477706, 55.77
EQUITASBNK,EQ, 17-Apr-2026,64.99,65.5,66.19,65.3,65.54,65.6,65.72,1193249,784.21,12544, 599213, 50.22
ESAFSFB,EQ, 17-Apr-2026,23.96,24.19,24.5,23.91,24.01,24.03,24.14,817892,197.44,3974, 466447, 57.03
FEDERALBNK,EQ, 17-Apr-2026,284.4,284.95,294.2,282.85,293.8,293.75,291.22,9241911,26914.11,70059, 5441021, 58.87
FINOPB,EQ, 17-Apr-2026,139.5,139.9,142.8,138.43,142.7,142.25,141.25,388782,549.14,4598, 167896, 43.19
HDFCBANK,EQ, 17-Apr-2026,795.45,790.1,803.95,788.2,800.0,799.9,799.4,37282544,298038.43,329801, 23296927, 62.49
ICICIBANK,EQ, 17-Apr-2026,1345.5,1347.0,1352.9,1334.0,1352.8,1346.8,1341.32,18151993,243475.56,212763, 10717365, 59.04
IDBI,EQ, 17-Apr-2026,74.34,74.68,75.22,74.15,75.14,75.06,74.79,6872137,5139.82,19180, 3152100, 45.87
IDFCFIRSTB,EQ, 17-Apr-2026,67.82,67.8,68.8,67.3,68.45,68.53,68.3,16355291,11170.14,59980, 6298584, 38.51
INDIANB,EQ, 17-Apr-2026,940.05,940.05,945.0,930.05,938.8,939.45,937.17,2109087,19765.77,49342, 927280, 43.97
INDUSINDBK,EQ, 17-Apr-2026,847.9,849.0,857.45,838.55,853.0,853.9,849.3,1850548,15716.79,35638, 804953, 43.50
IOB,EQ, 17-Apr-2026,34.93,35.01,35.2,34.9,34.99,34.96,35.0,3951655,1383.09,8752, 2005028, 50.74
J&KBANK,EQ, 17-Apr-2026,132.37,133.0,133.2,130.8,131.0,131.25,131.98,4667032,6159.43,28176, 2041438, 43.74
JSFB,EQ, 17-Apr-2026,395.6,400.0,400.85,389.55,394.1,391.45,394.1,188583,743.21,3473, 101979, 54.08
KARURVYSYA,EQ, 17-Apr-2026,280.85,280.3,281.5,275.4,277.5,277.55,277.86,2662362,7397.7,39404, 1443891, 54.23
KOTAKBANK,EQ, 17-Apr-2026,379.15,379.3,385.2,376.65,383.35,383.6,383.29,11626179,44562.46,108315, 7938207, 68.28
KTKBANK,EQ, 17-Apr-2026,246.34,246.34,248.2,242.6,246.2,246.23,244.72,4030673,9863.68,24654, 2402724, 59.61
MAHABANK,EQ, 17-Apr-2026,71.25,71.8,72.99,71.24,72.69,72.73,72.53,17291825,12542.31,53314, 8420374, 48.70
PNB,EQ, 17-Apr-2026,113.56,113.61,114.75,112.85,114.59,114.48,114.17,14471787,16522.27,50209, 6451789, 44.58
PSB,EQ, 17-Apr-2026,25.11,25.11,25.34,25.03,25.22,25.24,25.21,1328488,334.9,3752, 658387, 49.56
RBLBANK,EQ, 17-Apr-2026,315.9,315.9,318.15,312.95,316.55,315.55,315.33,3190055,10059.05,31907, 1291437, 40.48
SBIN,EQ, 17-Apr-2026,1067.15,1067.0,1082.15,1060.0,1080.3,1080.25,1073.16,16823879,180546.42,174866, 10692540, 63.56
SOUTHBANK,EQ, 17-Apr-2026,38.75,38.78,39.04,38.55,38.96,38.93,38.8,11508430,4465.13,21386, 5506345, 47.85
SURYODAY,EQ, 17-Apr-2026,143.83,143.45,145.82,141.5,143.65,144.05,143.12,172836,247.36,4138, 105637, 61.12
TMB,EQ, 17-Apr-2026,681.05,686.0,691.8,675.0,685.0,683.75,683.26,142561,974.06,7110, 66456, 46.62
UCOBANK,EQ, 17-Apr-2026,26.55,26.62,26.9,26.51,26.73,26.77,26.74,5131469,1372.01,12516, 2233780, 43.53
UJJIVANSFB,EQ, 17-Apr-2026,59.24,59.3,59.5,58.55,58.8,58.73,58.89,7592949,4471.39,29363, 2889907, 38.06
UNIONBANK,EQ, 17-Apr-2026,188.49,188.49,189.4,186.35,188.79,188.91,188.07,8818513,16585.37,39727, 2850025, 32.32
UTKARSHBNK,EQ, 17-Apr-2026,13.48,13.6,13.85,13.44,13.81,13.79,13.63,8465520,1154.12,20970, 4177394, 49.35
YESBANK,EQ, 17-Apr-2026,19.95,20.07,20.44,19.82,20.41,20.19,20.04,130228329,26095.96,95952, 51157600, 39.28
AUBANK,EQ, 17-Apr-2026,983.95,989.0,994.8,978.05,990.0,990.6,988.61,1186537,11730.23,40500, 590057, 49.73
AXISBANK,EQ, 17-Apr-2026,1349.6,1353.0,1364.3,1344.1,1364.0,1359.1,1353.19,4062181,54968.92,91424, 2435836, 59.96
BANDHANBNK,EQ, 17-Apr-2026,174.18,174.7,176.28,172.51,174.4,174.47,174.05,4242898,7384.56,19643, 1395923, 32.90
BANKBARODA,EQ, 17-Apr-2026,279.39,279.0,282.39,276.43,279.51,280.44,280.1,6831951,19136.3,42273, 3128492, 45.79
BANKINDIA,EQ, 17-Apr-2026,148.86,148.86,149.47,146.65,148.12,148.1,147.9,8807839,13026.47,36032, 3356117, 38.10
CANBK,EQ, 17-Apr-2026,141.03,141.05,142.8,139.88,142.4,142.37,141.71,13628290,19313.31,50848, 4626309, 33.95
CAPITALSFB,EQ, 17-Apr-2026,261.3,261.0,263.8,258.0,263.5,260.46,260.72,20251,52.8,596, 11651, 57.53
CENTRALBK,EQ, 17-Apr-2026,35.83,35.87,36.14,35.72,36.05,36.06,36.01,4641998,1671.81,13689, 2212069, 47.65
CSBBANK,EQ, 17-Apr-2026,402.7,405.0,406.0,397.0,399.0,399.85,400.43,393199,1574.48,8206, 187034, 47.57
CUB,EQ, 17-Apr-2026,249.82,249.82,260.1,248.84,259.51,257.82,254.5,3513019,8940.54,47103, 2292895, 65.27
DCBBANK,EQ, 17-Apr-2026,188.02,187.99,191.99,187.0,190.99,189.83,189.23,1107754,2096.25,13273, 625711, 56.48
DHANBANK,EQ, 17-Apr-2026,26.65,26.8,27.68,26.51,26.82,26.9,27.0,856507,231.22,2393, 477706, 55.77
EQUITASBNK,EQ, 17-Apr-2026,64.99,65.5,66.19,65.3,65.54,65.6,65.72,1193249,784.21,12544, 599213, 50.22
ESAFSFB,EQ, 17-Apr-2026,23.96,24.19,24.5,23.91,24.01,24.03,24.14,817892,197.44,3974, 466447, 57.03
FEDERALBNK,EQ, 17-Apr-2026,284.4,284.95,294.2,282.85,293.8,293.75,291.22,9241911,26914.11,70059, 5441021, 58.87
FINOPB,EQ, 17-Apr-2026,139.5,139.9,142.8,138.43,142.7,142.25,141.25,388782,549.14,4598, 167896, 43.19
HDFCBANK,EQ, 17-Apr-2026,795.45,790.1,803.95,788.2,800.0,799.9,799.4,37282544,298038.43,329801, 23296927, 62.49
ICICIBANK,EQ, 17-Apr-2026,1345.5,1347.0,1352.9,1334.0,1352.8,1346.8,1341.32,18151993,243475.56,212763, 10717365, 59.04
IDBI,EQ, 17-Apr-2026,74.34,74.68,75.22,74.15,75.14,75.06,74.79,6872137,5139.82,19180, 3152100, 45.87
IDFCFIRSTB,EQ, 17-Apr-2026,67.82,67.8,68.8,67.3,68.45,68.53,68.3,16355291,11170.14,59980, 6298584, 38.51
INDIANB,EQ, 17-Apr-2026,940.05,940.05,945.0,930.05,938.8,939.45,937.17,2109087,19765.77,49342, 927280, 43.97
INDUSINDBK,EQ, 17-Apr-2026,847.9,849.0,857.45,838.55,853.0,853.9,849.3,1850548,15716.79,35638, 804953, 43.50
IOB,EQ, 17-Apr-2026,34.93,35.01,35.2,34.9,34.99,34.96,35.0,3951655,1383.09,8752, 2005028, 50.74
J&KBANK,EQ, 17-Apr-2026,132.37,133.0,133.2,130.8,131.0,131.25,131.98,4667032,6159.43,28176, 2041438, 43.74
JSFB,EQ, 17-Apr-2026,395.6,400.0,400.85,389.55,394.1,391.45,394.1,188583,743.21,3473, 101979, 54.08
KARURVYSYA,EQ, 17-Apr-2026,280.85,280.3,281.5,275.4,277.5,277.55,277.86,2662362,7397.7,39404, 1443891, 54.23
KOTAKBANK,EQ, 17-Apr-2026,379.15,379.3,385.2,376.65,383.35,383.6,383.29,11626179,44562.46,108315, 7938207, 68.28
KTKBANK,EQ, 17-Apr-2026,246.34,246.34,248.2,242.6,246.2,246.23,244.72,4030673,9863.68,24654, 2402724, 59.61
MAHABANK,EQ, 17-Apr-2026,71.25,71.8,72.99,71.24,72.69,72.73,72.53,17291825,12542.31,53314, 8420374, 48.70
PNB,EQ, 17-Apr-2026,113.56,113.61,114.75,112.85,114.59,114.48,114.17,14471787,16522.27,50209, 6451789, 44.58
PSB,EQ, 17-Apr-2026,25.11,25.11,25.34,25.03,25.22,25.24,25.21,1328488,334.9,3752, 658387, 49.56
RBLBANK,EQ, 17-Apr-2026,315.9,315.9,318.15,312.95,316.55,315.55,315.33,3190055,10059.05,31907, 1291437, 40.48
SBIN,EQ, 17-Apr-2026,1067.15,1067.0,1082.15,1060.0,1080.3,1080.25,1073.16,16823879,180546.42,174866, 10692540, 63.56
SOUTHBANK,EQ, 17-Apr-2026,38.75,38.78,39.04,38.55,38.96,38.93,38.8,11508430,4465.13,21386, 5506345, 47.85
SURYODAY,EQ, 17-Apr-2026,143.83,143.45,145.82,141.5,143.65,144.05,143.12,172836,247.36,4138, 105637, 61.12
TMB,EQ, 17-Apr-2026,681.05,686.0,691.8,675.0,685.0,683.75,683.26,142561,974.06,7110, 66456, 46.62
UCOBANK,EQ, 17-Apr-2026,26.55,26.62,26.9,26.51,26.73,26.77,26.74,5131469,1372.01,12516, 2233780, 43.53
UJJIVANSFB,EQ, 17-Apr-2026,59.24,59.3,59.5,58.55,58.8,58.73,58.89,7592949,4471.39,29363, 2889907, 38.06
UNIONBANK,EQ, 17-Apr-2026,188.49,188.49,189.4,186.35,188.79,188.91,188.07,8818513,16585.37,39727, 2850025, 32.32
UTKARSHBNK,EQ, 17-Apr-2026,13.48,13.6,13.85,13.44,13.81,13.79,13.63,8465520,1154.12,20970, 4177394, 49.35
YESBANK,EQ, 17-Apr-2026,19.95,20.07,20.44,19.82,20.41,20.19,20.04,130228329,26095.96,95952, 51157600, 39.28
AUBANK,EQ, 20-Apr-2026,990.6,993.0,1011.45,984.9,996.7,997.65,1002.25,1614114,16177.46,45174, 652262, 40.41
AXISBANK,EQ, 20-Apr-2026,1359.1,1359.5,1374.0,1348.0,1355.0,1354.7,1359.32,4878641,66316.21,182299, 2704282, 55.43
BANDHANBNK,EQ, 20-Apr-2026,174.47,174.25,177.0,170.61,175.44,175.43,175.22,7549338,13227.78,42299, 3325814, 44.05
BANKBARODA,EQ, 20-Apr-2026,280.44,280.5,286.25,277.63,280.4,281.01,282.72,12006723,33945.95,69937, 4985670, 41.52
BANKINDIA,EQ, 20-Apr-2026,148.1,148.0,151.0,146.01,148.02,148.31,149.1,9439402,14074.05,40625, 3041979, 32.23
CANBK,EQ, 20-Apr-2026,142.37,142.8,144.49,141.31,142.75,142.74,143.3,21390225,30651.38,79169, 7990886, 37.36
CAPITALSFB,EQ, 20-Apr-2026,260.46,261.43,264.19,256.05,256.2,256.27,259.23,32774,84.96,771, 21470, 65.51
CENTRALBK,EQ, 20-Apr-2026,36.06,36.1,36.35,35.57,35.67,35.73,35.98,5541294,1993.53,15193, 2230811, 40.26
CSBBANK,EQ, 20-Apr-2026,399.85,399.5,401.6,386.1,391.0,390.4,394.76,325272,1284.03,7116, 132570, 40.76
CUB,EQ, 20-Apr-2026,257.82,261.4,275.0,256.76,270.0,265.75,267.89,8439006,22606.94,121773, 2535797, 30.05
DCBBANK,EQ, 20-Apr-2026,189.83,192.15,195.79,190.1,195.0,193.48,193.26,2492279,4816.5,22410, 1179179, 47.31
DHANBANK,EQ, 20-Apr-2026,26.9,26.91,27.9,26.5,27.89,27.83,27.35,1319783,360.98,3295, 780679, 59.15
EQUITASBNK,EQ, 20-Apr-2026,65.6,65.4,65.4,63.55,64.08,63.92,64.43,993106,639.84,6533, 509069, 51.26
ESAFSFB,EQ, 20-Apr-2026,24.03,24.09,24.09,23.7,23.8,23.89,23.84,471252,112.35,5212, 281846, 59.81
FEDERALBNK,EQ, 20-Apr-2026,293.75,293.5,298.0,292.3,294.55,294.35,295.68,11292785,33390.57,142451, 6096140, 53.98
FINOPB,EQ, 20-Apr-2026,142.25,143.0,143.11,136.9,137.19,137.67,138.74,395130,548.18,5739, 183268, 46.38
HDFCBANK,EQ, 20-Apr-2026,799.9,797.1,809.95,790.0,795.2,795.45,796.95,52148044,415593.16,550200, 27375949, 52.50
ICICIBANK,EQ, 20-Apr-2026,1346.8,1364.7,1376.4,1353.0,1354.3,1356.2,1362.59,21551520,293659.08,320334, 10567077, 49.03
IDBI,EQ, 20-Apr-2026,75.06,75.06,75.45,73.68,74.0,74.13,74.6,8685748,6479.5,31418, 2855619, 32.88
IDFCFIRSTB,EQ, 20-Apr-2026,68.53,68.62,68.68,67.29,67.41,67.5,67.89,15818282,10738.57,75279, 6230190, 39.39
INDIANB,EQ, 20-Apr-2026,939.45,944.0,955.8,925.45,927.0,928.3,940.21,2522718,23718.95,56377, 996231, 39.49
INDUSINDBK,EQ, 20-Apr-2026,853.9,853.9,856.0,839.5,854.5,851.95,850.56,2453075,20864.91,46471, 1215820, 49.56
IOB,EQ, 20-Apr-2026,34.96,35.0,35.13,34.6,34.75,34.8,34.9,4238004,1479.2,15560, 1377669, 32.51
J&KBANK,EQ, 20-Apr-2026,131.25,131.2,135.0,129.14,130.7,131.23,132.92,5114455,6798.21,37479, 1839116, 35.96
JSFB,EQ, 20-Apr-2026,391.45,391.45,397.4,381.0,385.0,383.35,387.35,148715,576.05,2390, 91536, 61.55
KARURVYSYA,EQ, 20-Apr-2026,277.55,277.55,279.6,273.1,274.75,274.75,276.79,2409425,6669.04,43506, 1242964, 51.59
KOTAKBANK,EQ, 20-Apr-2026,383.6,384.1,386.0,378.0,380.0,379.2,380.55,11146713,42418.86,161795, 6787723, 60.89
KTKBANK,EQ, 20-Apr-2026,246.23,247.69,255.5,243.5,244.2,245.67,249.5,5817601,14514.74,42454, 2864436, 49.24
MAHABANK,EQ, 20-Apr-2026,72.73,73.01,76.95,72.31,74.82,75.54,74.69,48456248,36193.65,127236, 16113332, 33.25
PNB,EQ, 20-Apr-2026,114.48,114.9,115.1,113.34,113.6,113.74,114.28,16688164,19071.42,52870, 6928420, 41.52
PSB,EQ, 20-Apr-2026,25.24,25.34,25.39,24.87,25.02,25.06,25.16,1277769,321.53,4171, 513758, 40.21
RBLBANK,EQ, 20-Apr-2026,315.55,316.3,319.5,312.7,316.75,317.5,317.4,4734160,15026.12,58273, 2520045, 53.23
SBIN,EQ, 20-Apr-2026,1080.25,1080.3,1120.95,1075.85,1104.0,1107.85,1109.38,31179584,345901.41,409719, 18283825, 58.64
SOUTHBANK,EQ, 20-Apr-2026,38.93,39.0,39.78,38.07,39.24,39.29,39.31,21189706,8329.36,48657, 8669125, 40.91
SURYODAY,EQ, 20-Apr-2026,144.05,144.0,145.0,141.5,144.25,144.18,143.54,185055,265.62,3946, 102927, 55.62
TMB,EQ, 20-Apr-2026,683.75,685.0,693.95,661.0,661.0,663.85,675.24,316528,2137.32,7973, 193285, 61.06
UCOBANK,EQ, 20-Apr-2026,26.77,26.77,26.95,26.2,26.2,26.5,26.67,8942298,2385.31,20404, 2495054, 27.90
UJJIVANSFB,EQ, 20-Apr-2026,58.73,58.81,59.1,56.66,57.32,57.41,57.68,13762035,7937.53,43627, 6162527, 44.78
UNIONBANK,EQ, 20-Apr-2026,188.91,189.0,193.2,186.21,188.6,189.29,189.86,14172531,26907.84,68157, 4461460, 31.48
UTKARSHBNK,EQ, 20-Apr-2026,13.79,13.9,14.0,13.48,13.55,13.56,13.75,5884744,809.34,11522, 2778761, 47.22
YESBANK,EQ, 20-Apr-2026,20.19,20.64,20.71,19.79,19.83,19.84,20.18,379799755,76638.5,199823, 148898674, 39.20
AUBANK,EQ, 21-Apr-2026,997.65,997.65,1042.1,997.65,1038.0,1037.9,1033.09,4152949,42903.57,107564, 2057449, 49.54
AXISBANK,EQ, 21-Apr-2026,1354.7,1361.0,1380.3,1354.7,1375.5,1377.7,1373.66,5145338,70679.24,125134, 2701266, 52.50
BANDHANBNK,EQ, 21-Apr-2026,175.43,175.29,178.33,174.51,176.56,176.13,176.77,4188454,7404.01,40430, 1620856, 38.70
BANKBARODA,EQ, 21-Apr-2026,281.01,282.1,285.2,281.35,283.9,284.05,283.56,7814738,22159.4,48007, 3930413, 50.29
BANKINDIA,EQ, 21-Apr-2026,148.31,149.5,151.25,149.05,150.0,149.83,150.42,7154993,10762.32,42653, 2893464, 40.44
CANBK,EQ, 21-Apr-2026,142.74,143.4,144.95,142.84,144.2,144.26,144.21,14365044,20716.01,66404, 6007883, 41.82
CAPITALSFB,EQ, 21-Apr-2026,256.27,258.51,259.07,255.0,258.75,256.78,257.49,11370,29.28,377, 7933, 69.77
CENTRALBK,EQ, 21-Apr-2026,35.73,35.88,36.72,35.73,36.29,36.29,36.31,7440948,2702.05,18293, 2742547, 36.86
CSBBANK,EQ, 21-Apr-2026,390.4,390.8,406.15,390.8,403.0,402.6,399.06,1492484,5955.93,19372, 889839, 59.62
CUB,EQ, 21-Apr-2026,265.75,270.36,273.97,262.9,264.9,264.93,265.2,6352245,16846.38,49066, 4168885, 65.63
DCBBANK,EQ, 21-Apr-2026,193.48,193.85,197.49,193.5,196.16,196.02,195.71,1751876,3428.61,17340, 917543, 52.37
DHANBANK,EQ, 21-Apr-2026,27.83,27.83,27.83,27.05,27.23,27.55,27.54,1354638,373.05,2415, 834335, 61.59
EQUITASBNK,EQ, 21-Apr-2026,63.92,64.0,65.63,64.0,65.5,65.19,64.81,1372405,889.4,8099, 631798, 46.04
ESAFSFB,EQ, 21-Apr-2026,23.89,23.89,24.33,23.64,23.89,23.9,23.92,584400,139.8,2257, 361563, 61.87
FEDERALBNK,EQ, 21-Apr-2026,294.35,295.8,299.05,295.05,295.5,295.75,296.96,7746822,23004.67,82370, 4346473, 56.11
FINOPB,EQ, 21-Apr-2026,137.67,139.9,142.0,136.72,137.7,137.45,139.01,450249,625.88,5829, 168989, 37.53
HDFCBANK,EQ, 21-Apr-2026,795.45,795.2,814.9,795.2,812.0,811.75,808.97,49135752,397492.81,386140, 23901902, 48.64
ICICIBANK,EQ, 21-Apr-2026,1356.2,1368.0,1393.1,1360.0,1385.6,1388.4,1382.63,23312455,322324.21,249510, 8935665, 38.33
IDBI,EQ, 21-Apr-2026,74.13,74.5,75.6,74.3,74.62,74.72,75.0,7372720,5529.59,25600, 3016368, 40.91
IDFCFIRSTB,EQ, 21-Apr-2026,67.5,67.51,68.4,67.51,68.24,67.94,68.1,10588919,7211.39,52411, 4131306, 39.02
INDIANB,EQ, 21-Apr-2026,928.3,934.0,942.45,918.5,923.6,921.05,926.17,3097270,28685.93,74573, 1705705, 55.07
INDUSINDBK,EQ, 21-Apr-2026,851.95,857.7,865.85,854.85,858.0,856.4,860.08,975223,8387.72,20046, 355207, 36.42
IOB,EQ, 21-Apr-2026,34.8,35.0,35.32,34.8,34.8,34.88,35.06,4658280,1633.21,12395, 1733454, 37.21
J&KBANK,EQ, 21-Apr-2026,131.23,131.5,134.95,131.32,132.5,132.2,133.27,3872436,5160.75,27615, 1656188, 42.77
JSFB,EQ, 21-Apr-2026,383.35,383.35,439.5,383.35,428.8,433.1,423.36,3637152,15398.2,56155, 970652, 26.69
KARURVYSYA,EQ, 21-Apr-2026,274.75,274.25,292.0,273.3,291.2,290.7,286.13,9635054,27568.42,100537, 3811424, 39.56
KOTAKBANK,EQ, 21-Apr-2026,379.2,381.45,383.15,378.35,382.35,382.15,381.51,12323488,47015.22,152249, 8708305, 70.66
KTKBANK,EQ, 21-Apr-2026,245.67,246.0,252.46,246.0,250.45,250.32,249.7,2240422,5594.38,21394, 1091329, 48.71
MAHABANK,EQ, 21-Apr-2026,75.54,77.4,81.5,76.98,80.2,80.18,79.57,152939074,121687.25,332842, 37691976, 24.65
PNB,EQ, 21-Apr-2026,113.74,114.2,115.18,113.6,113.75,114.11,114.42,18163650,20782.35,41191, 9921829, 54.62
PSB,EQ, 21-Apr-2026,25.06,25.2,25.62,25.1,25.35,25.26,25.38,1305169,331.21,4003, 656530, 50.30
RBLBANK,EQ, 21-Apr-2026,317.5,318.7,323.8,317.85,321.1,320.4,321.37,4952166,15914.7,32356, 3066542, 61.92
SBIN,EQ, 21-Apr-2026,1107.85,1113.4,1114.75,1105.95,1111.7,1111.85,1111.12,16963734,188488.13,221554, 8669708, 51.11
SOUTHBANK,EQ, 21-Apr-2026,39.29,39.55,39.79,39.4,39.58,39.53,39.58,8166135,3232.03,21772, 3667110, 44.91
SURYODAY,EQ, 21-Apr-2026,144.18,144.18,148.0,142.3,148.0,146.94,145.73,337143,491.31,4807, 175211, 51.97
TMB,EQ, 21-Apr-2026,663.85,661.0,672.85,648.75,656.95,650.95,655.68,286679,1879.71,10574, 192818, 67.26
UCOBANK,EQ, 21-Apr-2026,26.5,26.6,27.02,26.51,26.65,26.64,26.79,6388556,1711.36,14313, 2394713, 37.48
UJJIVANSFB,EQ, 21-Apr-2026,57.41,57.5,58.94,57.5,58.59,58.56,58.52,7493172,4385.23,30663, 3719131, 49.63
UNIONBANK,EQ, 21-Apr-2026,189.29,190.52,192.98,189.75,190.55,191.38,191.54,13904723,26633.4,76092, 6024996, 43.33
UTKARSHBNK,EQ, 21-Apr-2026,13.56,13.55,14.33,13.55,14.1,14.08,14.03,10865882,1524.22,14711, 5479688, 50.43
YESBANK,EQ, 21-Apr-2026,19.84,19.98,19.98,19.72,19.78,19.77,19.82,96821013,19189.23,79607, 39197154, 40.48
AUBANK,EQ, 22-Apr-2026,1037.9,1037.0,1054.4,1032.05,1044.0,1043.2,1044.94,2050971,21431.45,60486, 908075, 44.28
AXISBANK,EQ, 22-Apr-2026,1377.7,1370.0,1391.0,1366.0,1375.0,1379.6,1382.21,3997911,55259.47,103945, 2319485, 58.02
BANDHANBNK,EQ, 22-Apr-2026,176.13,175.0,177.12,171.58,175.25,176.52,174.54,8444289,14738.62,42167, 3158601, 37.41
BANKBARODA,EQ, 22-Apr-2026,284.05,283.25,285.1,281.36,282.85,282.77,283.21,7482697,21191.63,59831, 3823402, 51.10
BANKINDIA,EQ, 22-Apr-2026,149.83,149.83,154.34,149.18,152.85,152.92,152.33,15080884,22972.66,62298, 6127136, 40.63
CANBK,EQ, 22-Apr-2026,144.26,143.87,146.89,143.13,145.1,145.23,145.59,18626914,27119.76,73774, 8102809, 43.50
CAPITALSFB,EQ, 22-Apr-2026,256.78,254.05,261.6,254.04,260.0,259.39,258.41,14488,37.44,525, 6160, 42.52
CENTRALBK,EQ, 22-Apr-2026,36.29,36.28,37.09,36.16,36.89,36.93,36.76,7568571,2782.46,18587, 2879503, 38.05
CSBBANK,EQ, 22-Apr-2026,402.6,404.0,409.9,391.85,396.0,396.35,402.44,953556,3837.46,15206, 530495, 55.63
CUB,EQ, 22-Apr-2026,264.93,265.7,271.39,265.01,270.45,270.15,269.04,5249034,14121.9,47256, 4089222, 77.90
DCBBANK,EQ, 22-Apr-2026,196.02,195.5,198.13,194.0,195.06,195.32,196.42,1066602,2095.06,16901, 484124, 45.39
DHANBANK,EQ, 22-Apr-2026,27.55,27.43,27.75,27.0,27.4,27.42,27.33,817345,223.35,2383, 348453, 42.63
EQUITASBNK,EQ, 22-Apr-2026,65.19,65.0,65.45,64.23,65.09,65.23,64.96,1483143,963.52,13410, 771956, 52.05
ESAFSFB,EQ, 22-Apr-2026,23.9,23.99,24.07,23.6,23.9,23.89,23.87,511232,122.04,2255, 358636, 70.15
FEDERALBNK,EQ, 22-Apr-2026,295.75,295.75,298.45,295.0,297.15,296.45,296.97,6443950,19136.8,74861, 3555967, 55.18
FINOPB,EQ, 22-Apr-2026,137.45,137.8,139.95,135.72,139.5,139.11,137.52,373514,513.67,6392, 136014, 36.41
HDFCBANK,EQ, 22-Apr-2026,811.75,810.0,813.05,798.0,799.4,799.9,804.11,23876412,191992.37,278743, 15059392, 63.07
ICICIBANK,EQ, 22-Apr-2026,1388.4,1380.0,1380.1,1365.0,1367.8,1367.6,1370.33,13613487,186549.25,210901, 8876042, 65.20
IDBI,EQ, 22-Apr-2026,74.72,74.62,75.39,73.69,74.69,74.5,74.4,10722103,7977.08,32501, 3882409, 36.21
IDFCFIRSTB,EQ, 22-Apr-2026,67.94,67.94,68.58,67.6,68.4,68.38,68.24,16016883,10930.16,60975, 7445503, 46.49
INDIANB,EQ, 22-Apr-2026,921.05,921.05,933.85,921.05,923.55,925.35,927.68,1910446,17722.74,66699, 1002280, 52.46
INDUSINDBK,EQ, 22-Apr-2026,856.4,851.0,873.0,851.0,870.25,870.1,867.46,2253573,19548.77,34183, 1102557, 48.92
IOB,EQ, 22-Apr-2026,34.88,34.85,35.5,34.71,35.4,35.39,35.28,5278095,1862.21,12789, 2121401, 40.19
J&KBANK,EQ, 22-Apr-2026,132.2,133.5,134.89,131.8,132.5,132.82,133.57,3998518,5340.86,26393, 1984941, 49.64
JSFB,EQ, 22-Apr-2026,433.1,431.0,463.2,427.25,451.9,451.45,450.54,1596800,7194.17,29639, 501860, 31.43
KARURVYSYA,EQ, 22-Apr-2026,290.7,292.0,301.55,289.6,301.0,300.45,297.47,4976858,14804.6,76556, 2405554, 48.33
KOTAKBANK,EQ, 22-Apr-2026,382.15,378.1,382.8,376.25,376.95,376.85,378.42,14471487,54762.71,154952, 10398838, 71.86
KTKBANK,EQ, 22-Apr-2026,250.32,253.0,254.0,249.6,250.28,250.64,251.88,1928406,4857.33,22733, 850675, 44.11
MAHABANK,EQ, 22-Apr-2026,80.18,80.59,82.15,78.85,79.75,79.76,81.04,52387766,42457.33,135982, 19611602, 37.44
PNB,EQ, 22-Apr-2026,114.11,113.9,115.6,113.35,114.7,114.67,114.8,18835055,21622.28,52706, 8473979, 44.99
PSB,EQ, 22-Apr-2026,25.26,25.11,25.7,25.11,25.55,25.55,25.54,1440746,368.0,4339, 714253, 49.58
RBLBANK,EQ, 22-Apr-2026,320.4,320.1,323.75,316.55,318.2,317.65,320.28,4356090,13951.81,39925, 1701437, 39.06
SBIN,EQ, 22-Apr-2026,1111.85,1110.0,1117.85,1100.1,1103.2,1103.3,1105.72,12412659,137249.66,173846, 7407492, 59.68
SOUTHBANK,EQ, 22-Apr-2026,39.53,39.55,40.2,39.43,39.83,39.85,39.83,11977853,4770.81,22035, 4479026, 37.39
SURYODAY,EQ, 22-Apr-2026,146.94,146.94,149.35,145.99,148.32,148.79,148.05,206888,306.29,3953, 115884, 56.01
TMB,EQ, 22-Apr-2026,650.95,655.75,676.05,653.95,667.1,667.4,668.13,164738,1100.66,12549, 86153, 52.30
UCOBANK,EQ, 22-Apr-2026,26.64,26.44,27.16,26.44,27.05,27.03,26.97,6506671,1754.65,14752, 2331616, 35.83
UJJIVANSFB,EQ, 22-Apr-2026,58.56,58.42,59.53,58.36,58.45,58.49,59.0,14090676,8313.73,43881, 6156129, 43.69
UNIONBANK,EQ, 22-Apr-2026,191.38,191.38,197.13,190.4,194.3,194.05,195.08,21651436,42237.96,99339, 8672546, 40.06
UTKARSHBNK,EQ, 22-Apr-2026,14.08,14.0,14.3,13.99,14.05,14.05,14.11,5227637,737.63,7140, 2315010, 44.28
YESBANK,EQ, 22-Apr-2026,19.77,19.77,20.12,19.67,20.0,19.99,19.98,100201392,20021.3,80085, 44186683, 44.10
AUBANK,EQ, 23-Apr-2026,1043.2,1039.05,1059.2,1035.3,1057.0,1056.25,1050.88,5696020,59858.32,76531, 3778764, 66.34
AXISBANK,EQ, 23-Apr-2026,1379.6,1369.0,1384.2,1365.4,1369.2,1369.6,1373.93,5671255,77919.08,171053, 3229817, 56.95
BANDHANBNK,EQ, 23-Apr-2026,176.52,173.73,174.68,171.1,174.0,173.9,173.01,9829448,17005.92,72083, 4603896, 46.84
BANKBARODA,EQ, 23-Apr-2026,282.77,281.0,281.49,274.05,276.0,276.34,278.07,8177124,22738.24,64977, 3288597, 40.22
BANKINDIA,EQ, 23-Apr-2026,152.92,152.01,153.48,149.33,151.4,150.86,151.28,14160285,21421.95,61363, 5856076, 41.36
CANBK,EQ, 23-Apr-2026,145.23,144.5,144.58,140.21,141.1,140.87,142.49,22459475,32002.38,87081, 9718463, 43.27
CAPITALSFB,EQ, 23-Apr-2026,259.39,260.0,260.0,256.0,256.75,257.68,257.34,12103,31.15,378, 7757, 64.09
CENTRALBK,EQ, 23-Apr-2026,36.93,36.76,36.9,36.03,36.17,36.14,36.38,4844361,1762.51,13310, 2577528, 53.21
CSBBANK,EQ, 23-Apr-2026,396.35,395.0,397.55,383.4,384.5,384.75,389.35,434597,1692.12,8854, 280082, 64.45
CUB,EQ, 23-Apr-2026,270.15,270.15,271.39,263.5,265.7,265.52,266.35,1617606,4308.47,49732, 845421, 52.26
DCBBANK,EQ, 23-Apr-2026,195.32,194.4,196.89,190.19,192.01,191.89,193.93,966210,1873.75,15961, 461771, 47.79
DHANBANK,EQ, 23-Apr-2026,27.42,27.36,27.5,26.67,26.8,26.92,27.09,452571,122.62,1671, 235533, 52.04
EQUITASBNK,EQ, 23-Apr-2026,65.23,65.16,66.5,64.6,66.1,65.95,65.75,2938231,1931.97,17207, 1464849, 49.85
ESAFSFB,EQ, 23-Apr-2026,23.89,23.85,24.0,23.64,23.91,23.91,23.88,481823,115.08,1898, 309459, 64.23
FEDERALBNK,EQ, 23-Apr-2026,296.45,294.95,296.65,293.55,295.65,295.4,294.94,3657050,10786.28,43416, 2030212, 55.52
FINOPB,EQ, 23-Apr-2026,139.11,141.9,141.9,135.0,136.05,136.08,137.29,287338,394.48,3344, 114091, 39.71
HDFCBANK,EQ, 23-Apr-2026,799.9,792.0,796.65,782.5,783.9,784.35,788.13,37677616,296948.61,490484, 21701707, 57.60
ICICIBANK,EQ, 23-Apr-2026,1367.6,1348.4,1354.0,1343.5,1347.0,1348.0,1348.93,20111792,271294.06,180688, 12748765, 63.39
IDBI,EQ, 23-Apr-2026,74.5,74.0,74.49,73.56,73.72,73.73,73.9,5347780,3952.1,19461, 2616841, 48.93
IDFCFIRSTB,EQ, 23-Apr-2026,68.38,67.5,68.45,67.46,67.87,67.83,67.97,19979812,13579.38,65837, 9594527, 48.02
INDIANB,EQ, 23-Apr-2026,925.35,925.35,927.6,895.35,915.0,914.95,915.98,2204928,20196.63,53498, 969934, 43.99
INDUSINDBK,EQ, 23-Apr-2026,870.1,861.7,869.7,854.15,861.0,860.35,861.39,1561128,13447.41,39563, 667316, 42.75
IOB,EQ, 23-Apr-2026,35.39,35.36,35.55,35.02,35.12,35.14,35.26,4282419,1509.83,14519, 1880195, 43.90
J&KBANK,EQ, 23-Apr-2026,132.82,132.19,132.38,127.45,127.8,127.89,129.74,4874062,6323.7,30349, 2457354, 50.42
JSFB,EQ, 23-Apr-2026,451.45,448.0,483.1,447.3,465.5,468.9,468.89,1868769,8762.45,34299, 701631, 37.55
KARURVYSYA,EQ, 23-Apr-2026,300.45,301.0,301.95,295.5,297.5,297.0,297.42,1764474,5247.84,27679, 939537, 53.25
KOTAKBANK,EQ, 23-Apr-2026,376.85,370.05,375.95,367.65,371.45,370.4,370.9,27628052,102471.79,289738, 18935886, 68.54
KTKBANK,EQ, 23-Apr-2026,250.64,249.0,250.9,244.44,245.13,244.97,247.83,2068821,5127.18,21516, 1021871, 49.39
MAHABANK,EQ, 23-Apr-2026,79.76,79.75,79.84,77.01,77.43,77.31,78.34,22534246,17653.09,61252, 8696605, 38.59
PNB,EQ, 23-Apr-2026,114.67,114.2,114.39,111.57,112.54,112.71,113.09,17507928,19799.68,57525, 6520848, 37.25
PSB,EQ, 23-Apr-2026,25.55,25.42,25.52,24.9,24.97,25.01,25.19,1171960,295.16,4744, 640091, 54.62
RBLBANK,EQ, 23-Apr-2026,317.65,315.4,316.4,311.2,312.9,312.45,313.68,3038067,9529.84,24207, 1216335, 40.04
SBIN,EQ, 23-Apr-2026,1103.3,1095.0,1101.9,1082.2,1095.0,1094.25,1094.33,13669001,149584.31,167995, 6338319, 46.37
SOUTHBANK,EQ, 23-Apr-2026,39.85,39.71,39.75,39.06,39.28,39.15,39.33,8261139,3249.28,17235, 4166881, 50.44
SURYODAY,EQ, 23-Apr-2026,148.79,148.5,148.5,144.05,146.55,145.55,146.03,236773,345.76,5210, 118452, 50.03
TMB,EQ, 23-Apr-2026,667.4,667.4,669.55,647.95,648.5,650.05,656.63,113271,743.77,7399, 57527, 50.79
UCOBANK,EQ, 23-Apr-2026,27.03,27.03,27.15,26.5,26.77,26.62,26.77,5713770,1529.75,15207, 2864920, 50.14
UJJIVANSFB,EQ, 23-Apr-2026,58.49,58.32,58.7,57.71,58.63,58.51,58.3,6085855,3547.92,26735, 2858118, 46.96
UNIONBANK,EQ, 23-Apr-2026,194.05,194.89,194.89,177.3,179.5,179.71,183.3,65651090,120337.86,233428, 17248948, 26.27
UTKARSHBNK,EQ, 23-Apr-2026,14.05,14.1,14.4,13.95,14.0,14.05,14.15,5374592,760.44,6251, 2807852, 52.24
YESBANK,EQ, 23-Apr-2026,19.99,19.94,20.09,19.86,20.03,20.03,19.98,86860205,17351.87,68039, 41691224, 48.00
AUBANK,EQ, 24-Apr-2026,1056.25,1058.7,1079.55,1047.25,1068.0,1065.65,1059.42,4259236,45123.17,90181, 2474932, 58.11
AXISBANK,EQ, 24-Apr-2026,1369.6,1369.0,1375.0,1350.0,1362.0,1365.9,1361.81,3648313,49683.25,173822, 2188385, 59.98
BANDHANBNK,EQ, 24-Apr-2026,173.9,173.81,175.08,168.8,174.6,174.67,171.95,10835824,18632.62,51618, 3172571, 29.28
BANKBARODA,EQ, 24-Apr-2026,276.34,276.2,276.8,269.55,274.3,274.13,272.65,7797230,21259.36,61818, 2804112, 35.96
BANKINDIA,EQ, 24-Apr-2026,150.86,150.75,151.46,145.78,147.44,147.44,147.38,13803000,20342.45,64268, 5939803, 43.03
CANBK,EQ, 24-Apr-2026,140.87,141.33,141.86,138.15,141.2,140.85,139.83,18904603,26434.37,82612, 7330176, 38.77
CAPITALSFB,EQ, 24-Apr-2026,257.68,257.66,261.0,254.01,257.0,258.87,257.01,19444,49.97,466, 13377, 68.80
CENTRALBK,EQ, 24-Apr-2026,36.14,36.24,36.4,35.55,36.04,36.01,35.88,5687425,2040.59,13769, 2457915, 43.22
CSBBANK,EQ, 24-Apr-2026,384.75,386.1,388.5,375.45,382.0,382.65,381.45,374382,1428.08,12986, 182967, 48.87
CUB,EQ, 24-Apr-2026,265.52,265.52,267.29,260.0,262.45,262.51,262.44,1472909,3865.51,32649, 752489, 51.09
DCBBANK,EQ, 24-Apr-2026,191.89,191.5,195.8,188.2,194.0,193.37,190.99,1302400,2487.42,14881, 603236, 46.32
DHANBANK,EQ, 24-Apr-2026,26.92,26.6,26.98,26.18,26.5,26.56,26.62,449518,119.68,1163, 258783, 57.57
EQUITASBNK,EQ, 24-Apr-2026,65.95,66.99,68.0,65.0,65.0,65.22,66.37,2616500,1736.57,15147, 869304, 33.22
ESAFSFB,EQ, 24-Apr-2026,23.91,23.67,24.02,23.31,23.38,23.35,23.57,371170,87.48,1084, 248318, 66.90
FEDERALBNK,EQ, 24-Apr-2026,295.4,296.0,298.3,291.25,293.0,293.0,293.68,7243806,21273.72,72537, 4239918, 58.53
FINOPB,EQ, 24-Apr-2026,136.08,137.95,137.95,129.12,130.48,130.96,131.48,459424,604.06,6830, 206237, 44.89
HDFCBANK,EQ, 24-Apr-2026,784.35,777.3,787.6,777.0,785.15,784.85,782.99,27720358,217047.72,363338, 16602584, 59.89
ICICIBANK,EQ, 24-Apr-2026,1348.0,1336.3,1348.8,1324.0,1325.8,1326.2,1332.36,14056743,187286.38,192491, 11027327, 78.45
IDBI,EQ, 24-Apr-2026,73.73,73.75,79.9,72.33,76.18,76.17,76.49,56204703,42991.15,142771, 8484719, 15.10
IDFCFIRSTB,EQ, 24-Apr-2026,67.83,67.83,68.64,66.69,67.39,67.23,67.54,16910557,11421.57,59749, 6890515, 40.75
INDIANB,EQ, 24-Apr-2026,914.95,914.95,923.5,901.4,912.0,909.9,909.4,2514713,22868.71,49752, 1490970, 59.29
INDUSINDBK,EQ, 24-Apr-2026,860.35,868.0,868.0,839.0,850.0,847.95,849.69,1453183,12347.61,36973, 500658, 34.45
IOB,EQ, 24-Apr-2026,35.14,35.06,35.43,34.65,35.03,35.01,34.93,2968475,1036.93,10234, 1261132, 42.48
J&KBANK,EQ, 24-Apr-2026,127.89,129.09,129.55,124.3,125.8,126.05,125.96,3325717,4189.12,22203, 1474107, 44.32
JSFB,EQ, 24-Apr-2026,468.9,466.0,480.0,451.1,458.0,459.35,462.33,814863,3767.37,15742, 322149, 39.53
KARURVYSYA,EQ, 24-Apr-2026,297.0,297.15,299.35,293.05,296.0,295.45,294.97,969704,2860.37,19920, 440011, 45.38
KOTAKBANK,EQ, 24-Apr-2026,370.4,370.6,372.8,367.65,371.0,370.85,370.33,19678907,72876.77,140324, 14599678, 74.19
KTKBANK,EQ, 24-Apr-2026,244.97,245.54,247.0,240.46,242.8,242.04,242.7,1200192,2912.86,15139, 502506, 41.87
MAHABANK,EQ, 24-Apr-2026,77.31,77.7,78.39,75.75,78.29,77.9,76.99,26274501,20230.02,69022, 11714914, 44.59
PNB,EQ, 24-Apr-2026,112.71,112.71,113.45,111.6,113.02,113.09,112.46,11401908,12823.08,44331, 3490041, 30.61
PSB,EQ, 24-Apr-2026,25.01,25.04,25.17,24.6,24.83,24.84,24.83,1677752,416.55,4801, 718878, 42.85
RBLBANK,EQ, 24-Apr-2026,312.45,313.4,324.4,307.7,321.65,321.4,319.46,12459462,39802.44,105201, 4208175, 33.77
SBIN,EQ, 24-Apr-2026,1094.25,1091.35,1106.0,1090.05,1100.95,1101.1,1097.12,13774745,151126.02,194209, 8580511, 62.29
SOUTHBANK,EQ, 24-Apr-2026,39.15,39.19,39.45,38.38,38.58,38.63,38.68,7254221,2806.0,21409, 3038542, 41.89
SURYODAY,EQ, 24-Apr-2026,145.55,145.0,146.21,142.4,144.61,145.2,144.22,129722,187.09,2371, 58449, 45.06
TMB,EQ, 24-Apr-2026,650.05,643.2,663.0,637.5,642.3,639.9,642.36,159722,1025.99,7317, 83831, 52.49
UCOBANK,EQ, 24-Apr-2026,26.62,26.74,26.87,26.25,26.55,26.47,26.48,5531288,1464.49,14870, 2052680, 37.11
UJJIVANSFB,EQ, 24-Apr-2026,58.51,58.45,58.51,56.6,56.66,56.79,57.21,5612123,3210.85,25025, 2752501, 49.05
UNIONBANK,EQ, 24-Apr-2026,179.71,179.3,180.75,174.4,176.6,177.0,176.79,27300659,48263.84,104639, 10933060, 40.05
UTKARSHBNK,EQ, 24-Apr-2026,14.05,14.2,14.2,13.65,13.76,13.76,13.89,3684814,511.69,5184, 1798307, 48.80
YESBANK,EQ, 24-Apr-2026,20.03,20.03,20.15,19.77,19.85,19.84,19.91,67059790,13352.69,79074, 29926497, 44.63
AUBANK,EQ, 24-Apr-2026,1056.25,1058.7,1079.55,1047.25,1068.0,1065.65,1059.42,4259236,45123.17,90181, 2474932, 58.11
AXISBANK,EQ, 24-Apr-2026,1369.6,1369.0,1375.0,1350.0,1362.0,1365.9,1361.81,3648313,49683.25,173822, 2188385, 59.98
BANDHANBNK,EQ, 24-Apr-2026,173.9,173.81,175.08,168.8,174.6,174.67,171.95,10835824,18632.62,51618, 3172571, 29.28
BANKBARODA,EQ, 24-Apr-2026,276.34,276.2,276.8,269.55,274.3,274.13,272.65,7797230,21259.36,61818, 2804112, 35.96
BANKINDIA,EQ, 24-Apr-2026,150.86,150.75,151.46,145.78,147.44,147.44,147.38,13803000,20342.45,64268, 5939803, 43.03
CANBK,EQ, 24-Apr-2026,140.87,141.33,141.86,138.15,141.2,140.85,139.83,18904603,26434.37,82612, 7330176, 38.77
CAPITALSFB,EQ, 24-Apr-2026,257.68,257.66,261.0,254.01,257.0,258.87,257.01,19444,49.97,466, 13377, 68.80
CENTRALBK,EQ, 24-Apr-2026,36.14,36.24,36.4,35.55,36.04,36.01,35.88,5687425,2040.59,13769, 2457915, 43.22
CSBBANK,EQ, 24-Apr-2026,384.75,386.1,388.5,375.45,382.0,382.65,381.45,374382,1428.08,12986, 182967, 48.87
CUB,EQ, 24-Apr-2026,265.52,265.52,267.29,260.0,262.45,262.51,262.44,1472909,3865.51,32649, 752489, 51.09
DCBBANK,EQ, 24-Apr-2026,191.89,191.5,195.8,188.2,194.0,193.37,190.99,1302400,2487.42,14881, 603236, 46.32
DHANBANK,EQ, 24-Apr-2026,26.92,26.6,26.98,26.18,26.5,26.56,26.62,449518,119.68,1163, 258783, 57.57
EQUITASBNK,EQ, 24-Apr-2026,65.95,66.99,68.0,65.0,65.0,65.22,66.37,2616500,1736.57,15147, 869304, 33.22
ESAFSFB,EQ, 24-Apr-2026,23.91,23.67,24.02,23.31,23.38,23.35,23.57,371170,87.48,1084, 248318, 66.90
FEDERALBNK,EQ, 24-Apr-2026,295.4,296.0,298.3,291.25,293.0,293.0,293.68,7243806,21273.72,72537, 4239918, 58.53
FINOPB,EQ, 24-Apr-2026,136.08,137.95,137.95,129.12,130.48,130.96,131.48,459424,604.06,6830, 206237, 44.89
HDFCBANK,EQ, 24-Apr-2026,784.35,777.3,787.6,777.0,785.15,784.85,782.99,27720358,217047.72,363338, 16602584, 59.89
ICICIBANK,EQ, 24-Apr-2026,1348.0,1336.3,1348.8,1324.0,1325.8,1326.2,1332.36,14056743,187286.38,192491, 11027327, 78.45
IDBI,EQ, 24-Apr-2026,73.73,73.75,79.9,72.33,76.18,76.17,76.49,56204703,42991.15,142771, 8484719, 15.10
IDFCFIRSTB,EQ, 24-Apr-2026,67.83,67.83,68.64,66.69,67.39,67.23,67.54,16910557,11421.57,59749, 6890515, 40.75
INDIANB,EQ, 24-Apr-2026,914.95,914.95,923.5,901.4,912.0,909.9,909.4,2514713,22868.71,49752, 1490970, 59.29
INDUSINDBK,EQ, 24-Apr-2026,860.35,868.0,868.0,839.0,850.0,847.95,849.69,1453183,12347.61,36973, 500658, 34.45
IOB,EQ, 24-Apr-2026,35.14,35.06,35.43,34.65,35.03,35.01,34.93,2968475,1036.93,10234, 1261132, 42.48
J&KBANK,EQ, 24-Apr-2026,127.89,129.09,129.55,124.3,125.8,126.05,125.96,3325717,4189.12,22203, 1474107, 44.32
JSFB,EQ, 24-Apr-2026,468.9,466.0,480.0,451.1,458.0,459.35,462.33,814863,3767.37,15742, 322149, 39.53
KARURVYSYA,EQ, 24-Apr-2026,297.0,297.15,299.35,293.05,296.0,295.45,294.97,969704,2860.37,19920, 440011, 45.38
KOTAKBANK,EQ, 24-Apr-2026,370.4,370.6,372.8,367.65,371.0,370.85,370.33,19678907,72876.77,140324, 14599678, 74.19
KTKBANK,EQ, 24-Apr-2026,244.97,245.54,247.0,240.46,242.8,242.04,242.7,1200192,2912.86,15139, 502506, 41.87
MAHABANK,EQ, 24-Apr-2026,77.31,77.7,78.39,75.75,78.29,77.9,76.99,26274501,20230.02,69022, 11714914, 44.59
PNB,EQ, 24-Apr-2026,112.71,112.71,113.45,111.6,113.02,113.09,112.46,11401908,12823.08,44331, 3490041, 30.61
PSB,EQ, 24-Apr-2026,25.01,25.04,25.17,24.6,24.83,24.84,24.83,1677752,416.55,4801, 718878, 42.85
RBLBANK,EQ, 24-Apr-2026,312.45,313.4,324.4,307.7,321.65,321.4,319.46,12459462,39802.44,105201, 4208175, 33.77
SBIN,EQ, 24-Apr-2026,1094.25,1091.35,1106.0,1090.05,1100.95,1101.1,1097.12,13774745,151126.02,194209, 8580511, 62.29
SOUTHBANK,EQ, 24-Apr-2026,39.15,39.19,39.45,38.38,38.58,38.63,38.68,7254221,2806.0,21409, 3038542, 41.89
SURYODAY,EQ, 24-Apr-2026,145.55,145.0,146.21,142.4,144.61,145.2,144.22,129722,187.09,2371, 58449, 45.06
TMB,EQ, 24-Apr-2026,650.05,643.2,663.0,637.5,642.3,639.9,642.36,159722,1025.99,7317, 83831, 52.49
UCOBANK,EQ, 24-Apr-2026,26.62,26.74,26.87,26.25,26.55,26.47,26.48,5531288,1464.49,14870, 2052680, 37.11
UJJIVANSFB,EQ, 24-Apr-2026,58.51,58.45,58.51,56.6,56.66,56.79,57.21,5612123,3210.85,25025, 2752501, 49.05
UNIONBANK,EQ, 24-Apr-2026,179.71,179.3,180.75,174.4,176.6,177.0,176.79,27300659,48263.84,104639, 10933060, 40.05
UTKARSHBNK,EQ, 24-Apr-2026,14.05,14.2,14.2,13.65,13.76,13.76,13.89,3684814,511.69,5184, 1798307, 48.80
YESBANK,EQ, 24-Apr-2026,20.03,20.03,20.15,19.77,19.85,19.84,19.91,67059790,13352.69,79074, 29926497, 44.63
AUBANK,EQ, 27-Apr-2026,1065.65,1057.0,1059.9,1028.0,1040.5,1043.0,1042.73,1933016,20156.19,50350, 649514, 33.60
AXISBANK,EQ, 27-Apr-2026,1365.9,1325.0,1327.3,1299.9,1325.4,1324.2,1316.09,10768267,141719.62,368110, 6182792, 57.42
BANDHANBNK,EQ, 27-Apr-2026,174.67,174.6,182.6,174.07,181.45,181.87,179.77,14244510,25606.99,65347, 6399306, 44.92
BANKBARODA,EQ, 27-Apr-2026,274.13,275.19,277.2,272.7,273.5,273.99,274.07,6045069,16567.82,53658, 2944559, 48.71
BANKINDIA,EQ, 27-Apr-2026,147.44,148.6,149.8,147.25,147.72,147.51,148.02,4845169,7171.68,30455, 2002405, 41.33
CANBK,EQ, 27-Apr-2026,140.85,141.19,142.42,139.81,140.55,140.52,140.71,13700038,19277.81,64836, 5740798, 41.90
CAPITALSFB,EQ, 27-Apr-2026,258.87,258.88,264.15,258.31,263.75,263.65,262.45,13792,36.2,401, 9775, 70.87
CENTRALBK,EQ, 27-Apr-2026,36.01,36.27,36.66,36.19,36.54,36.52,36.49,4231078,1543.77,10250, 1769986, 41.83
CSBBANK,EQ, 27-Apr-2026,382.65,386.0,402.2,386.0,397.5,396.6,395.03,489618,1934.12,18233, 250599, 51.18
CUB,EQ, 27-Apr-2026,262.51,264.0,274.5,263.83,272.5,271.21,269.12,2888445,7773.45,41041, 1913628, 66.25
DCBBANK,EQ, 27-Apr-2026,193.37,199.0,205.9,189.4,189.98,190.92,195.75,5379421,10530.37,49969, 2322800, 43.18
DHANBANK,EQ, 27-Apr-2026,26.56,26.58,28.49,26.58,28.09,27.9,27.93,2199661,614.27,6170, 1154563, 52.49
EQUITASBNK,EQ, 27-Apr-2026,65.22,65.32,67.52,65.01,67.5,67.34,66.86,1879213,1256.39,11926, 892728, 47.51
ESAFSFB,EQ, 27-Apr-2026,23.35,23.36,24.5,23.36,24.3,24.31,24.2,517739,125.29,1807, 280773, 54.23
FEDERALBNK,EQ, 27-Apr-2026,293.0,294.7,297.65,292.8,295.0,294.05,295.08,3880432,11450.39,56811, 2053132, 52.91
FINOPB,EQ, 27-Apr-2026,130.96,131.35,139.15,129.2,137.4,137.57,135.57,486527,659.6,5959, 217793, 44.76
HDFCBANK,EQ, 27-Apr-2026,784.85,787.5,793.0,785.0,790.0,789.8,789.16,18115375,142959.37,278374, 10324992, 57.00
ICICIBANK,EQ, 27-Apr-2026,1326.2,1327.9,1335.9,1310.9,1316.6,1314.1,1319.21,15385625,202968.18,221899, 10123366, 65.80
IDBI,EQ, 27-Apr-2026,76.17,77.0,79.06,75.9,77.5,77.54,77.61,20280004,15740.13,54435, 5438427, 26.82
IDFCFIRSTB,EQ, 27-Apr-2026,67.23,67.86,70.49,67.85,70.45,70.27,69.42,49051353,34050.47,118798, 20181866, 41.14
INDIANB,EQ, 27-Apr-2026,909.9,918.8,929.85,909.0,914.0,912.65,916.12,1723294,15787.37,34454, 747758, 43.39
INDUSINDBK,EQ, 27-Apr-2026,847.95,865.2,903.5,865.2,900.45,900.15,888.7,11254307,100017.11,165285, 5356619, 47.60
IOB,EQ, 27-Apr-2026,35.01,35.28,35.41,35.12,35.34,35.32,35.3,3206899,1131.92,10972, 1497823, 46.71
J&KBANK,EQ, 27-Apr-2026,126.05,126.05,129.75,125.5,128.31,129.22,127.67,3848924,4914.03,25571, 1826896, 47.47
JSFB,EQ, 27-Apr-2026,459.35,464.95,480.05,460.2,478.35,477.1,471.1,585775,2759.57,8786, 298432, 50.95
KARURVYSYA,EQ, 27-Apr-2026,295.45,297.3,301.5,296.5,298.4,297.8,298.36,1646469,4912.41,26666, 767784, 46.63
KOTAKBANK,EQ, 27-Apr-2026,370.85,375.0,380.45,373.25,377.0,376.8,377.27,11559552,43610.39,133226, 6767293, 58.54
KTKBANK,EQ, 27-Apr-2026,242.04,243.0,255.9,242.99,254.4,254.32,251.46,3491065,8778.65,28834, 1827166, 52.34
MAHABANK,EQ, 27-Apr-2026,77.9,78.7,80.11,78.51,79.75,79.75,79.52,20410069,16230.52,54106, 10825834, 53.04
PNB,EQ, 27-Apr-2026,113.09,113.5,114.54,113.42,113.85,113.88,113.91,9479881,10798.08,31310, 3477691, 36.68
PSB,EQ, 27-Apr-2026,24.84,25.2,25.83,24.93,25.59,25.7,25.41,2156943,548.09,5447, 1190772, 55.21
RBLBANK,EQ, 27-Apr-2026,321.4,318.0,318.0,306.1,312.9,312.8,311.77,12137009,37839.32,83396, 3510932, 28.93
SBIN,EQ, 27-Apr-2026,1101.1,1110.95,1114.8,1103.4,1112.0,1111.85,1109.38,11624385,128958.63,189849, 6727510, 57.87
SOUTHBANK,EQ, 27-Apr-2026,38.63,39.2,40.47,39.04,39.95,39.91,39.82,16869125,6717.71,33867, 8531418, 50.57
SURYODAY,EQ, 27-Apr-2026,145.2,145.2,150.65,144.96,149.0,149.38,148.72,193002,287.04,2269, 107098, 55.49
TMB,EQ, 27-Apr-2026,639.9,644.15,725.0,644.15,688.0,697.3,699.61,6997356,48953.91,166262, 650496, 9.30
UCOBANK,EQ, 27-Apr-2026,26.47,26.51,26.93,26.26,26.51,26.55,26.53,7674310,2035.73,16915, 2998212, 39.07
UJJIVANSFB,EQ, 27-Apr-2026,56.79,56.86,57.74,56.73,57.57,57.52,57.39,7222704,4145.43,31748, 3173996, 43.94
UNIONBANK,EQ, 27-Apr-2026,177.0,177.2,178.8,175.36,175.99,176.1,176.7,17230436,30446.06,75195, 7599805, 44.11
UTKARSHBNK,EQ, 27-Apr-2026,13.76,13.95,14.35,13.86,14.24,14.27,14.15,5018048,710.14,6901, 2292059, 45.68
YESBANK,EQ, 27-Apr-2026,19.84,19.85,20.11,19.85,19.94,19.94,19.98,55466486,11082.03,60265, 26450215, 47.69
AUBANK,EQ, 28-Apr-2026,1043.0,1062.9,1062.9,1017.1,1023.0,1022.8,1037.27,5915671,61361.68,112192, 1938785, 32.77
AXISBANK,EQ, 28-Apr-2026,1324.2,1312.0,1321.4,1285.5,1288.8,1289.0,1297.09,9939787,128928.12,216728, 6051470, 60.88
BANDHANBNK,EQ, 28-Apr-2026,181.87,179.66,183.09,177.7,178.0,178.65,180.84,8518404,15404.43,39284, 3500718, 41.10
BANKBARODA,EQ, 28-Apr-2026,273.99,270.0,272.06,265.61,268.65,267.83,269.02,12427177,33431.56,71471, 4645722, 37.38
BANKINDIA,EQ, 28-Apr-2026,147.51,144.0,145.6,141.67,144.29,144.25,144.07,15483742,22307.67,75628, 5986831, 38.67
CANBK,EQ, 28-Apr-2026,140.52,136.27,138.36,136.21,137.4,137.1,137.19,22276591,30562.07,92209, 9556939, 42.90
CAPITALSFB,EQ, 28-Apr-2026,263.65,264.96,266.97,260.5,264.5,264.17,262.95,35324,92.88,568, 23345, 66.09
CENTRALBK,EQ, 28-Apr-2026,36.52,36.18,36.47,35.97,36.09,36.06,36.19,3841484,1390.33,11138, 1699977, 44.25
CSBBANK,EQ, 28-Apr-2026,396.6,399.9,406.4,392.2,393.3,393.55,399.63,685407,2739.11,12375, 326844, 47.69
CUB,EQ, 28-Apr-2026,271.21,281.52,293.51,273.21,275.6,275.65,283.35,17001285,48172.77,168211, 3587355, 21.10
DCBBANK,EQ, 28-Apr-2026,190.92,190.71,193.2,189.13,189.69,189.62,191.08,1501071,2868.29,23758, 800786, 53.35
DHANBANK,EQ, 28-Apr-2026,27.9,28.0,33.4,27.66,32.07,31.82,31.78,23532837,7479.77,44643, 4928002, 20.94
EQUITASBNK,EQ, 28-Apr-2026,67.34,67.0,67.29,66.33,66.33,66.59,66.85,914319,611.24,5880, 491724, 53.78
ESAFSFB,EQ, 28-Apr-2026,24.31,24.3,25.71,24.2,25.2,25.21,24.91,1065259,265.35,3589, 555265, 52.12
FEDERALBNK,EQ, 28-Apr-2026,294.05,292.85,295.85,290.0,291.0,290.6,291.82,6666139,19453.08,57457, 3841953, 57.63
FINOPB,EQ, 28-Apr-2026,137.57,135.01,139.9,131.35,133.9,133.4,135.05,408660,551.88,6065, 176991, 43.31
HDFCBANK,EQ, 28-Apr-2026,789.8,785.0,794.5,778.3,782.35,782.55,786.39,35366803,278122.43,333592, 18808136, 53.18
ICICIBANK,EQ, 28-Apr-2026,1314.1,1314.3,1317.7,1286.7,1289.1,1292.0,1300.34,16774778,218128.94,197497, 8021364, 47.82
IDBI,EQ, 28-Apr-2026,77.54,77.0,77.34,76.2,76.8,76.84,76.84,6106645,4692.13,23218, 2604166, 42.64
IDFCFIRSTB,EQ, 28-Apr-2026,70.27,69.68,69.98,68.5,68.95,68.71,69.08,25640804,17712.68,66438, 9780184, 38.14
INDIANB,EQ, 28-Apr-2026,912.65,902.0,909.7,894.4,899.0,896.1,900.84,1854563,16706.61,57841, 987721, 53.26
INDUSINDBK,EQ, 28-Apr-2026,900.15,890.15,895.7,882.45,885.0,885.55,889.4,5748485,51126.99,70832, 3727765, 64.85
IOB,EQ, 28-Apr-2026,35.32,35.32,35.35,34.9,34.99,34.97,35.12,3065979,1076.64,9363, 1317614, 42.98
J&KBANK,EQ, 28-Apr-2026,129.22,128.7,129.99,125.37,128.56,128.52,128.13,5203590,6667.42,33928, 2462625, 47.33
JSFB,EQ, 28-Apr-2026,477.1,478.0,494.0,471.1,490.5,491.5,486.82,734104,3573.77,15987, 368125, 50.15
KARURVYSYA,EQ, 28-Apr-2026,297.8,299.5,302.0,292.1,294.25,293.65,295.29,3174815,9374.76,46995, 1675955, 52.79
KOTAKBANK,EQ, 28-Apr-2026,376.8,372.0,383.25,372.0,377.25,377.95,379.13,12852733,48729.04,159001, 6948020, 54.06
KTKBANK,EQ, 28-Apr-2026,254.32,253.0,265.01,251.1,263.52,263.63,259.8,5284366,13728.82,38769, 2462724, 46.60
MAHABANK,EQ, 28-Apr-2026,79.75,77.0,79.13,76.45,77.95,77.74,78.23,24357922,19054.14,78627, 10086506, 41.41
PNB,EQ, 28-Apr-2026,113.88,112.5,113.0,111.21,111.5,111.39,111.88,20361676,22781.46,56281, 8998952, 44.20
PSB,EQ, 28-Apr-2026,25.7,25.73,26.0,25.0,25.06,25.08,25.27,4144134,1047.4,10737, 1889581, 45.60
RBLBANK,EQ, 28-Apr-2026,312.8,310.0,327.95,310.0,321.05,320.75,322.35,13444619,43338.82,75669, 4562755, 33.94
SBIN,EQ, 28-Apr-2026,1111.85,1102.3,1110.5,1089.15,1093.4,1091.3,1097.54,10727835,117742.71,177701, 4493353, 41.88
SOUTHBANK,EQ, 28-Apr-2026,39.91,39.91,40.2,39.3,39.5,39.54,39.72,15804049,6277.25,24853, 7477285, 47.31
SURYODAY,EQ, 28-Apr-2026,149.38,149.99,150.9,148.0,149.5,150.02,149.73,142955,214.05,2040, 87528, 61.23
TMB,EQ, 28-Apr-2026,697.3,688.0,760.0,684.95,735.0,738.55,738.77,4114483,30396.7,112063, 751566, 18.27
UCOBANK,EQ, 28-Apr-2026,26.55,26.49,26.51,26.17,26.24,26.26,26.32,6492194,1708.55,12786, 3123256, 48.11
UJJIVANSFB,EQ, 28-Apr-2026,57.52,57.55,58.0,56.0,56.09,56.07,56.58,10062901,5693.62,26892, 5265290, 52.32
UNIONBANK,EQ, 28-Apr-2026,176.1,173.25,174.3,169.17,171.05,170.48,171.02,37573622,64257.73,109083, 21516963, 57.27
UTKARSHBNK,EQ, 28-Apr-2026,14.27,14.25,14.31,13.96,14.03,14.03,14.12,4481727,633.03,5973, 2074993, 46.30
YESBANK,EQ, 28-Apr-2026,19.94,19.9,20.04,19.88,19.97,19.97,19.96,70300767,14033.01,66492, 35473052, 50.46
AUBANK,EQ, 29-Apr-2026,1022.8,1030.5,1037.2,1013.5,1013.5,1017.65,1024.11,1345598,13780.42,35871, 589747, 43.83
AXISBANK,EQ, 29-Apr-2026,1289.0,1295.0,1309.2,1279.0,1290.6,1296.4,1293.7,6228275,80575.13,135909, 3665015, 58.84
BANDHANBNK,EQ, 29-Apr-2026,178.65,186.01,204.44,186.01,198.67,198.3,198.26,127812255,253401.79,457619, 23023000, 18.01
BANKBARODA,EQ, 29-Apr-2026,267.83,269.2,271.81,267.4,268.3,268.25,269.77,5919525,15969.26,41702, 2206478, 37.27
BANKINDIA,EQ, 29-Apr-2026,144.25,145.0,147.25,142.72,143.22,143.21,145.45,9711019,14124.73,75132, 3907166, 40.23
CANBK,EQ, 29-Apr-2026,137.1,137.36,139.5,136.22,136.93,137.06,137.76,18218577,25098.3,63403, 7338296, 40.28
CAPITALSFB,EQ, 29-Apr-2026,264.17,264.17,277.5,259.49,271.61,271.59,273.64,253412,693.43,2986, 107388, 42.38
CENTRALBK,EQ, 29-Apr-2026,36.06,36.26,37.04,36.07,36.34,36.24,36.56,5406492,1976.37,15117, 2053471, 37.98
CSBBANK,EQ, 29-Apr-2026,393.55,396.0,400.45,390.1,391.7,391.55,395.1,317294,1253.64,12743, 141737, 44.67
CUB,EQ, 29-Apr-2026,275.65,277.0,282.49,274.41,277.53,277.37,278.45,2775552,7728.4,41716, 1245910, 44.89
DCBBANK,EQ, 29-Apr-2026,189.62,191.5,195.59,189.0,193.53,192.99,192.02,2140460,4110.07,25341, 1080035, 50.46
DHANBANK,EQ, 29-Apr-2026,31.82,32.64,33.49,30.07,30.49,30.43,31.58,9613911,3035.65,20162, 2828971, 29.43
EQUITASBNK,EQ, 29-Apr-2026,66.59,66.6,69.14,66.41,66.71,66.91,67.81,2666910,1808.31,12909, 1061835, 39.82
ESAFSFB,EQ, 29-Apr-2026,25.21,25.25,26.19,25.25,25.81,25.86,25.85,997205,257.75,3220, 481901, 48.33
FEDERALBNK,EQ, 29-Apr-2026,290.6,296.0,301.7,282.55,283.8,284.75,291.95,21186876,61855.97,207831, 5113286, 24.13
FINOPB,EQ, 29-Apr-2026,133.4,134.06,138.95,130.5,134.78,134.36,135.69,506666,687.49,5712, 163465, 32.26
HDFCBANK,EQ, 29-Apr-2026,782.55,785.5,790.0,777.35,778.3,779.0,783.9,25799963,202247.14,468032, 15285775, 59.25
ICICIBANK,EQ, 29-Apr-2026,1292.0,1294.7,1296.8,1276.2,1279.5,1281.0,1287.47,11716030,150840.09,191545, 7165480, 61.16
IDBI,EQ, 29-Apr-2026,76.84,77.5,78.07,76.35,76.85,76.75,77.22,8934370,6899.06,26741, 3177095, 35.56
IDFCFIRSTB,EQ, 29-Apr-2026,68.71,69.02,71.15,68.55,70.0,70.15,70.2,35995299,25268.29,78047, 14853662, 41.27
INDIANB,EQ, 29-Apr-2026,896.1,903.35,925.65,862.2,874.0,875.55,898.94,5461272,49093.5,100058, 1215399, 22.25
INDUSINDBK,EQ, 29-Apr-2026,885.55,891.0,925.0,891.0,913.0,913.75,913.73,3485256,31845.81,63189, 1226500, 35.19
IOB,EQ, 29-Apr-2026,34.97,35.1,36.39,35.03,35.29,35.17,35.7,24337688,8688.87,46088, 5140879, 21.12
J&KBANK,EQ, 29-Apr-2026,128.52,128.5,135.68,128.21,134.2,134.64,133.79,11378465,15222.87,70282, 6192600, 54.42
JSFB,EQ, 29-Apr-2026,491.5,493.0,501.0,461.05,468.0,466.15,479.06,844340,4044.89,20028, 433819, 51.38
KARURVYSYA,EQ, 29-Apr-2026,293.65,295.0,299.8,291.2,297.0,297.55,295.63,1905585,5633.51,34111, 938588, 49.25
KOTAKBANK,EQ, 29-Apr-2026,377.95,378.0,386.05,377.55,382.0,382.0,383.08,7913344,30314.79,141526, 4286505, 54.17
KTKBANK,EQ, 29-Apr-2026,263.63,263.0,271.44,261.43,267.63,268.33,268.13,5831407,15635.48,48714, 2760879, 47.34
MAHABANK,EQ, 29-Apr-2026,77.74,78.3,81.05,77.17,79.63,79.61,79.68,31621563,25195.52,94852, 12525956, 39.61
PNB,EQ, 29-Apr-2026,111.39,111.62,112.62,110.87,111.28,111.18,111.75,13295763,14857.49,49244, 5165287, 38.85
PSB,EQ, 29-Apr-2026,25.08,25.2,25.59,24.99,25.05,25.03,25.26,1997151,504.48,6607, 756361, 37.87
RBLBANK,EQ, 29-Apr-2026,320.75,323.0,345.65,321.8,341.3,341.2,339.11,22686762,76932.62,123951, 7754010, 34.18
SBIN,EQ, 29-Apr-2026,1091.3,1094.0,1105.0,1084.25,1088.4,1086.9,1095.45,10611104,116239.09,170982, 5916997, 55.76
SOUTHBANK,EQ, 29-Apr-2026,39.54,39.9,40.51,39.65,39.9,39.89,40.08,15184507,6085.84,21963, 5620472, 37.01
SURYODAY,EQ, 29-Apr-2026,150.02,148.01,154.5,148.01,152.01,152.6,152.72,315557,481.91,3861, 186172, 59.00
TMB,EQ, 29-Apr-2026,738.55,748.7,768.4,732.0,740.0,744.65,753.07,1323124,9964.08,43550, 446468, 33.74
UCOBANK,EQ, 29-Apr-2026,26.26,26.51,27.03,26.4,26.66,26.63,26.7,7254497,1937.22,18374, 2731223, 37.65
UJJIVANSFB,EQ, 29-Apr-2026,56.07,56.51,58.4,56.18,56.8,56.84,57.15,14496981,8284.85,46817, 7641858, 52.71
UNIONBANK,EQ, 29-Apr-2026,170.48,170.46,172.23,164.28,167.18,167.31,168.82,23790547,40163.31,95445, 10187863, 42.82
UTKARSHBNK,EQ, 29-Apr-2026,14.03,14.14,14.85,14.0,14.73,14.71,14.6,15963311,2330.31,16945, 8188913, 51.30
YESBANK,EQ, 29-Apr-2026,19.97,20.04,20.55,19.98,20.22,20.27,20.3,127592848,25901.44,85539, 54591151, 42.79
AUBANK,EQ, 30-Apr-2026,1017.65,1010.65,1025.95,998.0,1013.35,1015.95,1013.77,1815610,18406.17,56211, 814691, 44.87
AXISBANK,EQ, 30-Apr-2026,1296.4,1288.0,1288.0,1257.3,1275.5,1268.3,1265.98,16481853,208657.77,187325, 11569446, 70.20
BANDHANBNK,EQ, 30-Apr-2026,198.3,198.0,201.96,194.47,201.0,199.72,198.08,27193264,53865.18,135496, 7593002, 27.92
BANKBARODA,EQ, 30-Apr-2026,268.25,265.9,266.22,260.0,264.1,263.46,262.73,12323040,32376.03,85380, 6151430, 49.92
BANKINDIA,EQ, 30-Apr-2026,143.21,142.21,142.3,138.83,139.94,139.87,140.05,10512024,14721.92,63399, 4645352, 44.19
CANBK,EQ, 30-Apr-2026,137.06,136.71,136.71,133.46,134.7,134.65,134.33,20009501,26878.25,87601, 8396197, 41.96
CAPITALSFB,EQ, 30-Apr-2026,271.59,280.0,280.99,272.42,280.0,279.56,278.1,157996,439.39,2714, 81268, 51.44
CENTRALBK,EQ, 30-Apr-2026,36.24,36.24,36.55,35.8,36.43,36.42,36.23,5251531,1902.51,14473, 1740128, 33.14
CSBBANK,EQ, 30-Apr-2026,391.55,390.5,391.4,381.0,386.0,381.95,383.99,392044,1505.42,13422, 180127, 45.95
CUB,EQ, 30-Apr-2026,277.37,277.04,277.37,268.6,270.0,270.09,272.01,1698427,4619.84,34972, 834739, 49.15
DCBBANK,EQ, 30-Apr-2026,192.99,192.99,193.09,184.11,187.0,186.76,186.9,1697424,3172.41,19370, 670470, 39.50
DHANBANK,EQ, 30-Apr-2026,30.43,30.4,31.36,29.66,30.58,30.41,30.43,3633933,1105.62,10588, 836202, 23.01
EQUITASBNK,EQ, 30-Apr-2026,66.91,66.91,67.93,66.18,66.8,66.85,66.96,1828534,1224.35,13110, 834379, 45.63
ESAFSFB,EQ, 30-Apr-2026,25.86,25.7,27.0,25.35,26.49,26.4,26.27,1267396,332.89,3142, 667818, 52.69
FEDERALBNK,EQ, 30-Apr-2026,284.75,284.7,287.95,280.0,287.6,286.95,284.21,13939720,39618.01,160165, 7251085, 52.02
FINOPB,EQ, 30-Apr-2026,134.36,129.85,130.0,122.05,126.8,126.22,125.29,1063898,1333.0,9338, 319963, 30.07
HDFCBANK,EQ, 30-Apr-2026,779.0,770.0,778.8,762.25,774.75,771.7,770.36,47998755,369763.53,568313, 22915732, 47.74
ICICIBANK,EQ, 30-Apr-2026,1281.0,1261.0,1272.2,1259.0,1265.7,1263.4,1264.67,17740110,224354.15,261998, 8202254, 46.24
IDBI,EQ, 30-Apr-2026,76.75,76.5,77.4,75.41,76.0,75.88,76.04,9367356,7123.05,32669, 2490640, 26.59
IDFCFIRSTB,EQ, 30-Apr-2026,70.15,69.7,70.0,68.93,69.75,69.64,69.51,24354003,16928.04,73308, 11485865, 47.16
INDIANB,EQ, 30-Apr-2026,875.55,863.0,863.0,812.7,849.9,851.85,839.8,9226296,77482.87,226845, 3329456, 36.09
INDUSINDBK,EQ, 30-Apr-2026,913.75,906.0,920.0,895.25,920.0,916.05,910.04,3438569,31292.51,61423, 1573394, 45.76
IOB,EQ, 30-Apr-2026,35.17,35.35,35.48,34.82,35.04,35.0,35.14,7008829,2463.14,13578, 2515982, 35.90
J&KBANK,EQ, 30-Apr-2026,134.64,132.8,133.11,128.3,129.85,129.02,130.36,3966446,5170.83,29299, 2056942, 51.86
JSFB,EQ, 30-Apr-2026,466.15,468.0,483.3,453.65,456.0,458.15,466.85,1135453,5300.82,22425, 523120, 46.07
KARURVYSYA,EQ, 30-Apr-2026,297.55,295.5,298.5,290.65,292.55,293.5,294.21,2330041,6855.17,32500, 1239487, 53.20
KOTAKBANK,EQ, 30-Apr-2026,382.0,376.6,386.85,375.3,383.75,383.3,381.6,24812228,94682.92,177003, 16104109, 64.90
KTKBANK,EQ, 30-Apr-2026,268.33,268.33,270.5,262.47,268.43,268.61,266.71,3691889,9846.74,28534, 1465749, 39.70
MAHABANK,EQ, 30-Apr-2026,79.61,79.5,79.63,77.63,78.5,78.37,78.41,14941513,11716.11,57037, 5730419, 38.35
PNB,EQ, 30-Apr-2026,111.18,110.8,110.8,108.11,109.5,109.36,109.12,16391067,17886.63,62018, 6084657, 37.12
PSB,EQ, 30-Apr-2026,25.03,25.25,25.25,24.76,24.94,24.93,24.99,1129996,282.38,4796, 523376, 46.32
RBLBANK,EQ, 30-Apr-2026,341.2,340.4,341.6,333.8,337.9,336.55,337.12,6723354,22665.99,43237, 2526625, 37.58
SBIN,EQ, 30-Apr-2026,1086.9,1075.0,1077.7,1063.0,1071.95,1068.45,1069.56,14269539,152621.34,229719, 6670067, 46.74
SOUTHBANK,EQ, 30-Apr-2026,39.89,39.89,39.9,39.12,39.57,39.46,39.43,11979882,4723.91,23673, 5407504, 45.14
SURYODAY,EQ, 30-Apr-2026,152.6,150.25,154.8,150.25,153.0,152.89,153.12,263440,403.37,2811, 141339, 53.65
TMB,EQ, 30-Apr-2026,744.65,739.0,749.4,728.15,736.0,739.65,737.03,498099,3671.13,24206, 174091, 34.95
UCOBANK,EQ, 30-Apr-2026,26.63,26.63,26.9,26.31,26.88,26.79,26.62,6665927,1774.39,15413, 2157255, 32.36
UJJIVANSFB,EQ, 30-Apr-2026,56.84,56.75,57.6,55.85,57.25,56.88,56.91,30333189,17262.44,57092, 19126272, 63.05
UNIONBANK,EQ, 30-Apr-2026,167.31,165.0,166.75,162.61,165.94,165.94,164.86,17097157,28186.96,89809, 7320501, 42.82
UTKARSHBNK,EQ, 30-Apr-2026,14.71,14.71,15.07,14.25,14.5,14.43,14.58,8485952,1237.43,14047, 3597536, 42.39
YESBANK,EQ, 30-Apr-2026,20.27,20.25,20.25,19.86,19.99,19.93,19.96,68337795,13642.3,70293, 28366146, 41.51
AUBANK,EQ, 30-Apr-2026,1017.65,1010.65,1025.95,998.0,1013.35,1015.95,1013.77,1815610,18406.17,56211, 814691, 44.87
AXISBANK,EQ, 30-Apr-2026,1296.4,1288.0,1288.0,1257.3,1275.5,1268.3,1265.98,16481853,208657.77,187325, 11569446, 70.20
BANDHANBNK,EQ, 30-Apr-2026,198.3,198.0,201.96,194.47,201.0,199.72,198.08,27193264,53865.18,135496, 7593002, 27.92
BANKBARODA,EQ, 30-Apr-2026,268.25,265.9,266.22,260.0,264.1,263.46,262.73,12323040,32376.03,85380, 6151430, 49.92
BANKINDIA,EQ, 30-Apr-2026,143.21,142.21,142.3,138.83,139.94,139.87,140.05,10512024,14721.92,63399, 4645352, 44.19
CANBK,EQ, 30-Apr-2026,137.06,136.71,136.71,133.46,134.7,134.65,134.33,20009501,26878.25,87601, 8396197, 41.96
CAPITALSFB,EQ, 30-Apr-2026,271.59,280.0,280.99,272.42,280.0,279.56,278.1,157996,439.39,2714, 81268, 51.44
CENTRALBK,EQ, 30-Apr-2026,36.24,36.24,36.55,35.8,36.43,36.42,36.23,5251531,1902.51,14473, 1740128, 33.14
CSBBANK,EQ, 30-Apr-2026,391.55,390.5,391.4,381.0,386.0,381.95,383.99,392044,1505.42,13422, 180127, 45.95
CUB,EQ, 30-Apr-2026,277.37,277.04,277.37,268.6,270.0,270.09,272.01,1698427,4619.84,34972, 834739, 49.15
DCBBANK,EQ, 30-Apr-2026,192.99,192.99,193.09,184.11,187.0,186.76,186.9,1697424,3172.41,19370, 670470, 39.50
DHANBANK,EQ, 30-Apr-2026,30.43,30.4,31.36,29.66,30.58,30.41,30.43,3633933,1105.62,10588, 836202, 23.01
EQUITASBNK,EQ, 30-Apr-2026,66.91,66.91,67.93,66.18,66.8,66.85,66.96,1828534,1224.35,13110, 834379, 45.63
ESAFSFB,EQ, 30-Apr-2026,25.86,25.7,27.0,25.35,26.49,26.4,26.27,1267396,332.89,3142, 667818, 52.69
FEDERALBNK,EQ, 30-Apr-2026,284.75,284.7,287.95,280.0,287.6,286.95,284.21,13939720,39618.01,160165, 7251085, 52.02
FINOPB,EQ, 30-Apr-2026,134.36,129.85,130.0,122.05,126.8,126.22,125.29,1063898,1333.0,9338, 319963, 30.07
HDFCBANK,EQ, 30-Apr-2026,779.0,770.0,778.8,762.25,774.75,771.7,770.36,47998755,369763.53,568313, 22915732, 47.74
ICICIBANK,EQ, 30-Apr-2026,1281.0,1261.0,1272.2,1259.0,1265.7,1263.4,1264.67,17740110,224354.15,261998, 8202254, 46.24
IDBI,EQ, 30-Apr-2026,76.75,76.5,77.4,75.41,76.0,75.88,76.04,9367356,7123.05,32669, 2490640, 26.59
IDFCFIRSTB,EQ, 30-Apr-2026,70.15,69.7,70.0,68.93,69.75,69.64,69.51,24354003,16928.04,73308, 11485865, 47.16
INDIANB,EQ, 30-Apr-2026,875.55,863.0,863.0,812.7,849.9,851.85,839.8,9226296,77482.87,226845, 3329456, 36.09
INDUSINDBK,EQ, 30-Apr-2026,913.75,906.0,920.0,895.25,920.0,916.05,910.04,3438569,31292.51,61423, 1573394, 45.76
IOB,EQ, 30-Apr-2026,35.17,35.35,35.48,34.82,35.04,35.0,35.14,7008829,2463.14,13578, 2515982, 35.90
J&KBANK,EQ, 30-Apr-2026,134.64,132.8,133.11,128.3,129.85,129.02,130.36,3966446,5170.83,29299, 2056942, 51.86
JSFB,EQ, 30-Apr-2026,466.15,468.0,483.3,453.65,456.0,458.15,466.85,1135453,5300.82,22425, 523120, 46.07
KARURVYSYA,EQ, 30-Apr-2026,297.55,295.5,298.5,290.65,292.55,293.5,294.21,2330041,6855.17,32500, 1239487, 53.20
KOTAKBANK,EQ, 30-Apr-2026,382.0,376.6,386.85,375.3,383.75,383.3,381.6,24812228,94682.92,177003, 16104109, 64.90
KTKBANK,EQ, 30-Apr-2026,268.33,268.33,270.5,262.47,268.43,268.61,266.71,3691889,9846.74,28534, 1465749, 39.70
MAHABANK,EQ, 30-Apr-2026,79.61,79.5,79.63,77.63,78.5,78.37,78.41,14941513,11716.11,57037, 5730419, 38.35
PNB,EQ, 30-Apr-2026,111.18,110.8,110.8,108.11,109.5,109.36,109.12,16391067,17886.63,62018, 6084657, 37.12
PSB,EQ, 30-Apr-2026,25.03,25.25,25.25,24.76,24.94,24.93,24.99,1129996,282.38,4796, 523376, 46.32
RBLBANK,EQ, 30-Apr-2026,341.2,340.4,341.6,333.8,337.9,336.55,337.12,6723354,22665.99,43237, 2526625, 37.58
SBIN,EQ, 30-Apr-2026,1086.9,1075.0,1077.7,1063.0,1071.95,1068.45,1069.56,14269539,152621.34,229719, 6670067, 46.74
SOUTHBANK,EQ, 30-Apr-2026,39.89,39.89,39.9,39.12,39.57,39.46,39.43,11979882,4723.91,23673, 5407504, 45.14
SURYODAY,EQ, 30-Apr-2026,152.6,150.25,154.8,150.25,153.0,152.89,153.12,263440,403.37,2811, 141339, 53.65
TMB,EQ, 30-Apr-2026,744.65,739.0,749.4,728.15,736.0,739.65,737.03,498099,3671.13,24206, 174091, 34.95
UCOBANK,EQ, 30-Apr-2026,26.63,26.63,26.9,26.31,26.88,26.79,26.62,6665927,1774.39,15413, 2157255, 32.36
UJJIVANSFB,EQ, 30-Apr-2026,56.84,56.75,57.6,55.85,57.25,56.88,56.91,30333189,17262.44,57092, 19126272, 63.05
UNIONBANK,EQ, 30-Apr-2026,167.31,165.0,166.75,162.61,165.94,165.94,164.86,17097157,28186.96,89809, 7320501, 42.82
UTKARSHBNK,EQ, 30-Apr-2026,14.71,14.71,15.07,14.25,14.5,14.43,14.58,8485952,1237.43,14047, 3597536, 42.39
YESBANK,EQ, 30-Apr-2026,20.27,20.25,20.25,19.86,19.99,19.93,19.96,68337795,13642.3,70293, 28366146, 41.51
AUBANK,EQ, 30-Apr-2026,1017.65,1010.65,1025.95,998.0,1013.35,1015.95,1013.77,1815610,18406.17,56211, 814691, 44.87
AXISBANK,EQ, 30-Apr-2026,1296.4,1288.0,1288.0,1257.3,1275.5,1268.3,1265.98,16481853,208657.77,187325, 11569446, 70.20
BANDHANBNK,EQ, 30-Apr-2026,198.3,198.0,201.96,194.47,201.0,199.72,198.08,27193264,53865.18,135496, 7593002, 27.92
BANKBARODA,EQ, 30-Apr-2026,268.25,265.9,266.22,260.0,264.1,263.46,262.73,12323040,32376.03,85380, 6151430, 49.92
BANKINDIA,EQ, 30-Apr-2026,143.21,142.21,142.3,138.83,139.94,139.87,140.05,10512024,14721.92,63399, 4645352, 44.19
CANBK,EQ, 30-Apr-2026,137.06,136.71,136.71,133.46,134.7,134.65,134.33,20009501,26878.25,87601, 8396197, 41.96
CAPITALSFB,EQ, 30-Apr-2026,271.59,280.0,280.99,272.42,280.0,279.56,278.1,157996,439.39,2714, 81268, 51.44
CENTRALBK,EQ, 30-Apr-2026,36.24,36.24,36.55,35.8,36.43,36.42,36.23,5251531,1902.51,14473, 1740128, 33.14
CSBBANK,EQ, 30-Apr-2026,391.55,390.5,391.4,381.0,386.0,381.95,383.99,392044,1505.42,13422, 180127, 45.95
CUB,EQ, 30-Apr-2026,277.37,277.04,277.37,268.6,270.0,270.09,272.01,1698427,4619.84,34972, 834739, 49.15
DCBBANK,EQ, 30-Apr-2026,192.99,192.99,193.09,184.11,187.0,186.76,186.9,1697424,3172.41,19370, 670470, 39.50
DHANBANK,EQ, 30-Apr-2026,30.43,30.4,31.36,29.66,30.58,30.41,30.43,3633933,1105.62,10588, 836202, 23.01
EQUITASBNK,EQ, 30-Apr-2026,66.91,66.91,67.93,66.18,66.8,66.85,66.96,1828534,1224.35,13110, 834379, 45.63
ESAFSFB,EQ, 30-Apr-2026,25.86,25.7,27.0,25.35,26.49,26.4,26.27,1267396,332.89,3142, 667818, 52.69
FEDERALBNK,EQ, 30-Apr-2026,284.75,284.7,287.95,280.0,287.6,286.95,284.21,13939720,39618.01,160165, 7251085, 52.02
FINOPB,EQ, 30-Apr-2026,134.36,129.85,130.0,122.05,126.8,126.22,125.29,1063898,1333.0,9338, 319963, 30.07
HDFCBANK,EQ, 30-Apr-2026,779.0,770.0,778.8,762.25,774.75,771.7,770.36,47998755,369763.53,568313, 22915732, 47.74
ICICIBANK,EQ, 30-Apr-2026,1281.0,1261.0,1272.2,1259.0,1265.7,1263.4,1264.67,17740110,224354.15,261998, 8202254, 46.24
IDBI,EQ, 30-Apr-2026,76.75,76.5,77.4,75.41,76.0,75.88,76.04,9367356,7123.05,32669, 2490640, 26.59
IDFCFIRSTB,EQ, 30-Apr-2026,70.15,69.7,70.0,68.93,69.75,69.64,69.51,24354003,16928.04,73308, 11485865, 47.16
INDIANB,EQ, 30-Apr-2026,875.55,863.0,863.0,812.7,849.9,851.85,839.8,9226296,77482.87,226845, 3329456, 36.09
INDUSINDBK,EQ, 30-Apr-2026,913.75,906.0,920.0,895.25,920.0,916.05,910.04,3438569,31292.51,61423, 1573394, 45.76
IOB,EQ, 30-Apr-2026,35.17,35.35,35.48,34.82,35.04,35.0,35.14,7008829,2463.14,13578, 2515982, 35.90
J&KBANK,EQ, 30-Apr-2026,134.64,132.8,133.11,128.3,129.85,129.02,130.36,3966446,5170.83,29299, 2056942, 51.86
JSFB,EQ, 30-Apr-2026,466.15,468.0,483.3,453.65,456.0,458.15,466.85,1135453,5300.82,22425, 523120, 46.07
KARURVYSYA,EQ, 30-Apr-2026,297.55,295.5,298.5,290.65,292.55,293.5,294.21,2330041,6855.17,32500, 1239487, 53.20
KOTAKBANK,EQ, 30-Apr-2026,382.0,376.6,386.85,375.3,383.75,383.3,381.6,24812228,94682.92,177003, 16104109, 64.90
KTKBANK,EQ, 30-Apr-2026,268.33,268.33,270.5,262.47,268.43,268.61,266.71,3691889,9846.74,28534, 1465749, 39.70
MAHABANK,EQ, 30-Apr-2026,79.61,79.5,79.63,77.63,78.5,78.37,78.41,14941513,11716.11,57037, 5730419, 38.35
PNB,EQ, 30-Apr-2026,111.18,110.8,110.8,108.11,109.5,109.36,109.12,16391067,17886.63,62018, 6084657, 37.12
PSB,EQ, 30-Apr-2026,25.03,25.25,25.25,24.76,24.94,24.93,24.99,1129996,282.38,4796, 523376, 46.32
RBLBANK,EQ, 30-Apr-2026,341.2,340.4,341.6,333.8,337.9,336.55,337.12,6723354,22665.99,43237, 2526625, 37.58
SBIN,EQ, 30-Apr-2026,1086.9,1075.0,1077.7,1063.0,1071.95,1068.45,1069.56,14269539,152621.34,229719, 6670067, 46.74
SOUTHBANK,EQ, 30-Apr-2026,39.89,39.89,39.9,39.12,39.57,39.46,39.43,11979882,4723.91,23673, 5407504, 45.14
SURYODAY,EQ, 30-Apr-2026,152.6,150.25,154.8,150.25,153.0,152.89,153.12,263440,403.37,2811, 141339, 53.65
TMB,EQ, 30-Apr-2026,744.65,739.0,749.4,728.15,736.0,739.65,737.03,498099,3671.13,24206, 174091, 34.95
UCOBANK,EQ, 30-Apr-2026,26.63,26.63,26.9,26.31,26.88,26.79,26.62,6665927,1774.39,15413, 2157255, 32.36
UJJIVANSFB,EQ, 30-Apr-2026,56.84,56.75,57.6,55.85,57.25,56.88,56.91,30333189,17262.44,57092, 19126272, 63.05
UNIONBANK,EQ, 30-Apr-2026,167.31,165.0,166.75,162.61,165.94,165.94,164.86,17097157,28186.96,89809, 7320501, 42.82
UTKARSHBNK,EQ, 30-Apr-2026,14.71,14.71,15.07,14.25,14.5,14.43,14.58,8485952,1237.43,14047, 3597536, 42.39
YESBANK,EQ, 30-Apr-2026,20.27,20.25,20.25,19.86,19.99,19.93,19.96,68337795,13642.3,70293, 28366146, 41.51
AUBANK,EQ, 04-May-2026,1015.95,1023.7,1035.2,1012.1,1015.0,1015.0,1022.42,1380886,14118.43,52036, 746908, 54.09
AXISBANK,EQ, 04-May-2026,1268.3,1268.3,1294.4,1264.5,1277.5,1275.1,1276.82,9759479,124610.58,154772, 6503810, 66.64
BANDHANBNK,EQ, 04-May-2026,199.72,202.7,212.66,201.3,206.5,206.76,207.91,40101677,83374.91,195949, 12653591, 31.55
BANKBARODA,EQ, 04-May-2026,263.46,264.95,271.6,264.2,265.9,265.1,267.78,6230309,16683.75,53862, 2333803, 37.46
BANKINDIA,EQ, 04-May-2026,139.87,140.01,142.6,138.23,138.9,138.66,140.12,11205255,15700.68,49521, 5799573, 51.76
CANBK,EQ, 04-May-2026,134.65,135.34,137.78,134.18,135.0,134.8,135.93,11387717,15479.09,79384, 3871995, 34.00
CAPITALSFB,EQ, 04-May-2026,279.56,280.0,283.8,275.1,276.0,275.9,278.37,26236,73.03,920, 13877, 52.89
CENTRALBK,EQ, 04-May-2026,36.42,36.01,36.09,35.42,35.61,35.58,35.66,8422830,3003.63,24276, 3902454, 46.33
CSBBANK,EQ, 04-May-2026,381.95,381.95,413.0,381.65,392.0,392.2,398.41,3880640,15460.95,76455, 543634, 14.01
CUB,EQ, 04-May-2026,270.09,271.0,275.8,269.05,270.5,271.85,272.52,2113460,5759.57,58786, 1211751, 57.33
DCBBANK,EQ, 04-May-2026,186.76,186.76,190.98,183.0,185.0,185.66,186.68,1847493,3448.87,28046, 987679, 53.46
DHANBANK,EQ, 04-May-2026,30.41,30.4,31.3,30.0,30.51,30.83,30.83,2014128,620.9,5731, 931326, 46.24
EQUITASBNK,EQ, 04-May-2026,66.85,71.0,74.6,69.33,71.4,70.9,72.51,51260989,37170.99,170981, 9586815, 18.70
ESAFSFB,EQ, 04-May-2026,26.4,26.25,27.6,26.12,26.4,26.56,26.75,2434443,651.26,5196, 906132, 37.22
FEDERALBNK,EQ, 04-May-2026,286.95,290.0,291.65,287.4,289.05,289.15,289.57,5494699,15911.26,91497, 2626712, 47.80
FINOPB,EQ, 04-May-2026,126.22,128.0,128.94,125.73,126.86,127.04,127.47,261113,332.84,3930, 87431, 33.48
HDFCBANK,EQ, 04-May-2026,771.7,772.6,786.6,772.6,779.5,779.4,779.72,29028060,226337.11,382758, 17025706, 58.65
ICICIBANK,EQ, 04-May-2026,1263.4,1264.3,1282.2,1264.3,1269.0,1270.8,1273.13,14597051,185838.85,178442, 9584278, 65.66
IDBI,EQ, 04-May-2026,75.88,76.1,76.48,74.41,74.95,74.87,75.1,5940602,4461.44,25307, 2231814, 37.57
IDFCFIRSTB,EQ, 04-May-2026,69.64,70.07,70.72,69.23,69.75,69.59,69.99,20416007,14289.64,77606, 11485600, 56.26
INDIANB,EQ, 04-May-2026,851.85,857.95,861.65,827.15,828.5,830.35,836.95,3272979,27393.3,86617, 1657417, 50.64
INDUSINDBK,EQ, 04-May-2026,916.05,925.25,942.4,911.1,912.95,913.9,926.92,1973688,18294.55,58374, 884189, 44.80
IOB,EQ, 04-May-2026,35.0,35.1,35.38,34.68,34.9,34.87,34.94,4552511,1590.74,13023, 1847929, 40.59
J&KBANK,EQ, 04-May-2026,129.02,130.01,133.0,130.01,131.99,131.64,131.74,3801850,5008.66,24937, 1653294, 43.49
JSFB,EQ, 04-May-2026,458.15,463.35,465.0,440.2,446.05,446.65,451.1,593835,2678.8,12574, 322305, 54.28
KARURVYSYA,EQ, 04-May-2026,293.5,293.6,306.2,293.6,299.0,297.4,300.0,4267994,12804.15,54621, 2020360, 47.34
KOTAKBANK,EQ, 04-May-2026,383.3,378.9,382.05,363.0,371.1,371.65,372.83,74467483,277638.37,733002, 51534409, 69.20
KTKBANK,EQ, 04-May-2026,268.61,269.6,275.3,266.2,273.2,274.4,272.1,3909826,10638.73,38352, 2185825, 55.91
MAHABANK,EQ, 04-May-2026,78.37,79.0,80.12,78.93,79.15,79.3,79.51,17922648,14250.87,54144, 7027344, 39.21
PNB,EQ, 04-May-2026,109.36,109.5,111.68,108.13,108.9,108.68,109.69,16736881,18358.95,78917, 6546376, 39.11
PSB,EQ, 04-May-2026,24.93,25.0,25.25,24.8,24.86,24.84,25.0,805014,201.28,5001, 401468, 49.87
RBLBANK,EQ, 04-May-2026,336.55,339.0,344.55,327.65,329.8,330.2,335.04,6713512,22493.01,46722, 2159121, 32.16
SBIN,EQ, 04-May-2026,1068.45,1063.6,1089.1,1063.6,1067.5,1068.4,1076.63,11693211,125892.91,162818, 6887314, 58.90
SOUTHBANK,EQ, 04-May-2026,39.46,39.34,41.49,39.31,41.13,41.06,40.9,26577668,10871.45,54584, 10232506, 38.50
SURYODAY,EQ, 04-May-2026,152.89,152.17,159.5,152.17,155.15,155.9,156.59,291036,455.72,3698, 165735, 56.95
TMB,EQ, 04-May-2026,739.65,748.15,770.0,732.0,733.05,734.9,752.41,546466,4111.65,23306, 202969, 37.14
UCOBANK,EQ, 04-May-2026,26.79,26.81,26.93,26.5,26.63,26.63,26.66,5567709,1484.31,14416, 2328704, 41.83
UJJIVANSFB,EQ, 04-May-2026,56.88,57.5,61.76,57.5,61.25,61.37,60.55,31233815,18911.87,134677, 16466824, 52.72
UNIONBANK,EQ, 04-May-2026,165.94,167.0,168.5,163.32,164.05,163.77,165.58,14524787,24050.46,105876, 7485104, 51.53
UTKARSHBNK,EQ, 04-May-2026,14.43,14.5,15.09,14.5,14.79,14.71,14.84,12784895,1897.38,21887, 6994847, 54.71
YESBANK,EQ, 04-May-2026,19.93,19.99,20.25,19.87,19.96,19.96,20.06,64921421,13025.0,69171, 28157339, 43.37
AUBANK,EQ, 05-May-2026,1015.0,1015.0,1015.0,1002.1,1009.0,1007.1,1008.04,1582710,15954.34,58555, 921808, 58.24
AXISBANK,EQ, 05-May-2026,1275.1,1268.0,1273.7,1252.0,1257.8,1259.7,1264.88,10163714,128558.95,130933, 5180971, 50.98
BANDHANBNK,EQ, 05-May-2026,206.76,206.41,208.0,204.1,206.3,206.44,206.19,14086514,29044.35,59654, 5293401, 37.58
BANKBARODA,EQ, 05-May-2026,265.1,265.4,265.8,261.55,263.1,263.4,263.8,6130906,16173.42,88271, 2902385, 47.34
BANKINDIA,EQ, 05-May-2026,138.66,138.7,139.69,136.74,138.51,138.58,138.36,8548754,11828.45,42500, 2903986, 33.97
CANBK,EQ, 05-May-2026,134.8,134.98,135.33,133.13,134.36,134.31,134.36,11758309,15798.38,57913, 4466153, 37.98
CAPITALSFB,EQ, 05-May-2026,275.9,275.0,278.95,274.95,277.0,275.5,276.0,37264,102.85,741, 23506, 63.08
CENTRALBK,EQ, 05-May-2026,35.58,35.58,36.3,35.45,36.12,36.07,35.91,4925298,1768.49,13124, 1998054, 40.57
CSBBANK,EQ, 05-May-2026,392.2,389.0,389.6,383.55,386.0,386.1,386.31,507835,1961.84,10264, 180946, 35.63
CUB,EQ, 05-May-2026,271.85,270.9,272.0,265.25,269.3,269.3,269.14,2358753,6348.45,46663, 1408348, 59.71
DCBBANK,EQ, 05-May-2026,185.66,185.0,185.47,180.0,180.9,180.57,181.1,1474348,2669.98,20735, 829251, 56.25
DHANBANK,EQ, 05-May-2026,30.83,31.11,31.5,30.11,30.84,30.68,30.88,1499990,463.16,4833, 683658, 45.58
EQUITASBNK,EQ, 05-May-2026,70.9,72.15,73.38,70.4,70.69,70.55,71.76,7714403,5535.71,35223, 2605717, 33.78
ESAFSFB,EQ, 05-May-2026,26.56,26.59,27.0,26.42,26.98,26.86,26.7,465201,124.21,1578, 278663, 59.90
FEDERALBNK,EQ, 05-May-2026,289.15,289.35,295.0,286.6,291.5,292.6,291.79,5869785,17127.71,73634, 2655883, 45.25
FINOPB,EQ, 05-May-2026,127.04,128.0,131.43,126.11,130.0,130.37,129.72,259144,336.16,4436, 104116, 40.18
HDFCBANK,EQ, 05-May-2026,779.4,774.4,776.9,763.7,773.2,772.3,771.31,38887657,299943.78,491093, 17920543, 46.08
ICICIBANK,EQ, 05-May-2026,1270.8,1264.0,1266.7,1245.5,1250.9,1251.3,1252.12,24447935,306118.5,257742, 12474285, 51.02
IDBI,EQ, 05-May-2026,74.87,74.5,74.86,73.76,74.85,74.53,74.36,4513044,3355.81,20137, 1382095, 30.62
IDFCFIRSTB,EQ, 05-May-2026,69.59,69.51,69.59,68.36,68.84,68.75,68.91,15316962,10554.92,52260, 6452906, 42.13
INDIANB,EQ, 05-May-2026,830.35,825.15,853.25,818.35,849.9,848.75,836.5,3440456,28779.42,78946, 1543450, 44.86
INDUSINDBK,EQ, 05-May-2026,913.9,911.1,918.1,903.0,909.0,910.7,911.73,2006111,18290.27,62770, 1051102, 52.40
IOB,EQ, 05-May-2026,34.87,34.87,35.0,34.5,34.65,34.56,34.7,3684952,1278.57,10751, 1618078, 43.91
J&KBANK,EQ, 05-May-2026,131.64,131.99,137.25,131.99,134.99,134.75,135.36,7171630,9707.66,51766, 3222612, 44.94
JSFB,EQ, 05-May-2026,446.65,437.95,458.15,429.95,455.2,447.85,441.97,485442,2145.49,10718, 218103, 44.93
KARURVYSYA,EQ, 05-May-2026,297.4,299.55,301.0,295.6,299.7,298.8,297.72,2573610,7662.12,41001, 1383920, 53.77
KOTAKBANK,EQ, 05-May-2026,371.65,371.0,375.5,368.75,371.6,371.35,372.7,19084772,71128.28,202863, 11922634, 62.47
KTKBANK,EQ, 05-May-2026,274.4,272.7,273.45,265.5,269.65,269.6,269.88,2259134,6096.94,31741, 974401, 43.13
MAHABANK,EQ, 05-May-2026,79.3,78.8,81.59,78.13,81.3,81.24,80.5,28560769,22990.61,81091, 12140426, 42.51
PNB,EQ, 05-May-2026,108.68,108.8,111.41,105.45,108.0,107.89,108.2,57260623,61953.4,148732, 10997211, 19.21
PSB,EQ, 05-May-2026,24.84,24.89,25.15,24.77,24.94,24.93,24.95,781864,195.06,4192, 304857, 38.99
RBLBANK,EQ, 05-May-2026,330.2,330.3,335.7,326.15,332.9,332.95,332.53,4319761,14364.49,63796, 1702965, 39.42
SBIN,EQ, 05-May-2026,1068.4,1060.6,1068.5,1049.4,1060.0,1059.9,1060.29,12194631,129298.33,222176, 4566629, 37.45
SOUTHBANK,EQ, 05-May-2026,41.06,41.08,41.38,40.6,41.04,40.95,40.97,13368043,5476.54,27823, 5191786, 38.84
SURYODAY,EQ, 05-May-2026,155.9,152.17,161.23,151.0,159.65,159.34,157.94,532915,841.7,5984, 219919, 41.27
TMB,EQ, 05-May-2026,734.9,734.0,741.2,725.1,727.0,728.55,732.07,264961,1939.69,12985, 121250, 45.76
UCOBANK,EQ, 05-May-2026,26.63,26.63,26.75,26.4,26.51,26.48,26.55,4293575,1140.13,12414, 1711013, 39.85
UJJIVANSFB,EQ, 05-May-2026,61.37,61.4,62.2,60.77,61.82,61.75,61.51,11813879,7266.88,43025, 4330481, 36.66
UNIONBANK,EQ, 05-May-2026,163.77,163.5,164.4,161.44,163.9,163.74,163.01,12119775,19756.8,66352, 5063983, 41.78
UTKARSHBNK,EQ, 05-May-2026,14.71,14.57,15.15,14.57,15.02,14.95,14.92,9366524,1397.48,13893, 4295032, 45.86
YESBANK,EQ, 05-May-2026,19.96,19.98,20.94,19.76,20.57,20.48,20.51,162940686,33424.81,100334, 54414593, 33.40
AUBANK,EQ, 06-May-2026,1007.1,1015.0,1028.4,1002.0,1027.0,1024.0,1018.52,2454365,24998.21,49274, 1452283, 59.17
AXISBANK,EQ, 06-May-2026,1259.7,1275.0,1301.0,1255.2,1300.6,1294.2,1278.01,7277673,93009.14,141600, 4607227, 63.31
BANDHANBNK,EQ, 06-May-2026,206.44,209.0,210.63,205.12,208.98,208.88,208.07,14798405,30791.02,78252, 6008845, 40.60
BANKBARODA,EQ, 06-May-2026,263.4,268.7,271.4,262.8,271.1,270.3,268.12,17657931,47345.03,142132, 9253227, 52.40
BANKINDIA,EQ, 06-May-2026,138.58,140.5,143.25,138.4,142.35,142.34,141.44,21321991,30158.73,97164, 10598299, 49.71
CANBK,EQ, 06-May-2026,134.31,137.23,138.36,134.51,138.05,138.04,136.69,23655306,32334.39,104110, 10801750, 45.66
CAPITALSFB,EQ, 06-May-2026,275.5,275.5,279.8,274.35,276.0,276.3,275.89,16362,45.14,545, 9561, 58.43
CENTRALBK,EQ, 06-May-2026,36.07,36.5,36.79,36.33,36.74,36.73,36.55,6395505,2337.58,13915, 3240020, 50.66
CSBBANK,EQ, 06-May-2026,386.1,390.0,392.55,367.2,374.0,371.95,377.91,1616167,6107.68,28518, 891646, 55.17
CUB,EQ, 06-May-2026,269.3,275.0,282.5,268.35,271.9,273.0,273.94,3043911,8338.6,55421, 1138313, 37.40
DCBBANK,EQ, 06-May-2026,180.57,183.0,192.25,180.02,190.02,189.78,186.39,3265866,6087.14,31418, 1559932, 47.76
DHANBANK,EQ, 06-May-2026,30.68,30.99,33.99,30.61,33.75,33.63,32.96,8782061,2894.64,16961, 4383831, 49.92
EQUITASBNK,EQ, 06-May-2026,70.55,71.13,74.4,71.1,73.6,73.49,73.2,7495714,5486.78,37002, 3205967, 42.77
ESAFSFB,EQ, 06-May-2026,26.86,27.0,27.45,26.82,27.3,27.28,27.1,760510,206.11,2355, 422360, 55.54
FEDERALBNK,EQ, 06-May-2026,292.6,295.25,296.45,288.85,292.4,293.0,292.35,9998298,29230.03,105860, 5321598, 53.23
FINOPB,EQ, 06-May-2026,130.37,131.9,133.4,130.0,131.55,132.27,131.69,299491,394.39,3491, 155822, 52.03
HDFCBANK,EQ, 06-May-2026,772.3,775.15,798.95,773.5,796.0,796.55,785.36,35530831,279044.17,402081, 17953925, 50.53
ICICIBANK,EQ, 06-May-2026,1251.3,1262.0,1282.8,1252.1,1279.6,1279.5,1268.87,22909586,290693.06,288318, 14357538, 62.67
IDBI,EQ, 06-May-2026,74.53,75.18,76.41,74.55,76.33,76.03,75.53,6559262,4954.3,21550, 3018092, 46.01
IDFCFIRSTB,EQ, 06-May-2026,68.75,69.5,70.69,68.4,69.57,69.59,69.48,31381072,21803.0,77468, 17367930, 55.35
INDIANB,EQ, 06-May-2026,848.75,865.0,871.9,846.55,866.5,866.85,862.57,2659317,22938.38,63403, 1087817, 40.91
INDUSINDBK,EQ, 06-May-2026,910.7,920.4,949.75,917.95,948.0,946.75,932.06,2901974,27048.25,58335, 1554602, 53.57
IOB,EQ, 06-May-2026,34.56,34.75,35.5,34.65,35.15,35.17,35.02,6438929,2254.92,13889, 2857372, 44.38
J&KBANK,EQ, 06-May-2026,134.75,137.92,138.64,129.6,137.0,136.89,134.3,12926302,17359.44,57865, 4334226, 33.53
JSFB,EQ, 06-May-2026,447.85,455.2,464.9,447.0,455.0,459.4,457.14,676936,3094.55,9078, 416183, 61.48
KARURVYSYA,EQ, 06-May-2026,298.8,301.0,309.05,298.15,307.0,305.2,303.08,3720427,11275.81,49189, 1959912, 52.68
KOTAKBANK,EQ, 06-May-2026,371.35,374.0,380.0,365.65,377.15,376.6,372.52,36195481,134836.13,331672, 24090158, 66.56
KTKBANK,EQ, 06-May-2026,269.6,271.4,273.1,265.5,266.6,266.4,267.9,1674655,4486.43,23024, 807100, 48.20
MAHABANK,EQ, 06-May-2026,81.24,82.25,84.15,82.14,83.94,83.63,83.65,37582297,31439.27,95258, 17517217, 46.61
PNB,EQ, 06-May-2026,107.89,110.41,111.74,107.89,110.3,110.18,109.86,44447197,48828.56,138862, 17410367, 39.17
PSB,EQ, 06-May-2026,24.93,25.0,25.62,25.0,25.55,25.52,25.37,2052134,520.58,4505, 1127080, 54.92
RBLBANK,EQ, 06-May-2026,332.95,336.1,342.15,331.4,336.7,335.85,337.38,4935771,16652.44,37853, 1369839, 27.75
SBIN,EQ, 06-May-2026,1059.9,1072.0,1101.1,1061.2,1099.0,1096.0,1078.83,14384779,155186.92,196273, 7370433, 51.24
SOUTHBANK,EQ, 06-May-2026,40.95,41.4,42.89,40.46,42.8,42.54,41.79,42055755,17574.68,66032, 13608368, 32.36
SURYODAY,EQ, 06-May-2026,159.34,161.99,163.29,156.59,160.0,160.18,160.55,326038,523.47,3884, 150749, 46.24
TMB,EQ, 06-May-2026,728.55,745.0,760.0,736.1,757.05,756.8,747.75,425695,3183.14,17153, 179282, 42.12
UCOBANK,EQ, 06-May-2026,26.48,26.95,27.1,26.64,27.03,26.97,26.93,7476960,2013.27,15628, 3313730, 44.32
UJJIVANSFB,EQ, 06-May-2026,61.75,62.3,63.85,61.48,62.88,62.7,62.68,10587474,6635.78,54710, 4644407, 43.87
UNIONBANK,EQ, 06-May-2026,163.74,165.76,169.75,164.83,169.05,168.75,167.43,15731990,26339.76,78478, 7229840, 45.96
UTKARSHBNK,EQ, 06-May-2026,14.95,15.2,15.39,15.07,15.32,15.35,15.26,8034068,1225.69,8462, 4325930, 53.84
YESBANK,EQ, 06-May-2026,20.48,20.89,22.2,20.81,22.06,22.13,21.65,388730945,84166.78,227363, 161242274, 41.48
AUBANK,EQ, 07-May-2026,1024.0,1024.9,1041.0,1019.3,1037.0,1032.4,1031.77,1658965,17116.77,52738, 930830, 56.11
AXISBANK,EQ, 07-May-2026,1294.2,1299.0,1308.1,1281.2,1296.0,1292.7,1294.28,6785048,87817.34,130460, 3243567, 47.80
BANDHANBNK,EQ, 07-May-2026,208.88,208.8,209.39,206.0,208.15,207.63,207.39,9483087,19666.73,58814, 4042077, 42.62
BANKBARODA,EQ, 07-May-2026,270.3,271.25,271.9,267.1,269.95,270.35,269.69,10221403,27566.25,146109, 5456430, 53.38
BANKINDIA,EQ, 07-May-2026,142.34,143.25,143.59,139.7,140.36,140.37,140.95,10811865,15239.82,68578, 5654887, 52.30
CANBK,EQ, 07-May-2026,138.04,138.8,138.9,135.54,135.93,135.93,136.48,25338776,34581.7,117883, 12147540, 47.94
CAPITALSFB,EQ, 07-May-2026,276.3,279.7,279.7,272.25,276.1,275.7,275.18,33511,92.22,1187, 23518, 70.18
CENTRALBK,EQ, 07-May-2026,36.73,36.9,37.33,36.64,37.3,37.24,37.09,7692141,2852.97,21400, 3907792, 50.80
CSBBANK,EQ, 07-May-2026,371.95,375.1,377.4,353.95,358.5,356.95,363.34,1807664,6567.93,33755, 1038277, 57.44
CUB,EQ, 07-May-2026,273.0,272.95,273.9,268.6,271.0,270.85,270.5,1169101,3162.44,21084, 580651, 49.67
DCBBANK,EQ, 07-May-2026,189.78,191.0,191.98,185.74,186.4,186.36,187.33,1383070,2590.95,15937, 843431, 60.98
DHANBANK,EQ, 07-May-2026,33.63,33.7,33.95,32.01,32.35,32.2,32.86,2239147,735.83,10007, 1074317, 47.98
EQUITASBNK,EQ, 07-May-2026,73.49,73.95,73.95,71.87,73.15,73.28,72.92,3929817,2865.55,19671, 1767416, 44.97
ESAFSFB,EQ, 07-May-2026,27.28,27.12,27.68,27.12,27.32,27.52,27.43,455186,124.85,1366, 290834, 63.89
FEDERALBNK,EQ, 07-May-2026,293.0,294.5,297.75,290.0,296.3,297.05,295.27,6089681,17981.2,75065, 3455111, 56.74
FINOPB,EQ, 07-May-2026,132.27,133.85,137.64,132.62,136.1,136.25,135.47,398928,540.42,5221, 169723, 42.54
HDFCBANK,EQ, 07-May-2026,796.55,794.0,801.55,788.55,795.55,796.05,795.15,46137553,366863.7,369255, 19762031, 42.83
ICICIBANK,EQ, 07-May-2026,1279.5,1284.7,1294.0,1273.2,1279.0,1279.0,1282.68,25028552,321037.38,322972, 8764222, 35.02
IDBI,EQ, 07-May-2026,76.03,76.5,77.25,75.52,75.84,75.76,76.11,6488309,4938.14,21921, 2904165, 44.76
IDFCFIRSTB,EQ, 07-May-2026,69.59,69.91,71.0,69.15,70.81,70.39,69.92,24250509,16956.12,68602, 11190989, 46.15
INDIANB,EQ, 07-May-2026,866.85,875.0,875.0,856.0,860.0,860.75,864.22,1581343,13666.26,49894, 601481, 38.04
INDUSINDBK,EQ, 07-May-2026,946.75,948.25,951.65,934.1,950.0,946.95,945.08,2007411,18971.7,64347, 922800, 45.97
IOB,EQ, 07-May-2026,35.17,35.5,35.5,35.07,35.1,35.17,35.26,4835386,1705.18,10817, 2121281, 43.87
J&KBANK,EQ, 07-May-2026,136.89,138.0,145.0,137.58,138.5,139.63,141.64,13313342,18856.79,90120, 5311886, 39.90
JSFB,EQ, 07-May-2026,459.4,459.3,473.35,455.4,470.0,470.7,464.27,499067,2317.01,8462, 271412, 54.38
KARURVYSYA,EQ, 07-May-2026,305.2,308.8,322.0,304.6,321.6,313.55,310.41,6751527,20957.16,73047, 2778649, 41.16
KOTAKBANK,EQ, 07-May-2026,376.6,376.1,382.45,374.3,380.45,379.4,378.69,27286751,103331.01,147908, 15556493, 57.01
KTKBANK,EQ, 07-May-2026,266.4,267.8,269.3,259.85,265.05,266.8,265.61,2118384,5626.73,23063, 925530, 43.69
MAHABANK,EQ, 07-May-2026,83.63,84.34,85.9,83.71,85.6,85.31,84.99,23847379,20268.5,68652, 9418379, 39.49
PNB,EQ, 07-May-2026,110.18,110.95,111.0,109.0,109.08,109.11,109.48,28046754,30705.11,74202, 13499369, 48.13
PSB,EQ, 07-May-2026,25.52,25.82,26.3,25.61,25.98,26.01,25.98,3100893,805.68,7032, 1507209, 48.61
RBLBANK,EQ, 07-May-2026,335.85,337.85,349.9,331.3,349.45,345.75,339.63,5995231,20361.48,36835, 2350048, 39.20
SBIN,EQ, 07-May-2026,1096.0,1106.0,1108.0,1086.1,1092.9,1092.0,1094.08,16105163,176203.08,261618, 7178302, 44.57
SOUTHBANK,EQ, 07-May-2026,42.54,43.01,43.38,41.7,41.85,41.76,42.14,20167121,8497.5,36663, 9607866, 47.64
SURYODAY,EQ, 07-May-2026,160.18,161.0,163.3,159.01,163.0,161.36,161.35,288435,465.38,3766, 143709, 49.82
TMB,EQ, 07-May-2026,756.8,762.8,767.95,735.0,740.05,743.65,745.21,285458,2127.25,15839, 122665, 42.97
UCOBANK,EQ, 07-May-2026,26.97,27.15,27.49,27.07,27.32,27.29,27.28,6522653,1779.23,15319, 2943209, 45.12
UJJIVANSFB,EQ, 07-May-2026,62.7,62.9,63.6,62.02,62.83,62.67,62.98,8548639,5383.68,50649, 4114137, 48.13
UNIONBANK,EQ, 07-May-2026,168.75,169.68,169.9,166.12,167.34,167.28,167.51,11667483,19544.75,72041, 5993503, 51.37
UTKARSHBNK,EQ, 07-May-2026,15.35,15.45,15.82,15.01,15.58,15.55,15.54,8685875,1350.08,9330, 4441582, 51.14
YESBANK,EQ, 07-May-2026,22.13,22.04,22.69,22.01,22.48,22.51,22.48,232834764,52341.26,136705, 87715234, 37.67
AUBANK,EQ, 08-May-2026,1032.4,1032.4,1052.3,1026.3,1051.0,1050.4,1044.01,2406953,25128.76,78642, 1518422, 63.08
AXISBANK,EQ, 08-May-2026,1292.7,1280.0,1282.0,1264.6,1270.0,1268.3,1270.96,6358595,80815.15,206694, 4372727, 68.77
BANDHANBNK,EQ, 08-May-2026,207.63,207.44,207.95,203.68,206.25,206.11,205.49,10392299,21355.25,71046, 4307077, 41.44
BANKBARODA,EQ, 08-May-2026,270.35,269.75,269.75,259.3,263.5,263.9,264.84,16922683,44818.19,218671, 7891985, 46.64
BANKINDIA,EQ, 08-May-2026,140.37,140.25,140.25,138.16,139.9,139.77,139.55,10454713,14589.62,48531, 3896727, 37.27
CANBK,EQ, 08-May-2026,135.93,135.0,135.7,133.8,134.13,134.34,134.68,16998224,22892.55,87267, 7739393, 45.53
CAPITALSFB,EQ, 08-May-2026,275.7,323.7,323.7,290.5,292.05,295.0,298.31,506780,1511.8,10433, 185595, 36.62
CENTRALBK,EQ, 08-May-2026,37.24,36.84,36.93,36.36,36.54,36.51,36.63,3872917,1418.7,15250, 1951656, 50.39
CSBBANK,EQ, 08-May-2026,356.95,359.35,365.95,354.0,365.0,365.05,361.3,1065911,3851.17,23784, 534494, 50.14
CUB,EQ, 08-May-2026,270.85,271.05,271.55,258.15,258.95,260.35,262.44,5432812,14257.99,76352, 2712931, 49.94
DCBBANK,EQ, 08-May-2026,186.36,186.35,186.35,176.0,180.8,180.84,179.88,3480025,6260.01,32959, 1811272, 52.05
DHANBANK,EQ, 08-May-2026,32.2,32.5,33.22,32.09,32.24,32.16,32.59,2084967,679.51,5372, 985371, 47.26
EQUITASBNK,EQ, 08-May-2026,73.28,72.8,73.71,72.18,72.65,72.45,72.85,2735211,1992.63,27383, 1274757, 46.61
ESAFSFB,EQ, 08-May-2026,27.52,27.6,29.94,27.41,29.64,29.51,28.82,2983740,859.77,6706, 1288150, 43.17
FEDERALBNK,EQ, 08-May-2026,297.05,297.0,298.45,291.45,297.4,297.25,294.46,6129346,18048.18,62958, 2965686, 48.39
FINOPB,EQ, 08-May-2026,136.25,136.0,137.2,131.7,132.6,132.41,133.65,242253,323.77,3843, 125553, 51.83
HDFCBANK,EQ, 08-May-2026,796.05,784.0,788.75,777.2,781.0,780.85,781.63,38016841,297152.55,386448, 25403985, 66.82
ICICIBANK,EQ, 08-May-2026,1279.0,1279.6,1279.6,1261.2,1267.8,1264.8,1266.0,11137424,140999.56,185392, 7574037, 68.01
IDBI,EQ, 08-May-2026,75.76,75.5,75.68,74.52,74.84,74.72,74.89,4127892,3091.41,17179, 2239562, 54.25
IDFCFIRSTB,EQ, 08-May-2026,70.39,70.39,71.45,69.91,71.19,71.27,70.79,21083557,14924.87,65113, 8941000, 42.41
INDIANB,EQ, 08-May-2026,860.75,857.05,867.9,848.0,863.0,865.55,858.25,3357826,28818.69,91562, 1764267, 52.54
INDUSINDBK,EQ, 08-May-2026,946.95,946.0,957.9,940.5,950.0,950.75,948.25,1604266,15212.5,41514, 801676, 49.97
IOB,EQ, 08-May-2026,35.17,35.17,35.2,34.62,34.75,34.82,34.87,3552311,1238.52,12043, 2149816, 60.52
J&KBANK,EQ, 08-May-2026,139.63,142.5,142.51,139.1,141.1,141.76,141.04,5838443,8234.71,33700, 2553922, 43.74
JSFB,EQ, 08-May-2026,470.7,470.0,475.0,451.0,458.05,455.05,460.28,663778,3055.2,11410, 401065, 60.42
KARURVYSYA,EQ, 08-May-2026,313.55,319.35,319.35,302.2,305.0,304.65,307.77,9434199,29035.96,113503, 4682541, 49.63
KOTAKBANK,EQ, 08-May-2026,379.4,379.0,381.5,374.0,381.0,380.8,378.41,16183126,61239.16,133788, 11333684, 70.03
KTKBANK,EQ, 08-May-2026,266.8,265.95,265.95,258.3,259.95,259.35,261.92,1337905,3504.23,19646, 693810, 51.86
MAHABANK,EQ, 08-May-2026,85.31,85.31,85.31,82.67,83.9,83.9,83.75,19633062,16443.24,78678, 8883554, 45.25
PNB,EQ, 08-May-2026,109.11,108.9,108.9,106.62,107.2,107.24,107.62,26751702,28791.38,176402, 13801267, 51.59
PSB,EQ, 08-May-2026,26.01,26.19,26.33,25.0,25.1,25.06,25.24,5012580,1265.32,9336, 3023877, 60.33
RBLBANK,EQ, 08-May-2026,345.75,348.0,349.7,339.4,342.4,343.45,345.09,6162654,21266.85,52791, 1492199, 24.21
SBIN,EQ, 08-May-2026,1092.0,1090.0,1095.0,1010.9,1018.4,1019.3,1037.45,48065909,498658.88,592384, 21794655, 45.34
SOUTHBANK,EQ, 08-May-2026,41.76,42.1,42.1,40.81,40.96,40.91,41.11,14362817,5904.26,28282, 6509493, 45.32
SURYODAY,EQ, 08-May-2026,161.36,168.0,184.79,161.5,179.0,179.93,176.35,9230868,16278.61,63120, 1497060, 16.22
TMB,EQ, 08-May-2026,743.65,738.9,751.25,725.05,734.4,730.15,738.63,282369,2085.66,12122, 156806, 55.53
UCOBANK,EQ, 08-May-2026,27.29,27.34,27.34,26.67,26.79,26.78,26.93,6254419,1684.38,14025, 3135966, 50.14
UJJIVANSFB,EQ, 08-May-2026,62.67,62.99,65.46,62.0,62.4,62.4,63.62,51422213,32715.4,145420, 14439446, 28.08
UNIONBANK,EQ, 08-May-2026,167.28,166.5,167.28,164.5,166.5,166.24,165.42,15053176,24901.07,70637, 8241101, 54.75
UTKARSHBNK,EQ, 08-May-2026,15.55,15.57,15.64,15.32,15.53,15.49,15.45,6542188,1010.99,6637, 3197315, 48.87
YESBANK,EQ, 08-May-2026,22.51,22.47,23.05,22.04,22.9,22.94,22.64,202807789,45913.67,127193, 74089228, 36.53
AUBANK,EQ, 08-May-2026,1032.4,1032.4,1052.3,1026.3,1051.0,1050.4,1044.01,2406953,25128.76,78642, 1518422, 63.08
AXISBANK,EQ, 08-May-2026,1292.7,1280.0,1282.0,1264.6,1270.0,1268.3,1270.96,6358595,80815.15,206694, 4372727, 68.77
BANDHANBNK,EQ, 08-May-2026,207.63,207.44,207.95,203.68,206.25,206.11,205.49,10392299,21355.25,71046, 4307077, 41.44
BANKBARODA,EQ, 08-May-2026,270.35,269.75,269.75,259.3,263.5,263.9,264.84,16922683,44818.19,218671, 7891985, 46.64
BANKINDIA,EQ, 08-May-2026,140.37,140.25,140.25,138.16,139.9,139.77,139.55,10454713,14589.62,48531, 3896727, 37.27
CANBK,EQ, 08-May-2026,135.93,135.0,135.7,133.8,134.13,134.34,134.68,16998224,22892.55,87267, 7739393, 45.53
CAPITALSFB,EQ, 08-May-2026,275.7,323.7,323.7,290.5,292.05,295.0,298.31,506780,1511.8,10433, 185595, 36.62
CENTRALBK,EQ, 08-May-2026,37.24,36.84,36.93,36.36,36.54,36.51,36.63,3872917,1418.7,15250, 1951656, 50.39
CSBBANK,EQ, 08-May-2026,356.95,359.35,365.95,354.0,365.0,365.05,361.3,1065911,3851.17,23784, 534494, 50.14
CUB,EQ, 08-May-2026,270.85,271.05,271.55,258.15,258.95,260.35,262.44,5432812,14257.99,76352, 2712931, 49.94
DCBBANK,EQ, 08-May-2026,186.36,186.35,186.35,176.0,180.8,180.84,179.88,3480025,6260.01,32959, 1811272, 52.05
DHANBANK,EQ, 08-May-2026,32.2,32.5,33.22,32.09,32.24,32.16,32.59,2084967,679.51,5372, 985371, 47.26
EQUITASBNK,EQ, 08-May-2026,73.28,72.8,73.71,72.18,72.65,72.45,72.85,2735211,1992.63,27383, 1274757, 46.61
ESAFSFB,EQ, 08-May-2026,27.52,27.6,29.94,27.41,29.64,29.51,28.82,2983740,859.77,6706, 1288150, 43.17
FEDERALBNK,EQ, 08-May-2026,297.05,297.0,298.45,291.45,297.4,297.25,294.46,6129346,18048.18,62958, 2965686, 48.39
FINOPB,EQ, 08-May-2026,136.25,136.0,137.2,131.7,132.6,132.41,133.65,242253,323.77,3843, 125553, 51.83
HDFCBANK,EQ, 08-May-2026,796.05,784.0,788.75,777.2,781.0,780.85,781.63,38016841,297152.55,386448, 25403985, 66.82
ICICIBANK,EQ, 08-May-2026,1279.0,1279.6,1279.6,1261.2,1267.8,1264.8,1266.0,11137424,140999.56,185392, 7574037, 68.01
IDBI,EQ, 08-May-2026,75.76,75.5,75.68,74.52,74.84,74.72,74.89,4127892,3091.41,17179, 2239562, 54.25
IDFCFIRSTB,EQ, 08-May-2026,70.39,70.39,71.45,69.91,71.19,71.27,70.79,21083557,14924.87,65113, 8941000, 42.41
INDIANB,EQ, 08-May-2026,860.75,857.05,867.9,848.0,863.0,865.55,858.25,3357826,28818.69,91562, 1764267, 52.54
INDUSINDBK,EQ, 08-May-2026,946.95,946.0,957.9,940.5,950.0,950.75,948.25,1604266,15212.5,41514, 801676, 49.97
IOB,EQ, 08-May-2026,35.17,35.17,35.2,34.62,34.75,34.82,34.87,3552311,1238.52,12043, 2149816, 60.52
J&KBANK,EQ, 08-May-2026,139.63,142.5,142.51,139.1,141.1,141.76,141.04,5838443,8234.71,33700, 2553922, 43.74
JSFB,EQ, 08-May-2026,470.7,470.0,475.0,451.0,458.05,455.05,460.28,663778,3055.2,11410, 401065, 60.42
KARURVYSYA,EQ, 08-May-2026,313.55,319.35,319.35,302.2,305.0,304.65,307.77,9434199,29035.96,113503, 4682541, 49.63
KOTAKBANK,EQ, 08-May-2026,379.4,379.0,381.5,374.0,381.0,380.8,378.41,16183126,61239.16,133788, 11333684, 70.03
KTKBANK,EQ, 08-May-2026,266.8,265.95,265.95,258.3,259.95,259.35,261.92,1337905,3504.23,19646, 693810, 51.86
MAHABANK,EQ, 08-May-2026,85.31,85.31,85.31,82.67,83.9,83.9,83.75,19633062,16443.24,78678, 8883554, 45.25
PNB,EQ, 08-May-2026,109.11,108.9,108.9,106.62,107.2,107.24,107.62,26751702,28791.38,176402, 13801267, 51.59
PSB,EQ, 08-May-2026,26.01,26.19,26.33,25.0,25.1,25.06,25.24,5012580,1265.32,9336, 3023877, 60.33
RBLBANK,EQ, 08-May-2026,345.75,348.0,349.7,339.4,342.4,343.45,345.09,6162654,21266.85,52791, 1492199, 24.21
SBIN,EQ, 08-May-2026,1092.0,1090.0,1095.0,1010.9,1018.4,1019.3,1037.45,48065909,498658.88,592384, 21794655, 45.34
SOUTHBANK,EQ, 08-May-2026,41.76,42.1,42.1,40.81,40.96,40.91,41.11,14362817,5904.26,28282, 6509493, 45.32
SURYODAY,EQ, 08-May-2026,161.36,168.0,184.79,161.5,179.0,179.93,176.35,9230868,16278.61,63120, 1497060, 16.22
TMB,EQ, 08-May-2026,743.65,738.9,751.25,725.05,734.4,730.15,738.63,282369,2085.66,12122, 156806, 55.53
UCOBANK,EQ, 08-May-2026,27.29,27.34,27.34,26.67,26.79,26.78,26.93,6254419,1684.38,14025, 3135966, 50.14
UJJIVANSFB,EQ, 08-May-2026,62.67,62.99,65.46,62.0,62.4,62.4,63.62,51422213,32715.4,145420, 14439446, 28.08
UNIONBANK,EQ, 08-May-2026,167.28,166.5,167.28,164.5,166.5,166.24,165.42,15053176,24901.07,70637, 8241101, 54.75
UTKARSHBNK,EQ, 08-May-2026,15.55,15.57,15.64,15.32,15.53,15.49,15.45,6542188,1010.99,6637, 3197315, 48.87
YESBANK,EQ, 08-May-2026,22.51,22.47,23.05,22.04,22.9,22.94,22.64,202807789,45913.67,127193, 74089228, 36.53
AUBANK,EQ, 11-May-2026,1050.4,1045.0,1045.0,1017.6,1022.5,1021.4,1025.41,1184343,12144.32,45176, 638603, 53.92
AXISBANK,EQ, 11-May-2026,1268.3,1258.7,1283.0,1251.7,1267.9,1272.3,1272.32,7341360,93405.9,205329, 5036092, 68.60
BANDHANBNK,EQ, 11-May-2026,206.11,203.52,204.9,199.91,202.0,201.23,202.02,11407011,23044.68,67521, 4869740, 42.69
BANKBARODA,EQ, 11-May-2026,263.9,265.9,269.7,262.35,266.05,266.0,266.17,26039714,69310.61,177676, 9427992, 36.21
BANKINDIA,EQ, 11-May-2026,139.77,143.0,146.4,141.6,144.1,143.86,144.11,31970908,46072.26,128366, 9621382, 30.09
CANBK,EQ, 11-May-2026,134.34,133.02,139.4,128.58,130.14,129.43,132.64,71593041,94960.82,254387, 16168054, 22.58
CAPITALSFB,EQ, 11-May-2026,295.0,298.0,301.0,292.05,294.2,293.95,295.94,125985,372.85,2281, 75764, 60.14
CENTRALBK,EQ, 11-May-2026,36.51,36.18,36.18,35.5,35.7,35.64,35.74,4906304,1753.61,13729, 2179257, 44.42
CSBBANK,EQ, 11-May-2026,365.05,362.0,363.0,350.0,352.1,352.45,354.38,632626,2241.93,28847, 361174, 57.09
CUB,EQ, 11-May-2026,260.35,258.85,258.85,249.3,254.0,254.2,251.89,6477139,16315.16,75433, 3099133, 47.85
DCBBANK,EQ, 11-May-2026,180.84,180.41,180.41,174.0,174.35,174.45,176.35,1005671,1773.53,14276, 553726, 55.06
DHANBANK,EQ, 11-May-2026,32.16,32.1,32.2,30.9,31.88,31.71,31.62,1721492,544.37,6090, 813696, 47.27
EQUITASBNK,EQ, 11-May-2026,72.45,72.7,72.7,69.26,70.1,69.8,70.63,3050844,2154.72,17369, 1564809, 51.29
ESAFSFB,EQ, 11-May-2026,29.51,29.46,31.78,28.53,30.72,30.75,30.48,4612561,1406.08,10587, 1700239, 36.86
FEDERALBNK,EQ, 11-May-2026,297.25,295.0,297.4,291.15,293.0,292.45,293.05,11135956,32633.94,97324, 7320899, 65.74
FINOPB,EQ, 11-May-2026,132.41,132.0,132.05,127.21,130.0,129.94,129.22,216095,279.23,2890, 99109, 45.86
HDFCBANK,EQ, 11-May-2026,780.85,771.95,774.85,761.9,766.25,763.65,769.2,41123422,316323.11,446831, 26175868, 63.65
ICICIBANK,EQ, 11-May-2026,1264.8,1259.4,1275.7,1252.0,1267.2,1266.4,1267.94,18980488,240661.15,537303, 12590590, 66.33
IDBI,EQ, 11-May-2026,74.72,73.73,74.0,72.91,73.38,73.25,73.31,4134906,3031.38,18516, 1813987, 43.87
IDFCFIRSTB,EQ, 11-May-2026,71.27,70.65,70.78,69.1,69.25,69.22,69.64,17821878,12410.56,82471, 8214086, 46.09
INDIANB,EQ, 11-May-2026,865.55,859.0,859.0,837.4,841.0,839.65,844.81,2001812,16911.41,55463, 969405, 48.43
INDUSINDBK,EQ, 11-May-2026,950.75,939.0,940.9,918.1,922.0,922.3,926.27,1584134,14673.3,51419, 533565, 33.68
IOB,EQ, 11-May-2026,34.82,34.49,34.49,34.15,34.34,34.29,34.33,2487498,854.0,10380, 1026244, 41.26
J&KBANK,EQ, 11-May-2026,141.76,140.0,140.0,136.0,136.81,136.92,137.1,3590316,4922.48,26448, 1209635, 33.69
JSFB,EQ, 11-May-2026,455.05,451.0,461.85,445.05,454.0,455.1,454.76,644993,2933.18,10825, 412339, 63.93
KARURVYSYA,EQ, 11-May-2026,304.65,304.05,306.5,295.5,295.5,296.8,299.33,2920364,8741.44,60300, 1430983, 49.00
KOTAKBANK,EQ, 11-May-2026,380.8,376.1,386.0,374.4,380.45,381.05,381.58,21347878,81459.97,244055, 16171833, 75.75
KTKBANK,EQ, 11-May-2026,259.35,258.0,258.35,250.55,252.3,251.6,253.81,1612559,4092.88,20897, 736964, 45.70
MAHABANK,EQ, 11-May-2026,83.9,82.5,82.5,79.85,81.85,81.42,81.29,22177064,18026.86,80431, 8213170, 37.03
PNB,EQ, 11-May-2026,107.24,106.2,106.45,104.33,104.59,104.62,105.33,21447783,22590.1,116114, 8609107, 40.14
PSB,EQ, 11-May-2026,25.06,25.06,25.08,24.54,24.89,24.87,24.84,1269556,315.42,6240, 592459, 46.67
RBLBANK,EQ, 11-May-2026,343.45,341.3,342.6,334.25,337.5,337.5,337.69,5068514,17115.71,47324, 2041615, 40.28
SBIN,EQ, 11-May-2026,1019.3,1007.0,1007.0,971.1,974.9,973.6,980.59,46927396,460167.55,1016193, 28316556, 60.34
SOUTHBANK,EQ, 11-May-2026,40.91,40.77,41.65,39.8,40.19,40.02,40.64,16612856,6751.66,39841, 6297990, 37.91
SURYODAY,EQ, 11-May-2026,179.93,180.79,183.01,171.33,178.1,179.44,178.76,1703568,3045.23,23431, 450412, 26.44
TMB,EQ, 11-May-2026,730.15,734.4,734.45,676.1,683.2,681.45,693.68,586974,4071.72,24044, 283927, 48.37
UCOBANK,EQ, 11-May-2026,26.78,26.7,26.7,26.22,26.37,26.36,26.37,4286518,1130.23,13112, 2102836, 49.06
UJJIVANSFB,EQ, 11-May-2026,62.4,61.5,61.5,57.12,59.5,59.08,58.78,42831935,25176.92,124004, 19853225, 46.35
UNIONBANK,EQ, 11-May-2026,166.24,165.0,166.2,163.23,163.8,163.81,164.2,9090770,14927.44,64572, 4049724, 44.55
UTKARSHBNK,EQ, 11-May-2026,15.49,15.0,15.0,14.13,14.27,14.21,14.35,11767928,1688.17,12807, 5590081, 47.50
YESBANK,EQ, 11-May-2026,22.94,22.61,23.18,22.47,22.69,22.7,22.84,191211937,43678.64,148294, 73265108, 38.32
AUBANK,EQ, 12-May-2026,1021.4,1020.6,1022.4,997.3,1001.8,999.6,1004.57,1173051,11784.08,52052, 686660, 58.54
AXISBANK,EQ, 12-May-2026,1272.3,1270.4,1274.0,1256.9,1263.5,1260.1,1264.68,5727828,72438.67,129417, 3074780, 53.68
BANDHANBNK,EQ, 12-May-2026,201.23,200.0,203.8,195.46,196.52,196.07,200.15,11160160,22337.14,64326, 4857094, 43.52
BANKBARODA,EQ, 12-May-2026,266.0,263.95,267.45,259.15,260.7,259.95,262.5,9935242,26079.64,70464, 3873877, 38.99
BANKINDIA,EQ, 12-May-2026,143.86,143.01,143.98,139.83,140.55,140.14,141.67,9840646,13941.58,50202, 3593547, 36.52
CANBK,EQ, 12-May-2026,129.43,127.66,132.35,127.43,130.25,130.01,130.7,29525188,38588.91,135932, 10018770, 33.93
CAPITALSFB,EQ, 12-May-2026,293.95,290.1,294.85,275.0,275.4,276.75,280.89,146153,410.53,7352, 88683, 60.68
CENTRALBK,EQ, 12-May-2026,35.64,35.44,35.69,34.45,34.69,34.53,34.97,4723847,1651.95,15974, 2352444, 49.80
CSBBANK,EQ, 12-May-2026,352.45,352.45,354.7,342.2,343.95,344.15,345.39,397692,1373.57,12176, 188045, 47.28
CUB,EQ, 12-May-2026,254.2,254.2,254.9,243.1,245.5,244.45,248.49,1160599,2884.02,18430, 524556, 45.20
DCBBANK,EQ, 12-May-2026,174.45,173.99,175.55,170.8,175.3,174.15,173.58,1737543,3016.02,22836, 953182, 54.86
DHANBANK,EQ, 12-May-2026,31.71,31.71,31.93,30.55,31.55,31.24,31.12,1619734,504.03,7238, 796067, 49.15
EQUITASBNK,EQ, 12-May-2026,69.8,69.6,71.23,67.58,68.15,67.91,69.35,3610058,2503.66,23481, 1799405, 49.84
ESAFSFB,EQ, 12-May-2026,30.75,30.9,30.93,28.44,28.74,28.61,29.68,1688416,501.12,5229, 637913, 37.78
FEDERALBNK,EQ, 12-May-2026,292.45,291.55,293.65,283.8,284.95,284.8,287.18,8461329,24299.41,76902, 5043140, 59.60
FINOPB,EQ, 12-May-2026,129.94,131.24,131.24,125.27,126.6,125.88,127.81,198055,253.13,3320, 77484, 39.12
HDFCBANK,EQ, 12-May-2026,763.65,756.6,759.7,747.8,755.0,750.45,753.71,43937132,331158.13,782428, 19036053, 43.33
ICICIBANK,EQ, 12-May-2026,1266.4,1256.0,1259.9,1236.3,1244.5,1240.3,1244.35,21110708,262690.41,380833, 8970204, 42.49
IDBI,EQ, 12-May-2026,73.25,72.9,73.42,70.8,71.15,71.03,71.59,5661464,4052.91,24651, 2587670, 45.71
IDFCFIRSTB,EQ, 12-May-2026,69.22,69.01,69.27,67.53,67.81,67.68,68.17,16597687,11314.85,80204, 7181314, 43.27
INDIANB,EQ, 12-May-2026,839.65,831.5,846.7,816.3,826.0,821.4,828.95,1682087,13943.67,48864, 796049, 47.33
INDUSINDBK,EQ, 12-May-2026,922.3,920.0,922.3,890.1,895.6,892.85,899.7,1374763,12368.75,44291, 509347, 37.05
IOB,EQ, 12-May-2026,34.29,34.05,34.25,33.4,33.84,33.65,33.84,3232445,1093.98,11283, 1597467, 49.42
J&KBANK,EQ, 12-May-2026,136.92,135.1,136.7,129.66,130.5,130.05,132.27,3269886,4325.17,25164, 1259474, 38.52
JSFB,EQ, 12-May-2026,455.1,456.9,492.0,455.25,464.0,461.95,473.66,1743651,8259.02,28155, 862889, 49.49
KARURVYSYA,EQ, 12-May-2026,296.8,296.85,297.5,277.0,283.45,283.9,283.31,6411205,18163.35,100662, 3029828, 47.26
KOTAKBANK,EQ, 12-May-2026,381.05,380.2,381.05,374.55,376.0,376.0,377.73,13065308,49351.78,167954, 8509426, 65.13
KTKBANK,EQ, 12-May-2026,251.6,250.5,252.1,244.5,247.5,247.05,247.07,2418566,5975.48,27493, 1141253, 47.19
MAHABANK,EQ, 12-May-2026,81.42,81.0,82.45,78.0,78.5,78.37,80.06,17449726,13969.47,69609, 7347950, 42.11
PNB,EQ, 12-May-2026,104.62,104.0,104.97,102.55,102.9,102.78,103.62,14949440,15489.88,65595, 5501875, 36.80
PSB,EQ, 12-May-2026,24.87,24.65,24.87,23.7,23.88,23.79,24.18,1818362,439.74,6465, 1040563, 57.23
RBLBANK,EQ, 12-May-2026,337.5,335.2,339.0,324.1,326.35,325.25,330.86,3015889,9978.5,34519, 945744, 31.36
SBIN,EQ, 12-May-2026,973.6,976.9,981.4,962.4,976.1,974.6,972.2,25787092,250701.26,443183, 11136191, 43.19
SOUTHBANK,EQ, 12-May-2026,40.02,40.01,40.22,38.0,38.47,38.21,38.97,14416012,5617.56,42729, 6508137, 45.15
SURYODAY,EQ, 12-May-2026,179.44,178.5,178.5,167.52,171.25,172.64,172.61,795140,1372.45,11948, 349073, 43.90
TMB,EQ, 12-May-2026,681.45,682.05,683.6,660.55,665.9,663.5,668.59,264040,1765.33,13193, 132255, 50.09
UCOBANK,EQ, 12-May-2026,26.36,26.26,26.34,25.41,25.54,25.48,25.82,5178936,1337.41,16068, 2210137, 42.68
UJJIVANSFB,EQ, 12-May-2026,59.08,58.75,58.98,56.8,57.05,57.25,57.83,15257779,8823.28,75137, 8047325, 52.74
UNIONBANK,EQ, 12-May-2026,163.81,162.0,164.95,161.39,162.59,162.19,163.07,11408910,18604.78,60677, 5513901, 48.33
UTKARSHBNK,EQ, 12-May-2026,14.21,14.13,14.36,13.68,13.88,13.74,14.01,8312351,1164.85,8564, 4018325, 48.34
YESBANK,EQ, 12-May-2026,22.7,22.67,22.93,21.98,22.15,22.06,22.37,161320225,36095.04,130348, 67954494, 42.12
AUBANK,EQ, 13-May-2026,999.6,996.1,1010.6,988.7,990.3,994.8,1001.2,1163023,11644.16,52296, 598742, 51.48
AXISBANK,EQ, 13-May-2026,1260.1,1256.1,1275.3,1247.5,1255.2,1255.7,1261.49,6045406,76262.22,223414, 3753509, 62.09
BANDHANBNK,EQ, 13-May-2026,196.07,196.09,200.73,194.5,194.71,194.88,198.09,11577289,22933.4,74691, 4738457, 40.93
BANKBARODA,EQ, 13-May-2026,259.95,260.7,264.3,258.1,262.3,261.65,261.77,14028629,36722.77,87850, 6006433, 42.82
BANKINDIA,EQ, 13-May-2026,140.14,140.2,142.4,138.65,140.75,140.59,140.95,7974427,11240.16,41418, 2672410, 33.51
CANBK,EQ, 13-May-2026,130.01,130.46,131.2,127.9,129.65,129.26,129.75,21722400,28185.5,103238, 7292384, 33.57
CAPITALSFB,EQ, 13-May-2026,276.75,278.15,284.0,276.3,280.0,281.7,281.2,45968,129.26,1515, 25805, 56.14
CENTRALBK,EQ, 13-May-2026,34.53,34.6,34.93,34.3,34.38,34.38,34.61,5594540,1936.44,14276, 2264682, 40.48
CSBBANK,EQ, 13-May-2026,344.15,343.2,353.55,340.0,353.0,352.85,346.29,901679,3122.47,15362, 556399, 61.71
CUB,EQ, 13-May-2026,244.45,245.0,249.4,242.35,245.35,245.6,245.57,2216783,5443.68,49775, 1135903, 51.24
DCBBANK,EQ, 13-May-2026,174.15,176.0,182.69,172.12,182.0,182.02,178.85,2113400,3779.92,19925, 1049876, 49.68
DHANBANK,EQ, 13-May-2026,31.24,31.0,33.0,31.0,32.22,32.19,32.35,3387404,1095.76,12709, 1356570, 40.05
EQUITASBNK,EQ, 13-May-2026,67.91,67.91,69.6,67.91,68.15,68.56,68.83,2032600,1399.12,18608, 1129154, 55.55
ESAFSFB,EQ, 13-May-2026,28.61,28.46,31.45,28.46,30.65,30.52,30.48,2444897,745.16,6904, 953435, 39.00
FEDERALBNK,EQ, 13-May-2026,284.8,285.9,285.9,277.1,279.7,280.05,281.15,15147738,42587.72,137736, 8138523, 53.73
FINOPB,EQ, 13-May-2026,125.88,126.6,129.0,125.0,125.4,125.12,126.07,154004,194.16,1861, 91377, 59.33
HDFCBANK,EQ, 13-May-2026,750.45,752.0,759.95,747.35,749.15,749.6,752.96,28960919,218063.59,395816, 15486806, 53.47
ICICIBANK,EQ, 13-May-2026,1240.3,1238.3,1249.2,1227.2,1236.1,1235.6,1238.85,19490295,241455.79,286906, 12949692, 66.44
IDBI,EQ, 13-May-2026,71.03,71.0,71.71,70.2,71.29,71.17,71.1,4523981,3216.55,18010, 1481692, 32.75
IDFCFIRSTB,EQ, 13-May-2026,67.68,67.5,69.49,67.5,68.2,68.3,68.78,16610311,11424.33,90487, 7128123, 42.91
INDIANB,EQ, 13-May-2026,821.4,827.0,832.0,801.35,815.0,813.95,814.56,2345389,19104.68,56418, 905045, 38.59
INDUSINDBK,EQ, 13-May-2026,892.85,891.0,906.8,890.3,894.45,892.5,899.87,1428120,12851.24,67264, 695680, 48.71
IOB,EQ, 13-May-2026,33.65,33.5,34.02,33.23,33.72,33.68,33.67,3409966,1148.16,10216, 954901, 28.00
J&KBANK,EQ, 13-May-2026,130.05,130.69,135.99,129.54,134.1,134.12,133.64,3245566,4337.5,24661, 1167453, 35.97
JSFB,EQ, 13-May-2026,461.95,464.0,489.4,453.05,487.05,486.15,477.66,1042823,4981.19,17674, 659227, 63.22
KARURVYSYA,EQ, 13-May-2026,283.9,283.2,283.45,275.35,279.5,280.2,279.35,4515178,12613.37,81494, 2243857, 49.70
KOTAKBANK,EQ, 13-May-2026,376.0,377.9,384.0,376.85,378.95,377.65,380.69,16267456,61928.69,165040, 11167113, 68.65
KTKBANK,EQ, 13-May-2026,247.05,247.25,255.0,246.0,248.0,248.8,250.92,1662222,4170.77,22610, 769872, 46.32
MAHABANK,EQ, 13-May-2026,78.37,78.35,80.48,78.13,80.04,79.97,79.71,14533430,11584.37,54918, 5100094, 35.09
PNB,EQ, 13-May-2026,102.78,102.99,103.89,101.35,102.9,102.77,102.96,23167254,23853.85,79206, 10225722, 44.14
PSB,EQ, 13-May-2026,23.79,23.79,24.2,23.64,23.99,23.95,23.98,1416386,339.65,4686, 538664, 38.03
RBLBANK,EQ, 13-May-2026,325.25,325.25,332.4,324.9,325.5,325.75,328.79,2581636,8488.24,35704, 869306, 33.67
SBIN,EQ, 13-May-2026,974.6,978.0,981.2,961.2,971.0,970.1,972.53,17584580,171015.94,313800, 6724500, 38.24
SOUTHBANK,EQ, 13-May-2026,38.21,39.0,39.34,38.35,38.57,38.48,38.84,13597762,5281.96,39933, 5312040, 39.07
SURYODAY,EQ, 13-May-2026,172.64,170.14,190.78,170.14,173.9,173.73,183.85,3004328,5523.37,31607, 727244, 24.21
TMB,EQ, 13-May-2026,663.5,665.9,696.8,665.9,675.9,681.6,686.61,297762,2044.46,15412, 125453, 42.13
UCOBANK,EQ, 13-May-2026,25.48,25.4,25.66,25.1,25.53,25.33,25.43,5369484,1365.69,14519, 1620595, 30.18
UJJIVANSFB,EQ, 13-May-2026,57.25,56.9,58.42,56.5,56.51,56.77,57.25,17861004,10224.99,61765, 8422936, 47.16
UNIONBANK,EQ, 13-May-2026,162.19,162.35,163.81,159.76,162.77,162.46,162.23,11841874,19211.11,78314, 5351327, 45.19
UTKARSHBNK,EQ, 13-May-2026,13.74,13.63,14.11,13.5,13.66,13.58,13.77,7003762,964.48,9622, 3119051, 44.53
YESBANK,EQ, 13-May-2026,22.06,22.05,22.55,21.92,22.12,22.11,22.27,112430701,25033.31,96376, 36310336, 32.30
AUBANK,EQ, 14-May-2026,994.8,1000.9,1007.5,990.6,1007.0,1004.7,1002.14,1286654,12894.06,58680, 685119, 53.25
AXISBANK,EQ, 14-May-2026,1255.7,1256.6,1269.0,1235.8,1255.1,1254.6,1254.43,5822618,73040.79,176507, 2710540, 46.55
BANDHANBNK,EQ, 14-May-2026,194.88,196.0,200.85,194.59,199.59,199.04,198.31,8185930,16233.49,51553, 2879794, 35.18
BANKBARODA,EQ, 14-May-2026,261.65,263.8,270.1,262.65,268.45,267.8,266.59,11352510,30264.17,61775, 4760106, 41.93
BANKINDIA,EQ, 14-May-2026,140.59,141.65,144.5,139.85,144.4,143.95,142.56,9541746,13602.91,39183, 3694344, 38.72
CANBK,EQ, 14-May-2026,129.26,129.9,132.95,127.23,131.2,130.84,130.47,27954529,36471.83,129729, 8761046, 31.34
CAPITALSFB,EQ, 14-May-2026,281.7,281.75,284.0,275.75,276.1,278.3,278.46,24218,67.44,837, 10773, 44.48
CENTRALBK,EQ, 14-May-2026,34.38,34.46,35.0,34.06,35.0,34.61,34.48,4620700,1593.06,11451, 1671713, 36.18
CSBBANK,EQ, 14-May-2026,352.85,358.0,358.0,343.05,355.0,354.0,348.92,581500,2028.96,17269, 240627, 41.38
CUB,EQ, 14-May-2026,245.6,247.8,251.05,242.4,246.7,246.8,247.18,1142316,2823.55,22870, 594299, 52.03
DCBBANK,EQ, 14-May-2026,182.02,182.02,185.31,177.99,181.7,181.13,181.51,1534513,2785.29,25422, 643714, 41.95
DHANBANK,EQ, 14-May-2026,32.19,32.5,33.07,32.0,32.08,32.07,32.51,1646479,535.3,5715, 700145, 42.52
EQUITASBNK,EQ, 14-May-2026,68.56,68.85,69.53,67.05,68.06,68.32,68.19,2194021,1496.16,13689, 918113, 41.85
ESAFSFB,EQ, 14-May-2026,30.52,30.49,31.0,29.5,30.15,30.05,30.12,1079978,325.27,4401, 474548, 43.94
FEDERALBNK,EQ, 14-May-2026,280.05,282.0,282.85,277.55,281.0,280.25,280.46,8574291,24047.51,124095, 4971978, 57.99
FINOPB,EQ, 14-May-2026,125.12,125.89,127.38,122.15,122.9,122.82,124.33,346225,430.48,3315, 190926, 55.15
HDFCBANK,EQ, 14-May-2026,749.6,751.0,778.3,747.0,770.1,769.55,767.26,50992358,391246.47,521121, 26923055, 52.80
ICICIBANK,EQ, 14-May-2026,1235.6,1239.1,1256.7,1236.0,1248.7,1246.0,1248.25,16535600,206404.96,356567, 7636964, 46.18
IDBI,EQ, 14-May-2026,71.17,71.59,72.19,70.46,71.55,71.4,71.41,4917993,3512.05,16417, 1668353, 33.92
IDFCFIRSTB,EQ, 14-May-2026,68.3,68.52,68.95,67.25,68.7,68.54,68.36,34531922,23607.08,84710, 18575792, 53.79
INDIANB,EQ, 14-May-2026,813.95,817.95,839.5,813.05,830.9,831.75,827.26,2226331,18417.65,61057, 986582, 44.31
INDUSINDBK,EQ, 14-May-2026,892.5,895.0,914.5,886.2,908.3,907.9,904.99,1862991,16859.95,48135, 760629, 40.83
IOB,EQ, 14-May-2026,33.68,33.83,34.05,33.42,33.82,33.82,33.79,2236851,755.82,8294, 713583, 31.90
J&KBANK,EQ, 14-May-2026,134.12,132.0,134.54,130.1,132.11,132.05,132.32,3346453,4428.15,27149, 1194398, 35.69
JSFB,EQ, 14-May-2026,486.15,490.0,506.8,482.1,502.8,498.7,496.06,2026047,10050.49,40725, 785227, 38.76
KARURVYSYA,EQ, 14-May-2026,280.2,280.2,293.0,279.0,290.05,290.0,288.29,3180886,9170.18,42871, 941371, 29.59
KOTAKBANK,EQ, 14-May-2026,377.65,378.0,385.0,375.6,383.5,383.2,382.09,10652514,40701.94,102994, 6482178, 60.85
KTKBANK,EQ, 14-May-2026,248.8,250.0,251.5,244.0,247.25,246.95,247.94,1302271,3228.89,13889, 557005, 42.77
MAHABANK,EQ, 14-May-2026,79.97,80.5,80.7,77.3,78.79,78.5,78.47,14374430,11279.28,63432, 4353900, 30.29
PNB,EQ, 14-May-2026,102.77,103.3,104.98,102.3,104.88,104.62,103.97,16123300,16762.99,56095, 4493754, 27.87
PSB,EQ, 14-May-2026,23.95,24.1,24.36,23.81,24.1,24.08,24.07,959123,230.82,4107, 354858, 37.00
RBLBANK,EQ, 14-May-2026,325.75,328.85,338.45,322.6,338.35,337.2,333.12,4998327,16650.28,50428, 1266054, 25.33
SBIN,EQ, 14-May-2026,970.1,973.5,987.0,963.6,982.3,979.9,977.65,16487142,161185.78,260699, 5898688, 35.78
SOUTHBANK,EQ, 14-May-2026,38.48,39.07,39.07,38.05,38.62,38.49,38.53,11421408,4400.48,33415, 3146205, 27.55
SURYODAY,EQ, 14-May-2026,173.73,175.12,177.38,170.11,172.0,172.0,173.08,447752,774.96,6463, 183359, 40.95
TMB,EQ, 14-May-2026,681.6,687.8,687.8,658.5,662.5,666.35,670.27,174918,1172.42,7909, 71477, 40.86
UCOBANK,EQ, 14-May-2026,25.33,25.33,25.75,25.18,25.47,25.45,25.49,5164907,1316.32,13001, 1464806, 28.36
UJJIVANSFB,EQ, 14-May-2026,56.77,56.84,57.13,55.15,56.65,56.48,56.18,12393284,6962.16,43570, 5017040, 40.48
UNIONBANK,EQ, 14-May-2026,162.46,163.24,166.9,161.33,165.2,164.9,164.42,12820014,21079.25,65535, 4535282, 35.38
UTKARSHBNK,EQ, 14-May-2026,13.58,13.71,13.97,13.51,13.88,13.76,13.74,5343089,734.21,5908, 1801331, 33.71
YESBANK,EQ, 14-May-2026,22.11,22.31,22.45,21.88,22.23,22.19,22.2,96816399,21489.33,81548, 31483422, 32.52
AUBANK,EQ, 15-May-2026,1004.7,1009.9,1009.9,976.2,990.1,990.5,991.43,1708416,16937.78,52317, 715133, 41.86
AXISBANK,EQ, 15-May-2026,1254.6,1259.6,1263.4,1242.0,1245.5,1244.8,1251.26,4805485,60128.98,256382, 3238004, 67.38
BANDHANBNK,EQ, 15-May-2026,199.04,199.04,200.19,194.01,194.1,194.46,197.16,4906699,9674.04,41854, 1942415, 39.59
BANKBARODA,EQ, 15-May-2026,267.8,268.0,270.25,260.75,261.2,261.4,265.13,10676841,28307.29,57675, 4980707, 46.65
BANKINDIA,EQ, 15-May-2026,143.95,144.99,146.09,142.0,142.39,142.26,144.02,8539888,12298.83,38485, 3126738, 36.61
CANBK,EQ, 15-May-2026,130.84,131.38,131.38,127.8,128.09,128.07,129.34,38366481,49624.76,93334, 20423645, 53.23
CAPITALSFB,EQ, 15-May-2026,278.3,280.0,282.0,276.1,277.0,276.9,278.45,19426,54.09,895, 12788, 65.83
CENTRALBK,EQ, 15-May-2026,34.61,34.79,34.98,34.07,34.22,34.15,34.41,3294339,1133.67,12985, 1638355, 49.73
CSBBANK,EQ, 15-May-2026,354.0,353.5,360.0,348.45,358.0,358.65,354.28,362774,1285.25,15331, 156704, 43.20
CUB,EQ, 15-May-2026,246.8,246.8,252.5,245.1,250.3,250.65,250.13,1507884,3771.71,38720, 740345, 49.10
DCBBANK,EQ, 15-May-2026,181.13,181.13,184.69,179.01,183.9,183.55,183.12,1007589,1845.12,20457, 503070, 49.93
DHANBANK,EQ, 15-May-2026,32.07,32.07,32.29,30.9,31.5,31.2,31.51,820169,258.4,3080, 450939, 54.98
EQUITASBNK,EQ, 15-May-2026,68.32,68.6,69.81,67.57,67.91,67.96,68.69,2425300,1665.97,18882, 1261146, 52.00
ESAFSFB,EQ, 15-May-2026,30.05,30.14,30.14,29.01,29.26,29.21,29.43,787209,231.7,2991, 386367, 49.08
FEDERALBNK,EQ, 15-May-2026,280.25,281.95,284.7,278.3,282.05,281.3,281.74,6034270,17000.76,93045, 3191945, 52.90
FINOPB,EQ, 15-May-2026,122.82,122.9,123.92,118.7,119.75,119.27,120.85,220575,266.56,3405, 99873, 45.28
HDFCBANK,EQ, 15-May-2026,769.55,773.0,781.9,765.4,770.0,767.5,774.13,24347873,188484.26,268604, 15434589, 63.39
ICICIBANK,EQ, 15-May-2026,1246.0,1246.6,1258.0,1242.0,1247.9,1244.5,1247.98,11745614,146582.5,221105, 7703623, 65.59
IDBI,EQ, 15-May-2026,71.4,71.9,71.94,70.2,70.4,70.38,71.0,3684286,2616.02,17707, 1629264, 44.22
IDFCFIRSTB,EQ, 15-May-2026,68.54,68.25,68.54,66.61,67.69,67.65,67.6,30331682,20504.15,99569, 11348743, 37.42
INDIANB,EQ, 15-May-2026,831.75,834.95,842.3,818.0,820.0,820.6,829.59,2277029,18889.97,63338, 1104322, 48.50
INDUSINDBK,EQ, 15-May-2026,907.9,910.0,910.0,881.95,891.0,886.4,895.21,1437283,12866.64,38836, 563782, 39.23
IOB,EQ, 15-May-2026,33.82,33.82,33.94,33.71,33.78,33.79,33.82,1422659,481.1,5963, 654959, 46.04
J&KBANK,EQ, 15-May-2026,132.05,133.4,133.87,130.3,130.7,130.7,132.29,1594313,2109.05,17076, 673777, 42.26
JSFB,EQ, 15-May-2026,498.7,504.0,504.0,480.6,485.1,490.85,488.92,543022,2654.93,13224, 243560, 44.85
KARURVYSYA,EQ, 15-May-2026,290.0,290.5,301.0,289.05,300.0,299.05,297.59,2934490,8732.64,44273, 1261269, 42.98
KOTAKBANK,EQ, 15-May-2026,383.2,383.2,393.3,380.5,388.5,387.05,388.94,19461437,75693.81,205717, 11920722, 61.25
KTKBANK,EQ, 15-May-2026,246.95,246.95,252.0,243.7,245.95,246.1,246.68,1374899,3391.57,15209, 696040, 50.62
MAHABANK,EQ, 15-May-2026,78.5,78.7,78.97,77.77,78.0,78.02,78.22,9751597,7627.94,48204, 3964266, 40.65
PNB,EQ, 15-May-2026,104.62,104.62,104.85,101.78,102.05,102.05,103.11,22149004,22837.81,68727, 10313608, 46.56
PSB,EQ, 15-May-2026,24.08,24.1,24.24,23.6,23.66,23.67,23.89,938860,224.31,2900, 395663, 42.14
RBLBANK,EQ, 15-May-2026,337.2,337.2,339.5,334.0,336.2,338.1,336.84,3913506,13182.19,34313, 1038882, 26.55
SBIN,EQ, 15-May-2026,979.9,971.2,972.5,957.0,961.6,963.2,966.7,26972493,260743.9,298397, 16782316, 62.22
SOUTHBANK,EQ, 15-May-2026,38.49,38.99,39.22,38.54,38.86,38.83,38.87,8092133,3145.4,33750, 2701749, 33.39
SURYODAY,EQ, 15-May-2026,172.0,173.65,173.65,166.55,167.11,167.33,169.08,306155,517.64,4736, 132188, 43.18
TMB,EQ, 15-May-2026,666.35,667.8,685.55,666.2,670.0,668.05,672.27,126716,851.88,8206, 62498, 49.32
UCOBANK,EQ, 15-May-2026,25.45,25.55,25.57,25.12,25.2,25.19,25.36,2944406,746.66,10058, 1513210, 51.39
UJJIVANSFB,EQ, 15-May-2026,56.48,56.55,56.99,55.66,55.72,55.83,56.28,7843521,4414.1,40398, 3656639, 46.62
UNIONBANK,EQ, 15-May-2026,164.9,165.2,165.44,161.5,162.1,161.94,162.79,9269427,15089.49,51096, 4387695, 47.34
UTKARSHBNK,EQ, 15-May-2026,13.76,13.94,13.94,13.41,13.58,13.49,13.64,4721896,644.27,6458, 1782567, 37.75
YESBANK,EQ, 15-May-2026,22.19,22.28,22.44,21.98,22.09,22.07,22.15,107821837,23883.53,117087, 35194492, 32.64
AUBANK,EQ, 15-May-2026,1004.7,1009.9,1009.9,976.2,990.1,990.5,991.43,1708416,16937.78,52317, 715133, 41.86
AXISBANK,EQ, 15-May-2026,1254.6,1259.6,1263.4,1242.0,1245.5,1244.8,1251.26,4805485,60128.98,256382, 3238004, 67.38
BANDHANBNK,EQ, 15-May-2026,199.04,199.04,200.19,194.01,194.1,194.46,197.16,4906699,9674.04,41854, 1942415, 39.59
BANKBARODA,EQ, 15-May-2026,267.8,268.0,270.25,260.75,261.2,261.4,265.13,10676841,28307.29,57675, 4980707, 46.65
BANKINDIA,EQ, 15-May-2026,143.95,144.99,146.09,142.0,142.39,142.26,144.02,8539888,12298.83,38485, 3126738, 36.61
CANBK,EQ, 15-May-2026,130.84,131.38,131.38,127.8,128.09,128.07,129.34,38366481,49624.76,93334, 20423645, 53.23
CAPITALSFB,EQ, 15-May-2026,278.3,280.0,282.0,276.1,277.0,276.9,278.45,19426,54.09,895, 12788, 65.83
CENTRALBK,EQ, 15-May-2026,34.61,34.79,34.98,34.07,34.22,34.15,34.41,3294339,1133.67,12985, 1638355, 49.73
CSBBANK,EQ, 15-May-2026,354.0,353.5,360.0,348.45,358.0,358.65,354.28,362774,1285.25,15331, 156704, 43.20
CUB,EQ, 15-May-2026,246.8,246.8,252.5,245.1,250.3,250.65,250.13,1507884,3771.71,38720, 740345, 49.10
DCBBANK,EQ, 15-May-2026,181.13,181.13,184.69,179.01,183.9,183.55,183.12,1007589,1845.12,20457, 503070, 49.93
DHANBANK,EQ, 15-May-2026,32.07,32.07,32.29,30.9,31.5,31.2,31.51,820169,258.4,3080, 450939, 54.98
EQUITASBNK,EQ, 15-May-2026,68.32,68.6,69.81,67.57,67.91,67.96,68.69,2425300,1665.97,18882, 1261146, 52.00
ESAFSFB,EQ, 15-May-2026,30.05,30.14,30.14,29.01,29.26,29.21,29.43,787209,231.7,2991, 386367, 49.08
FEDERALBNK,EQ, 15-May-2026,280.25,281.95,284.7,278.3,282.05,281.3,281.74,6034270,17000.76,93045, 3191945, 52.90
FINOPB,EQ, 15-May-2026,122.82,122.9,123.92,118.7,119.75,119.27,120.85,220575,266.56,3405, 99873, 45.28
HDFCBANK,EQ, 15-May-2026,769.55,773.0,781.9,765.4,770.0,767.5,774.13,24347873,188484.26,268604, 15434589, 63.39
ICICIBANK,EQ, 15-May-2026,1246.0,1246.6,1258.0,1242.0,1247.9,1244.5,1247.98,11745614,146582.5,221105, 7703623, 65.59
IDBI,EQ, 15-May-2026,71.4,71.9,71.94,70.2,70.4,70.38,71.0,3684286,2616.02,17707, 1629264, 44.22
IDFCFIRSTB,EQ, 15-May-2026,68.54,68.25,68.54,66.61,67.69,67.65,67.6,30331682,20504.15,99569, 11348743, 37.42
INDIANB,EQ, 15-May-2026,831.75,834.95,842.3,818.0,820.0,820.6,829.59,2277029,18889.97,63338, 1104322, 48.50
INDUSINDBK,EQ, 15-May-2026,907.9,910.0,910.0,881.95,891.0,886.4,895.21,1437283,12866.64,38836, 563782, 39.23
IOB,EQ, 15-May-2026,33.82,33.82,33.94,33.71,33.78,33.79,33.82,1422659,481.1,5963, 654959, 46.04
J&KBANK,EQ, 15-May-2026,132.05,133.4,133.87,130.3,130.7,130.7,132.29,1594313,2109.05,17076, 673777, 42.26
JSFB,EQ, 15-May-2026,498.7,504.0,504.0,480.6,485.1,490.85,488.92,543022,2654.93,13224, 243560, 44.85
KARURVYSYA,EQ, 15-May-2026,290.0,290.5,301.0,289.05,300.0,299.05,297.59,2934490,8732.64,44273, 1261269, 42.98
KOTAKBANK,EQ, 15-May-2026,383.2,383.2,393.3,380.5,388.5,387.05,388.94,19461437,75693.81,205717, 11920722, 61.25
KTKBANK,EQ, 15-May-2026,246.95,246.95,252.0,243.7,245.95,246.1,246.68,1374899,3391.57,15209, 696040, 50.62
MAHABANK,EQ, 15-May-2026,78.5,78.7,78.97,77.77,78.0,78.02,78.22,9751597,7627.94,48204, 3964266, 40.65
PNB,EQ, 15-May-2026,104.62,104.62,104.85,101.78,102.05,102.05,103.11,22149004,22837.81,68727, 10313608, 46.56
PSB,EQ, 15-May-2026,24.08,24.1,24.24,23.6,23.66,23.67,23.89,938860,224.31,2900, 395663, 42.14
RBLBANK,EQ, 15-May-2026,337.2,337.2,339.5,334.0,336.2,338.1,336.84,3913506,13182.19,34313, 1038882, 26.55
SBIN,EQ, 15-May-2026,979.9,971.2,972.5,957.0,961.6,963.2,966.7,26972493,260743.9,298397, 16782316, 62.22
SOUTHBANK,EQ, 15-May-2026,38.49,38.99,39.22,38.54,38.86,38.83,38.87,8092133,3145.4,33750, 2701749, 33.39
SURYODAY,EQ, 15-May-2026,172.0,173.65,173.65,166.55,167.11,167.33,169.08,306155,517.64,4736, 132188, 43.18
TMB,EQ, 15-May-2026,666.35,667.8,685.55,666.2,670.0,668.05,672.27,126716,851.88,8206, 62498, 49.32
UCOBANK,EQ, 15-May-2026,25.45,25.55,25.57,25.12,25.2,25.19,25.36,2944406,746.66,10058, 1513210, 51.39
UJJIVANSFB,EQ, 15-May-2026,56.48,56.55,56.99,55.66,55.72,55.83,56.28,7843521,4414.1,40398, 3656639, 46.62
UNIONBANK,EQ, 15-May-2026,164.9,165.2,165.44,161.5,162.1,161.94,162.79,9269427,15089.49,51096, 4387695, 47.34
UTKARSHBNK,EQ, 15-May-2026,13.76,13.94,13.94,13.41,13.58,13.49,13.64,4721896,644.27,6458, 1782567, 37.75
YESBANK,EQ, 15-May-2026,22.19,22.28,22.44,21.98,22.09,22.07,22.15,107821837,23883.53,117087, 35194492, 32.64
AUBANK,EQ, 18-May-2026,990.5,984.1,984.3,968.9,982.0,979.0,977.52,1099094,10743.89,54630, 576918, 52.49
AXISBANK,EQ, 18-May-2026,1244.8,1239.0,1242.0,1222.1,1234.9,1237.9,1233.6,6052023,74657.98,225441, 4058710, 67.06
BANDHANBNK,EQ, 18-May-2026,194.46,192.0,192.49,186.55,190.42,190.34,189.3,7391229,13991.74,60873, 2731028, 36.95
BANKBARODA,EQ, 18-May-2026,261.4,260.0,260.85,255.3,260.8,260.05,257.98,7299311,18830.77,51922, 2831632, 38.79
BANKINDIA,EQ, 18-May-2026,142.26,141.0,141.0,137.49,138.45,138.22,138.33,12262451,16962.87,51571, 4875385, 39.76
CANBK,EQ, 18-May-2026,128.07,127.0,127.0,124.0,124.91,124.9,124.77,22211890,27714.4,114693, 9399261, 42.32
CAPITALSFB,EQ, 18-May-2026,276.9,275.1,279.15,273.85,275.0,275.9,275.49,35630,98.16,1133, 22759, 63.88
CENTRALBK,EQ, 18-May-2026,34.15,33.99,34.0,33.13,33.88,33.77,33.49,4594286,1538.85,16432, 1767972, 38.48
CSBBANK,EQ, 18-May-2026,358.65,355.0,356.15,343.0,353.0,354.35,350.14,410232,1436.4,17496, 159680, 38.92
CUB,EQ, 18-May-2026,250.65,250.6,250.6,245.6,247.1,248.75,248.05,1034551,2566.22,35718, 529716, 51.20
DCBBANK,EQ, 18-May-2026,183.55,182.0,182.0,174.66,177.56,177.69,177.0,1308319,2315.71,19560, 504407, 38.55
DHANBANK,EQ, 18-May-2026,31.2,30.7,34.0,29.61,33.04,33.15,32.51,7177648,2333.43,28376, 1528434, 21.29
EQUITASBNK,EQ, 18-May-2026,67.96,67.0,67.83,65.75,66.45,66.74,66.61,3255695,2168.75,21320, 1588863, 48.80
ESAFSFB,EQ, 18-May-2026,29.21,28.8,28.99,27.52,27.98,27.93,28.07,1160213,325.7,6045, 509525, 43.92
FEDERALBNK,EQ, 18-May-2026,281.3,280.75,285.65,277.55,283.55,283.95,282.78,7212332,20395.08,65694, 4198544, 58.21
FINOPB,EQ, 18-May-2026,119.27,118.9,119.56,113.39,117.7,117.95,116.13,313456,364.03,6576, 159517, 50.89
HDFCBANK,EQ, 18-May-2026,767.5,759.0,774.1,751.35,768.8,768.65,765.63,29812079,228250.15,396597, 17324667, 58.11
ICICIBANK,EQ, 18-May-2026,1244.5,1235.5,1253.7,1232.0,1251.7,1251.1,1243.71,13918850,173110.46,242335, 9092626, 65.33
IDBI,EQ, 18-May-2026,70.38,70.25,70.25,68.2,69.3,69.5,69.07,7487661,5171.43,29424, 2051072, 27.39
IDFCFIRSTB,EQ, 18-May-2026,67.65,67.3,67.84,66.16,67.65,67.59,66.92,20705466,13855.44,81006, 9402082, 45.41
INDIANB,EQ, 18-May-2026,820.6,811.0,819.45,803.7,809.8,810.0,809.69,2006573,16247.06,57969, 1116452, 55.64
INDUSINDBK,EQ, 18-May-2026,886.4,885.75,895.9,870.2,890.0,892.15,885.09,1421988,12585.94,73046, 626015, 44.02
IOB,EQ, 18-May-2026,33.79,33.32,33.55,32.94,33.55,33.43,33.19,2734614,907.55,11943, 1083559, 39.62
J&KBANK,EQ, 18-May-2026,130.7,130.0,130.0,126.12,127.48,127.53,127.33,2317805,2951.22,20413, 1032038, 44.53
JSFB,EQ, 18-May-2026,490.85,484.95,494.3,455.4,457.0,462.1,470.39,1965551,9245.83,36064, 943101, 47.98
KARURVYSYA,EQ, 18-May-2026,299.05,295.0,296.0,289.8,292.6,292.0,293.09,1841661,5397.77,44169, 852343, 46.28
KOTAKBANK,EQ, 18-May-2026,387.05,382.0,393.0,380.3,391.45,391.8,388.19,14575831,56582.06,168887, 9354110, 64.18
KTKBANK,EQ, 18-May-2026,246.1,245.35,245.35,238.7,243.0,242.85,241.45,1390684,3357.79,19233, 672675, 48.37
MAHABANK,EQ, 18-May-2026,78.02,77.5,78.0,76.2,77.95,77.8,77.19,12211000,9426.14,56979, 5131649, 42.02
PNB,EQ, 18-May-2026,102.05,101.0,101.0,98.5,99.8,99.49,99.16,62402244,61880.74,141296, 35086407, 56.23
PSB,EQ, 18-May-2026,23.67,23.5,23.5,23.2,23.42,23.41,23.33,852500,198.91,4299, 401019, 47.04
RBLBANK,EQ, 18-May-2026,338.1,337.55,337.55,323.75,325.2,325.6,327.27,4664716,15266.02,43262, 1133326, 24.30
SBIN,EQ, 18-May-2026,963.2,952.0,954.9,933.9,938.8,939.4,939.86,16554877,155592.79,608579, 9199675, 55.57
SOUTHBANK,EQ, 18-May-2026,38.83,38.1,38.38,37.78,38.35,38.25,38.11,8617463,3284.2,42144, 3986589, 46.26
SURYODAY,EQ, 18-May-2026,167.33,164.99,165.44,160.5,163.3,162.58,162.61,351277,571.19,7516, 141620, 40.32
TMB,EQ, 18-May-2026,668.05,668.05,690.95,653.2,681.35,686.75,675.97,287143,1940.99,17749, 127371, 44.36
UCOBANK,EQ, 18-May-2026,25.19,25.1,25.15,24.46,24.65,24.68,24.64,4531905,1116.8,13326, 1931922, 42.63
UJJIVANSFB,EQ, 18-May-2026,55.83,55.46,55.46,53.83,54.35,54.15,54.18,14053978,7614.18,53676, 8080224, 57.49
UNIONBANK,EQ, 18-May-2026,161.94,160.2,160.5,157.02,158.98,158.89,158.52,10337755,16387.83,58885, 3584590, 34.67
UTKARSHBNK,EQ, 18-May-2026,13.49,13.44,13.44,12.72,13.28,13.3,13.12,7895304,1035.61,9547, 2740791, 34.71
YESBANK,EQ, 18-May-2026,22.07,21.95,21.95,21.32,21.82,21.81,21.6,98238752,21217.86,82146, 30932189, 31.49
AUBANK,EQ, 19-May-2026,979.0,980.0,982.9,968.6,971.7,971.9,973.74,1093206,10644.98,46611, 622356, 56.93
AXISBANK,EQ, 19-May-2026,1237.9,1238.5,1249.8,1231.3,1237.9,1238.3,1239.84,9200314,114069.0,358380, 5134946, 55.81
BANDHANBNK,EQ, 19-May-2026,190.34,191.0,192.51,189.0,190.71,191.21,191.02,4802152,9173.14,33671, 1983774, 41.31
BANKBARODA,EQ, 19-May-2026,260.05,260.2,262.4,259.7,260.6,260.6,260.88,7957982,20760.58,58072, 3850149, 48.38
BANKINDIA,EQ, 19-May-2026,138.22,139.69,139.9,138.02,138.7,138.64,138.76,12748150,17689.29,44603, 6308815, 49.49
CANBK,EQ, 19-May-2026,124.9,125.09,126.76,125.09,126.19,126.15,126.12,18723002,23613.63,78382, 9824572, 52.47
CAPITALSFB,EQ, 19-May-2026,275.9,272.6,278.0,272.6,278.0,277.55,276.39,12117,33.49,673, 6815, 56.24
CENTRALBK,EQ, 19-May-2026,33.77,33.8,34.35,33.8,33.99,34.04,34.11,3327745,1134.94,10421, 1327825, 39.90
CSBBANK,EQ, 19-May-2026,354.35,355.0,361.0,351.15,360.0,359.65,356.28,356874,1271.46,18371, 180342, 50.53
CUB,EQ, 19-May-2026,248.75,248.05,252.8,245.75,250.75,251.1,249.03,1276451,3178.71,20780, 705115, 55.24
DCBBANK,EQ, 19-May-2026,177.69,179.92,179.92,176.25,177.0,177.05,178.2,760206,1354.66,11303, 281534, 37.03
DHANBANK,EQ, 19-May-2026,33.15,33.24,33.89,32.11,33.28,33.18,33.03,2279924,753.12,11697, 868035, 38.07
EQUITASBNK,EQ, 19-May-2026,66.74,66.5,69.3,66.5,67.84,67.98,68.19,2999920,2045.6,21156, 1499429, 49.98
ESAFSFB,EQ, 19-May-2026,27.93,27.9,28.54,27.75,27.95,27.92,28.05,521758,146.35,4044, 255084, 48.89
FEDERALBNK,EQ, 19-May-2026,283.95,284.8,287.8,283.75,286.45,286.6,286.27,6905213,19767.82,50595, 3971577, 57.52
FINOPB,EQ, 19-May-2026,117.95,119.38,124.85,118.82,122.76,123.16,122.6,206755,253.48,4223, 95016, 45.96
HDFCBANK,EQ, 19-May-2026,768.65,766.7,770.8,760.25,762.8,762.45,765.85,40307830,308696.53,414780, 20036484, 49.71
ICICIBANK,EQ, 19-May-2026,1251.1,1251.1,1256.3,1229.8,1242.5,1240.8,1236.56,38929053,481382.73,283791, 26199158, 67.30
IDBI,EQ, 19-May-2026,69.5,69.9,74.8,69.84,73.42,73.56,73.15,17526384,12820.99,65549, 4760542, 27.16
IDFCFIRSTB,EQ, 19-May-2026,67.59,67.88,68.59,67.65,67.71,67.81,68.05,12861176,8751.7,63202, 5510903, 42.85
INDIANB,EQ, 19-May-2026,810.0,811.95,819.9,807.0,816.9,817.1,814.88,2021095,16469.59,40289, 1083698, 53.62
INDUSINDBK,EQ, 19-May-2026,892.15,898.5,904.1,888.8,896.0,895.25,896.81,1303728,11692.0,36107, 541161, 41.51
IOB,EQ, 19-May-2026,33.43,33.39,33.68,33.35,33.53,33.54,33.52,1405406,471.02,6581, 605996, 43.12
J&KBANK,EQ, 19-May-2026,127.53,127.1,134.8,127.1,133.7,133.32,131.34,3403813,4470.57,26156, 1392883, 40.92
JSFB,EQ, 19-May-2026,462.1,465.0,467.35,450.0,455.0,451.85,456.37,636442,2904.54,8313, 335240, 52.67
KARURVYSYA,EQ, 19-May-2026,292.0,293.65,298.8,291.95,293.75,293.25,294.86,1698054,5006.89,33836, 798063, 47.00
KOTAKBANK,EQ, 19-May-2026,391.8,388.5,391.8,380.25,382.4,381.95,384.6,22567886,86796.17,178863, 14062766, 62.31
KTKBANK,EQ, 19-May-2026,242.85,245.0,252.75,245.0,248.2,247.75,249.48,2633018,6568.91,32265, 1528491, 58.05
MAHABANK,EQ, 19-May-2026,77.8,77.8,78.6,77.42,78.25,78.34,78.15,7491904,5854.58,38179, 2770234, 36.98
PNB,EQ, 19-May-2026,99.49,100.19,101.69,100.02,101.35,101.3,101.05,15626791,15790.95,56609, 5294439, 33.88
PSB,EQ, 19-May-2026,23.41,23.39,23.69,23.37,23.54,23.51,23.57,526704,124.12,2923, 297651, 56.51
RBLBANK,EQ, 19-May-2026,325.6,327.4,332.15,322.55,323.9,323.65,327.06,2758793,9022.79,29256, 853149, 30.92
SBIN,EQ, 19-May-2026,939.4,942.0,956.6,939.5,946.9,948.8,947.88,17280869,163802.27,749834, 8694335, 50.31
SOUTHBANK,EQ, 19-May-2026,38.25,38.73,39.05,38.43,38.75,38.75,38.76,6583227,2551.98,28393, 2593924, 39.40
SURYODAY,EQ, 19-May-2026,162.58,163.95,167.0,161.35,162.0,162.55,163.81,167876,275.0,3381, 81917, 48.80
TMB,EQ, 19-May-2026,686.75,689.0,689.0,669.75,680.5,679.4,676.13,128451,868.5,9139, 55819, 43.46
UCOBANK,EQ, 19-May-2026,24.68,24.65,25.0,24.64,24.74,24.77,24.84,4477008,1112.31,12396, 1898193, 42.40
UJJIVANSFB,EQ, 19-May-2026,54.15,54.5,55.02,53.91,54.2,54.13,54.4,8359771,4547.77,27831, 4054519, 48.50
UNIONBANK,EQ, 19-May-2026,158.89,160.0,160.51,158.22,158.98,158.96,159.42,6233854,9938.29,37782, 2764406, 44.35
UTKARSHBNK,EQ, 19-May-2026,13.3,13.3,13.45,13.21,13.25,13.29,13.31,3434767,457.28,7085, 1449249, 42.19
YESBANK,EQ, 19-May-2026,21.81,21.84,22.13,21.72,21.95,21.97,21.96,68781455,15102.64,64588, 24441194, 35.53
AUBANK,EQ, 20-May-2026,971.9,966.9,978.9,948.0,972.3,974.0,960.29,1712145,16441.54,62062, 802780, 46.89
AXISBANK,EQ, 20-May-2026,1238.3,1234.0,1254.1,1226.6,1251.2,1249.8,1244.46,3562641,44335.63,116874, 2100527, 58.96
BANDHANBNK,EQ, 20-May-2026,191.21,189.5,192.98,187.7,191.75,192.15,190.54,6147752,11714.12,40049, 2607915, 42.42
BANKBARODA,EQ, 20-May-2026,260.6,258.45,264.3,256.65,263.9,263.55,261.55,13610643,35598.22,88218, 6878240, 50.54
BANKINDIA,EQ, 20-May-2026,138.64,138.3,139.89,136.5,139.7,139.17,137.57,12319759,16948.39,47533, 4879006, 39.60
CANBK,EQ, 20-May-2026,126.15,125.0,128.0,123.67,127.9,127.66,125.68,21282627,26748.05,89186, 9140732, 42.95
CAPITALSFB,EQ, 20-May-2026,277.55,278.65,283.95,275.05,283.95,281.1,278.72,11195,31.2,436, 6352, 56.74
CENTRALBK,EQ, 20-May-2026,34.04,33.8,33.95,33.52,33.89,33.85,33.74,3286022,1108.59,10390, 1318185, 40.11
CSBBANK,EQ, 20-May-2026,359.65,359.0,365.0,354.0,363.95,363.85,360.2,345864,1245.82,13373, 163754, 47.35
CUB,EQ, 20-May-2026,251.1,249.95,251.5,247.5,250.35,250.05,249.86,2020917,5049.38,34588, 1685167, 83.39
DCBBANK,EQ, 20-May-2026,177.05,175.71,182.24,173.72,181.32,181.26,177.53,1703076,3023.52,17851, 807722, 47.43
DHANBANK,EQ, 20-May-2026,33.18,32.68,34.6,31.73,32.9,32.73,33.39,4786252,1598.22,17130, 1265590, 26.44
EQUITASBNK,EQ, 20-May-2026,67.98,67.66,68.95,67.0,68.15,68.04,67.77,1306251,885.2,11577, 682281, 52.23
ESAFSFB,EQ, 20-May-2026,27.92,27.55,27.82,26.95,27.75,27.6,27.34,682166,186.53,1864, 297176, 43.56
FEDERALBNK,EQ, 20-May-2026,286.6,285.85,290.55,283.1,289.25,289.9,287.09,6657728,19113.79,59902, 4054367, 60.90
FINOPB,EQ, 20-May-2026,123.16,123.8,124.85,119.05,121.11,121.44,121.94,204466,249.32,2737, 77367, 37.84
HDFCBANK,EQ, 20-May-2026,762.45,759.6,762.25,755.15,760.1,759.5,759.21,24013451,182312.01,334493, 15200147, 63.30
ICICIBANK,EQ, 20-May-2026,1240.8,1230.0,1239.7,1223.3,1236.5,1237.3,1232.55,14953103,184303.76,196646, 10326267, 69.06
IDBI,EQ, 20-May-2026,73.56,72.9,75.1,71.46,73.18,73.3,73.28,10161048,7446.28,36656, 3187701, 31.37
IDFCFIRSTB,EQ, 20-May-2026,67.81,67.14,68.4,66.72,68.34,68.21,67.6,16727023,11308.18,63122, 8092163, 48.38
INDIANB,EQ, 20-May-2026,817.1,810.15,818.4,803.55,809.7,810.2,810.95,1800373,14600.09,60169, 921653, 51.19
INDUSINDBK,EQ, 20-May-2026,895.25,885.55,900.8,881.15,899.0,897.15,889.05,2947978,26208.88,76290, 1488164, 50.48
IOB,EQ, 20-May-2026,33.54,33.38,33.58,33.05,33.5,33.49,33.38,1865594,622.65,8034, 690901, 37.03
J&KBANK,EQ, 20-May-2026,133.32,132.5,135.47,129.62,133.35,134.33,133.05,2818958,3750.57,24455, 914353, 32.44
JSFB,EQ, 20-May-2026,451.85,450.8,454.95,450.0,451.2,453.25,452.03,244057,1103.21,3842, 142208, 58.27
KARURVYSYA,EQ, 20-May-2026,293.25,291.5,292.2,283.5,286.5,286.55,285.75,2204613,6299.78,33187, 1001738, 45.44
KOTAKBANK,EQ, 20-May-2026,381.95,376.3,384.05,376.3,383.0,383.2,381.44,12342444,47079.05,213408, 7738739, 62.70
KTKBANK,EQ, 20-May-2026,247.75,255.4,271.4,252.1,264.0,263.8,262.55,20166345,52946.26,140947, 4489419, 22.26
MAHABANK,EQ, 20-May-2026,78.34,78.0,78.99,77.09,78.7,78.75,78.08,7838024,6120.16,33948, 2534409, 32.33
PNB,EQ, 20-May-2026,101.3,100.39,102.45,99.67,102.28,102.22,101.45,20380676,20676.67,54190, 8407177, 41.25
PSB,EQ, 20-May-2026,23.51,23.55,23.6,23.15,23.6,23.54,23.42,826589,193.59,3614, 264229, 31.97
RBLBANK,EQ, 20-May-2026,323.65,322.0,329.6,318.45,329.5,328.5,324.18,3142131,10186.1,34491, 898104, 28.58
SBIN,EQ, 20-May-2026,948.8,941.1,955.0,935.0,950.0,950.9,946.2,11928460,112867.68,191643, 5643465, 47.31
SOUTHBANK,EQ, 20-May-2026,38.75,38.11,41.9,38.11,41.17,41.4,41.08,54680020,22464.69,106433, 20139595, 36.83
SURYODAY,EQ, 20-May-2026,162.55,160.32,161.8,156.8,159.5,160.95,159.6,198805,317.29,3654, 89319, 44.93
TMB,EQ, 20-May-2026,679.4,674.0,697.85,665.35,693.0,692.75,683.08,141527,966.74,8612, 58040, 41.01
UCOBANK,EQ, 20-May-2026,24.77,24.7,24.76,24.39,24.57,24.53,24.59,3574997,879.11,10446, 1692044, 47.33
UJJIVANSFB,EQ, 20-May-2026,54.13,53.85,53.94,53.02,53.79,53.53,53.38,10669828,5695.75,40923, 5627692, 52.74
UNIONBANK,EQ, 20-May-2026,158.96,157.6,159.69,156.21,159.6,159.0,157.95,8594444,13574.62,49907, 3657345, 42.55
UTKARSHBNK,EQ, 20-May-2026,13.29,13.13,13.44,12.75,13.24,13.28,13.17,2773804,365.19,4320, 1160945, 41.85
YESBANK,EQ, 20-May-2026,21.97,21.8,22.05,21.6,22.03,22.0,21.82,62736095,13689.91,66424, 19306586, 30.77
AUBANK,EQ, 21-May-2026,974.0,982.0,984.8,953.4,964.4,958.7,965.95,1349805,13038.5,44347, 672126, 49.79
AXISBANK,EQ, 21-May-2026,1249.8,1256.9,1262.7,1244.8,1252.0,1253.3,1254.69,5171528,64886.7,153908, 2847783, 55.07
BANDHANBNK,EQ, 21-May-2026,192.15,193.01,194.3,190.5,191.25,191.08,191.72,7549122,14473.52,34319, 3968260, 52.57
BANKBARODA,EQ, 21-May-2026,263.55,265.95,267.4,262.5,263.0,263.1,264.19,8207070,21681.97,54048, 4410988, 53.75
BANKINDIA,EQ, 21-May-2026,139.17,141.25,141.7,138.8,139.15,139.23,139.67,7439205,10390.54,31108, 3105648, 41.75
CANBK,EQ, 21-May-2026,127.66,129.0,129.57,127.3,128.15,127.97,128.06,18615692,23838.58,90306, 8934774, 48.00
CAPITALSFB,EQ, 21-May-2026,281.1,281.1,284.15,277.5,280.5,280.4,280.44,14104,39.55,601, 8108, 57.49
CENTRALBK,EQ, 21-May-2026,33.85,34.19,34.44,33.82,33.94,33.92,34.07,2536077,864.16,9175, 1512223, 59.63
CSBBANK,EQ, 21-May-2026,363.85,366.35,366.55,359.1,363.9,364.05,363.4,565452,2054.84,16107, 243854, 43.13
CUB,EQ, 21-May-2026,250.05,251.5,253.3,246.85,252.35,252.15,251.03,1386922,3481.55,25563, 768768, 55.43
DCBBANK,EQ, 21-May-2026,181.26,181.27,183.96,179.05,180.9,182.05,181.6,710998,1291.18,12878, 268862, 37.81
DHANBANK,EQ, 21-May-2026,32.73,33.42,34.86,32.84,34.31,34.42,34.07,3877770,1321.08,9738, 1677211, 43.25
EQUITASBNK,EQ, 21-May-2026,68.04,68.39,69.39,67.6,68.32,68.96,68.71,2220212,1525.59,17786, 1405202, 63.29
ESAFSFB,EQ, 21-May-2026,27.6,27.8,28.17,27.58,27.62,27.67,27.85,574661,160.06,2196, 278071, 48.39
FEDERALBNK,EQ, 21-May-2026,289.9,290.5,292.5,283.05,284.0,283.75,285.89,6916472,19773.33,72069, 2747663, 39.73
FINOPB,EQ, 21-May-2026,121.44,126.95,126.95,120.5,120.75,120.86,121.98,256024,312.29,2787, 117649, 45.95
HDFCBANK,EQ, 21-May-2026,759.5,767.0,768.25,755.15,758.8,759.15,760.54,34664725,263639.66,300382, 16778236, 48.40
ICICIBANK,EQ, 21-May-2026,1237.3,1245.3,1248.3,1234.4,1244.4,1242.8,1242.5,14394386,178849.97,179763, 6472295, 44.96
IDBI,EQ, 21-May-2026,73.3,73.74,74.4,72.6,72.73,72.9,73.28,8032650,5886.45,32406, 2218007, 27.61
IDFCFIRSTB,EQ, 21-May-2026,68.21,68.76,68.98,67.72,68.38,68.3,68.33,12011357,8207.45,49305, 5327217, 44.35
INDIANB,EQ, 21-May-2026,810.2,820.85,829.85,814.5,817.95,818.95,820.45,1742234,14294.1,38279, 702214, 40.31
INDUSINDBK,EQ, 21-May-2026,897.15,905.5,913.9,892.3,903.0,899.95,900.15,2144884,19307.11,47235, 1093295, 50.97
IOB,EQ, 21-May-2026,33.49,33.9,34.07,33.62,33.8,33.77,33.79,2664971,900.45,8316, 1352723, 50.76
J&KBANK,EQ, 21-May-2026,134.33,136.01,141.29,135.6,140.3,140.06,139.39,6759325,9421.66,49272, 3600180, 53.26
JSFB,EQ, 21-May-2026,453.25,453.5,455.95,450.0,450.5,450.5,451.54,355132,1603.56,4207, 235725, 66.38
KARURVYSYA,EQ, 21-May-2026,286.55,288.0,292.1,286.6,288.5,288.1,288.94,1434427,4144.68,21074, 658989, 45.94
KOTAKBANK,EQ, 21-May-2026,383.2,384.7,386.45,377.9,381.5,380.85,381.6,10133840,38670.93,131415, 5761299, 56.85
KTKBANK,EQ, 21-May-2026,263.8,267.0,273.75,262.2,270.65,270.85,269.67,4554046,12280.96,36427, 1663614, 36.53
MAHABANK,EQ, 21-May-2026,78.75,79.9,80.34,79.35,79.68,79.76,79.77,11883310,9478.79,40034, 5178975, 43.58
PNB,EQ, 21-May-2026,102.22,103.22,103.45,101.66,101.84,101.92,102.27,21569101,22059.76,58300, 10812357, 50.13
PSB,EQ, 21-May-2026,23.54,23.87,23.93,23.61,23.7,23.69,23.76,749260,178.05,4124, 406462, 54.25
RBLBANK,EQ, 21-May-2026,328.5,333.0,335.3,326.55,328.0,328.75,330.49,2458845,8126.19,25560, 793407, 32.27
SBIN,EQ, 21-May-2026,950.9,957.0,960.9,946.5,950.0,950.9,952.38,11756520,111966.38,175233, 4725570, 40.20
SOUTHBANK,EQ, 21-May-2026,41.4,41.4,41.49,40.55,40.73,41.01,40.9,12360645,5055.39,27076, 4082025, 33.02
SURYODAY,EQ, 21-May-2026,160.95,162.0,164.0,158.92,159.1,159.68,160.9,130494,209.97,2225, 65600, 50.27
TMB,EQ, 21-May-2026,692.75,694.0,710.0,683.0,685.0,691.6,697.49,269080,1876.81,9537, 132252, 49.15
UCOBANK,EQ, 21-May-2026,24.53,24.75,24.95,24.72,24.8,24.82,24.85,3972708,987.22,10553, 1470980, 37.03
UJJIVANSFB,EQ, 21-May-2026,53.53,54.49,55.35,52.75,53.0,52.9,53.97,12976398,7003.12,62916, 5918351, 45.61
UNIONBANK,EQ, 21-May-2026,159.0,161.6,162.14,159.7,160.6,160.12,160.66,8330372,13383.72,43295, 3128701, 37.56
UTKARSHBNK,EQ, 21-May-2026,13.28,13.31,13.49,13.16,13.19,13.21,13.29,2034154,270.32,3722, 1016890, 49.99
YESBANK,EQ, 21-May-2026,22.0,22.17,22.34,20.93,21.6,21.57,21.68,130253122,28240.01,83119, 30830191, 23.67
AUBANK,EQ, 22-May-2026,958.7,964.4,982.0,961.4,982.0,977.9,976.96,1557252,15213.78,48018, 778126, 49.97
AXISBANK,EQ, 22-May-2026,1253.3,1254.1,1288.8,1254.1,1287.0,1285.4,1280.27,5016900,64230.0,162551, 3177729, 63.34
BANDHANBNK,EQ, 22-May-2026,191.08,191.08,196.87,190.42,194.5,194.61,194.38,11298203,21960.93,69920, 5546634, 49.09
BANKBARODA,EQ, 22-May-2026,263.1,263.45,266.95,262.75,266.8,265.4,264.89,18828819,49876.57,66655, 10691907, 56.78
BANKINDIA,EQ, 22-May-2026,139.23,139.5,140.2,139.1,139.85,139.92,139.67,5789870,8086.66,22905, 2805138, 48.45
CANBK,EQ, 22-May-2026,127.97,127.99,128.78,127.66,128.5,128.23,128.13,18634807,23876.26,66061, 9417714, 50.54
CAPITALSFB,EQ, 22-May-2026,280.4,283.0,283.5,279.0,282.0,281.0,280.87,10137,28.47,516, 4996, 49.28
CENTRALBK,EQ, 22-May-2026,33.92,32.3,32.35,31.21,31.22,31.27,31.74,117475305,37287.11,93800, 66366421, 56.49
CSBBANK,EQ, 22-May-2026,364.05,365.0,365.2,358.25,360.9,361.25,360.32,280892,1012.11,7947, 149019, 53.05
CUB,EQ, 22-May-2026,252.15,251.1,254.6,247.6,248.55,248.55,250.46,731177,1831.33,17779, 295715, 40.44
DCBBANK,EQ, 22-May-2026,182.05,181.0,182.1,180.0,181.0,181.34,181.17,604901,1095.89,9479, 242812, 40.14
DHANBANK,EQ, 22-May-2026,34.42,33.99,34.99,33.5,33.52,33.71,34.19,2808629,960.38,7096, 1291774, 45.99
EQUITASBNK,EQ, 22-May-2026,68.96,68.62,68.62,66.0,66.05,66.48,67.2,3397582,2283.02,25909, 1644818, 48.41
ESAFSFB,EQ, 22-May-2026,27.67,27.9,28.45,27.52,27.96,28.1,28.04,570821,160.06,2360, 292584, 51.26
FEDERALBNK,EQ, 22-May-2026,283.75,284.15,288.4,283.2,286.75,287.2,286.15,6756952,19334.87,46237, 3233156, 47.85
FINOPB,EQ, 22-May-2026,120.86,120.94,127.9,118.0,123.65,125.18,122.55,345776,423.74,3463, 124089, 35.89
HDFCBANK,EQ, 22-May-2026,759.15,759.15,775.0,759.15,769.0,766.8,768.46,25604071,196756.3,254373, 15356926, 59.98
ICICIBANK,EQ, 22-May-2026,1242.8,1242.0,1270.8,1242.0,1267.2,1264.3,1264.35,11601085,146678.24,163057, 8081560, 69.66
IDBI,EQ, 22-May-2026,72.9,72.94,73.25,72.36,72.6,72.65,72.79,3526842,2567.04,13967, 1521209, 43.13
IDFCFIRSTB,EQ, 22-May-2026,68.3,68.39,69.1,68.1,68.95,68.88,68.61,12717449,8725.15,47073, 5682373, 44.68
INDIANB,EQ, 22-May-2026,818.95,822.9,832.0,818.1,824.5,825.95,824.37,2275195,18756.04,53844, 1086396, 47.75
INDUSINDBK,EQ, 22-May-2026,899.95,903.0,914.5,902.7,910.1,910.15,909.81,1165558,10604.31,32635, 450196, 38.62
IOB,EQ, 22-May-2026,33.77,33.77,33.89,33.36,33.45,33.43,33.53,2474280,829.64,7687, 1268598, 51.27
J&KBANK,EQ, 22-May-2026,140.06,140.4,142.15,139.23,140.0,140.03,140.62,2924950,4113.08,21562, 1218354, 41.65
JSFB,EQ, 22-May-2026,450.5,450.5,454.3,441.3,450.0,450.45,447.9,735748,3295.44,7753, 458124, 62.27
KARURVYSYA,EQ, 22-May-2026,288.1,289.4,290.25,287.0,288.25,288.05,288.49,827184,2386.38,14414, 388675, 46.99
KOTAKBANK,EQ, 22-May-2026,380.85,381.0,386.3,381.0,384.6,384.15,384.54,10348359,39793.7,135345, 6447555, 62.31
KTKBANK,EQ, 22-May-2026,270.85,272.9,272.9,263.25,263.9,264.5,266.4,1837508,4895.15,22235, 993626, 54.07
MAHABANK,EQ, 22-May-2026,79.76,79.5,80.45,79.01,80.25,80.04,79.74,13186459,10515.25,41019, 6348248, 48.14
PNB,EQ, 22-May-2026,101.92,102.27,102.9,101.95,102.88,102.66,102.59,13695251,14049.74,45974, 5399282, 39.42
PSB,EQ, 22-May-2026,23.69,23.72,23.75,23.47,23.65,23.64,23.59,938939,221.52,3920, 445131, 47.41
RBLBANK,EQ, 22-May-2026,328.75,329.0,336.0,327.5,335.75,334.35,333.0,3833075,12763.99,33905, 1038122, 27.08
SBIN,EQ, 22-May-2026,950.9,950.9,958.6,947.7,949.6,949.2,952.41,7807192,74356.62,142000, 4300251, 55.08
SOUTHBANK,EQ, 22-May-2026,41.01,40.5,40.89,40.24,40.71,40.72,40.62,8659086,3517.25,21397, 2734307, 31.58
SURYODAY,EQ, 22-May-2026,159.68,158.1,161.98,157.83,160.8,159.4,159.92,145493,232.67,2781, 66957, 46.02
TMB,EQ, 22-May-2026,691.6,688.0,694.6,676.5,682.0,682.75,686.67,117827,809.08,6983, 42182, 35.80
UCOBANK,EQ, 22-May-2026,24.82,24.82,24.86,24.67,24.74,24.74,24.77,2485324,615.56,8491, 881597, 35.47
UJJIVANSFB,EQ, 22-May-2026,52.9,53.02,53.25,52.31,52.5,52.49,52.8,7266437,3836.44,26349, 3567734, 49.10
UNIONBANK,EQ, 22-May-2026,160.12,160.0,161.61,159.43,161.4,160.72,160.61,8563944,13754.59,41704, 3981601, 46.49
UTKARSHBNK,EQ, 22-May-2026,13.21,13.21,13.3,13.08,13.24,13.21,13.18,2322759,306.2,3996, 970635, 41.79
YESBANK,EQ, 22-May-2026,21.57,21.6,21.97,21.42,21.88,21.87,21.74,87040517,18920.73,75639, 26400101, 30.33
AUBANK,EQ, 22-May-2026,958.7,964.4,982.0,961.4,982.0,977.9,976.96,1557252,15213.78,48018, 778126, 49.97
AXISBANK,EQ, 22-May-2026,1253.3,1254.1,1288.8,1254.1,1287.0,1285.4,1280.27,5016900,64230.0,162551, 3177729, 63.34
BANDHANBNK,EQ, 22-May-2026,191.08,191.08,196.87,190.42,194.5,194.61,194.38,11298203,21960.93,69920, 5546634, 49.09
BANKBARODA,EQ, 22-May-2026,263.1,263.45,266.95,262.75,266.8,265.4,264.89,18828819,49876.57,66655, 10691907, 56.78
BANKINDIA,EQ, 22-May-2026,139.23,139.5,140.2,139.1,139.85,139.92,139.67,5789870,8086.66,22905, 2805138, 48.45
CANBK,EQ, 22-May-2026,127.97,127.99,128.78,127.66,128.5,128.23,128.13,18634807,23876.26,66061, 9417714, 50.54
CAPITALSFB,EQ, 22-May-2026,280.4,283.0,283.5,279.0,282.0,281.0,280.87,10137,28.47,516, 4996, 49.28
CENTRALBK,EQ, 22-May-2026,33.92,32.3,32.35,31.21,31.22,31.27,31.74,117475305,37287.11,93800, 66366421, 56.49
CSBBANK,EQ, 22-May-2026,364.05,365.0,365.2,358.25,360.9,361.25,360.32,280892,1012.11,7947, 149019, 53.05
CUB,EQ, 22-May-2026,252.15,251.1,254.6,247.6,248.55,248.55,250.46,731177,1831.33,17779, 295715, 40.44
DCBBANK,EQ, 22-May-2026,182.05,181.0,182.1,180.0,181.0,181.34,181.17,604901,1095.89,9479, 242812, 40.14
DHANBANK,EQ, 22-May-2026,34.42,33.99,34.99,33.5,33.52,33.71,34.19,2808629,960.38,7096, 1291774, 45.99
EQUITASBNK,EQ, 22-May-2026,68.96,68.62,68.62,66.0,66.05,66.48,67.2,3397582,2283.02,25909, 1644818, 48.41
ESAFSFB,EQ, 22-May-2026,27.67,27.9,28.45,27.52,27.96,28.1,28.04,570821,160.06,2360, 292584, 51.26
FEDERALBNK,EQ, 22-May-2026,283.75,284.15,288.4,283.2,286.75,287.2,286.15,6756952,19334.87,46237, 3233156, 47.85
FINOPB,EQ, 22-May-2026,120.86,120.94,127.9,118.0,123.65,125.18,122.55,345776,423.74,3463, 124089, 35.89
HDFCBANK,EQ, 22-May-2026,759.15,759.15,775.0,759.15,769.0,766.8,768.46,25604071,196756.3,254373, 15356926, 59.98
ICICIBANK,EQ, 22-May-2026,1242.8,1242.0,1270.8,1242.0,1267.2,1264.3,1264.35,11601085,146678.24,163057, 8081560, 69.66
IDBI,EQ, 22-May-2026,72.9,72.94,73.25,72.36,72.6,72.65,72.79,3526842,2567.04,13967, 1521209, 43.13
IDFCFIRSTB,EQ, 22-May-2026,68.3,68.39,69.1,68.1,68.95,68.88,68.61,12717449,8725.15,47073, 5682373, 44.68
INDIANB,EQ, 22-May-2026,818.95,822.9,832.0,818.1,824.5,825.95,824.37,2275195,18756.04,53844, 1086396, 47.75
INDUSINDBK,EQ, 22-May-2026,899.95,903.0,914.5,902.7,910.1,910.15,909.81,1165558,10604.31,32635, 450196, 38.62
IOB,EQ, 22-May-2026,33.77,33.77,33.89,33.36,33.45,33.43,33.53,2474280,829.64,7687, 1268598, 51.27
J&KBANK,EQ, 22-May-2026,140.06,140.4,142.15,139.23,140.0,140.03,140.62,2924950,4113.08,21562, 1218354, 41.65
JSFB,EQ, 22-May-2026,450.5,450.5,454.3,441.3,450.0,450.45,447.9,735748,3295.44,7753, 458124, 62.27
KARURVYSYA,EQ, 22-May-2026,288.1,289.4,290.25,287.0,288.25,288.05,288.49,827184,2386.38,14414, 388675, 46.99
KOTAKBANK,EQ, 22-May-2026,380.85,381.0,386.3,381.0,384.6,384.15,384.54,10348359,39793.7,135345, 6447555, 62.31
KTKBANK,EQ, 22-May-2026,270.85,272.9,272.9,263.25,263.9,264.5,266.4,1837508,4895.15,22235, 993626, 54.07
MAHABANK,EQ, 22-May-2026,79.76,79.5,80.45,79.01,80.25,80.04,79.74,13186459,10515.25,41019, 6348248, 48.14
PNB,EQ, 22-May-2026,101.92,102.27,102.9,101.95,102.88,102.66,102.59,13695251,14049.74,45974, 5399282, 39.42
PSB,EQ, 22-May-2026,23.69,23.72,23.75,23.47,23.65,23.64,23.59,938939,221.52,3920, 445131, 47.41
RBLBANK,EQ, 22-May-2026,328.75,329.0,336.0,327.5,335.75,334.35,333.0,3833075,12763.99,33905, 1038122, 27.08
SBIN,EQ, 22-May-2026,950.9,950.9,958.6,947.7,949.6,949.2,952.41,7807192,74356.62,142000, 4300251, 55.08
SOUTHBANK,EQ, 22-May-2026,41.01,40.5,40.89,40.24,40.71,40.72,40.62,8659086,3517.25,21397, 2734307, 31.58
SURYODAY,EQ, 22-May-2026,159.68,158.1,161.98,157.83,160.8,159.4,159.92,145493,232.67,2781, 66957, 46.02
TMB,EQ, 22-May-2026,691.6,688.0,694.6,676.5,682.0,682.75,686.67,117827,809.08,6983, 42182, 35.80
UCOBANK,EQ, 22-May-2026,24.82,24.82,24.86,24.67,24.74,24.74,24.77,2485324,615.56,8491, 881597, 35.47
UJJIVANSFB,EQ, 22-May-2026,52.9,53.02,53.25,52.31,52.5,52.49,52.8,7266437,3836.44,26349, 3567734, 49.10
UNIONBANK,EQ, 22-May-2026,160.12,160.0,161.61,159.43,161.4,160.72,160.61,8563944,13754.59,41704, 3981601, 46.49
UTKARSHBNK,EQ, 22-May-2026,13.21,13.21,13.3,13.08,13.24,13.21,13.18,2322759,306.2,3996, 970635, 41.79
YESBANK,EQ, 22-May-2026,21.57,21.6,21.97,21.42,21.88,21.87,21.74,87040517,18920.73,75639, 26400101, 30.33
AUBANK,EQ, 25-May-2026,977.9,987.0,1007.5,986.1,1004.6,999.3,1000.98,1494101,14955.69,72761, 739550, 49.50
AXISBANK,EQ, 25-May-2026,1285.4,1300.4,1314.5,1293.9,1311.0,1311.2,1304.52,5671455,73985.28,132926, 4153506, 73.24
BANDHANBNK,EQ, 25-May-2026,194.61,196.51,199.58,195.2,198.06,196.97,197.2,11447061,22573.52,59035, 4924741, 43.02
BANKBARODA,EQ, 25-May-2026,265.4,268.0,273.0,267.3,272.8,272.25,269.95,11731542,31669.28,69849, 7048625, 60.08
BANKINDIA,EQ, 25-May-2026,139.92,141.6,146.5,141.15,146.02,146.01,144.12,12177599,17550.59,39782, 5591015, 45.91
CANBK,EQ, 25-May-2026,128.23,130.8,134.2,130.0,134.09,133.7,132.36,27988813,37044.85,93767, 10862924, 38.81
CAPITALSFB,EQ, 25-May-2026,281.0,277.05,284.8,277.05,279.0,278.65,279.8,28782,80.53,1028, 19208, 66.74
CENTRALBK,EQ, 25-May-2026,31.27,31.29,31.33,31.11,31.26,31.27,31.27,34693379,10849.18,31501, 23978213, 69.11
CSBBANK,EQ, 25-May-2026,361.25,364.0,367.95,362.8,367.95,365.5,364.87,199531,728.04,4938, 95304, 47.76
CUB,EQ, 25-May-2026,248.55,251.8,253.05,249.2,249.85,249.9,250.31,897950,2247.64,27171, 566685, 63.11
DCBBANK,EQ, 25-May-2026,181.34,182.85,185.4,181.35,182.16,182.57,183.28,784556,1437.96,9420, 414674, 52.85
DHANBANK,EQ, 25-May-2026,33.71,33.76,34.5,33.3,33.46,33.5,33.72,1561822,526.58,4848, 671065, 42.97
EQUITASBNK,EQ, 25-May-2026,66.48,67.61,68.39,66.86,68.25,68.16,67.9,1768372,1200.72,15371, 909720, 51.44
ESAFSFB,EQ, 25-May-2026,28.1,28.4,29.76,28.05,28.99,28.97,29.01,1044043,302.92,3090, 503338, 48.21
FEDERALBNK,EQ, 25-May-2026,287.2,289.0,292.5,286.8,289.9,289.25,289.44,9346757,27052.97,69316, 5843396, 62.52
FINOPB,EQ, 25-May-2026,125.18,125.18,126.8,123.37,125.0,125.4,125.4,154190,193.35,2138, 79059, 51.27
HDFCBANK,EQ, 25-May-2026,766.8,776.0,787.85,775.2,787.45,786.85,783.84,26043952,204143.23,340237, 17199873, 66.04
ICICIBANK,EQ, 25-May-2026,1264.3,1271.0,1293.5,1270.9,1293.5,1291.8,1282.46,13853923,177670.46,230176, 9700400, 70.02
IDBI,EQ, 25-May-2026,72.65,72.95,73.57,72.85,73.08,73.04,73.09,4134677,3022.04,15426, 1893380, 45.79
IDFCFIRSTB,EQ, 25-May-2026,68.88,69.6,69.95,69.04,69.4,69.46,69.47,26724761,18565.14,64572, 15714255, 58.80
INDIANB,EQ, 25-May-2026,825.95,839.4,849.9,835.0,841.95,840.15,841.34,2632041,22144.47,44310, 1257680, 47.78
INDUSINDBK,EQ, 25-May-2026,910.15,920.15,933.5,920.15,927.5,926.1,926.63,1193834,11062.38,27629, 490337, 41.07
IOB,EQ, 25-May-2026,33.43,33.84,34.0,33.62,33.81,33.79,33.81,3843907,1299.79,9318, 2289420, 59.56
J&KBANK,EQ, 25-May-2026,140.03,141.0,142.77,139.84,140.8,140.78,140.91,2776408,3912.11,20114, 1520589, 54.77
JSFB,EQ, 25-May-2026,450.45,456.45,482.2,449.2,477.1,478.55,468.9,830090,3892.29,13386, 445935, 53.72
KARURVYSYA,EQ, 25-May-2026,288.05,292.75,294.2,290.75,292.7,292.0,292.26,1115224,3259.33,35170, 540704, 48.48
KOTAKBANK,EQ, 25-May-2026,384.15,388.3,395.15,387.25,393.25,392.85,391.92,15571552,61027.41,180840, 10632412, 68.28
KTKBANK,EQ, 25-May-2026,264.5,264.8,267.0,262.2,264.95,264.25,263.83,1643721,4336.6,17379, 858317, 52.22
MAHABANK,EQ, 25-May-2026,80.04,81.0,82.2,80.71,81.14,81.17,81.14,11362497,9219.32,40883, 5981880, 52.65
PNB,EQ, 25-May-2026,102.66,103.6,106.5,103.5,106.49,106.26,105.2,23250421,24460.18,69154, 10878297, 46.79
PSB,EQ, 25-May-2026,23.64,23.8,24.11,23.76,24.07,24.05,23.92,853908,204.25,3471, 481271, 56.36
RBLBANK,EQ, 25-May-2026,334.35,340.0,346.65,337.45,344.1,343.35,342.46,5674878,19434.2,57092, 1849953, 32.60
SBIN,EQ, 25-May-2026,949.2,959.9,972.5,957.5,972.3,969.6,963.32,10934747,105336.29,182636, 6186621, 56.58
SOUTHBANK,EQ, 25-May-2026,40.72,40.8,41.36,40.8,40.93,41.0,40.99,7360002,3016.6,19139, 3516860, 47.78
SURYODAY,EQ, 25-May-2026,159.4,161.0,164.8,160.5,162.25,161.51,162.5,206913,336.23,3255, 107718, 52.06
TMB,EQ, 25-May-2026,682.75,685.55,692.2,681.4,685.0,684.25,686.54,79651,546.83,5105, 34558, 43.39
UCOBANK,EQ, 25-May-2026,24.74,24.91,25.62,24.91,25.58,25.54,25.34,5082494,1287.97,13484, 2287836, 45.01
UJJIVANSFB,EQ, 25-May-2026,52.49,53.5,55.11,52.0,55.05,54.87,53.67,15455722,8295.3,46099, 7891577, 51.06
UNIONBANK,EQ, 25-May-2026,160.72,162.0,169.46,161.91,169.3,168.87,166.63,19110578,31843.63,60951, 9694729, 50.73
UTKARSHBNK,EQ, 25-May-2026,13.21,13.44,13.5,13.34,13.43,13.42,13.42,2571963,345.21,4072, 1327569, 51.62
YESBANK,EQ, 25-May-2026,21.87,22.14,22.4,22.01,22.33,22.29,22.21,69502731,15436.99,67364, 30245643, 43.52
AUBANK,EQ, 26-May-2026,999.3,1001.0,1018.5,997.8,1018.5,1011.8,1011.01,2701128,27308.71,73228, 1135730, 42.05
AXISBANK,EQ, 26-May-2026,1311.2,1309.8,1317.0,1291.5,1301.5,1299.3,1301.83,6455265,84036.64,123109, 2439470, 37.79
BANDHANBNK,EQ, 26-May-2026,196.97,197.0,203.69,197.0,201.25,200.4,201.03,18270681,36730.0,110629, 7461933, 40.84
BANKBARODA,EQ, 26-May-2026,272.25,272.9,274.2,269.8,270.9,270.55,271.12,10164821,27558.88,51451, 4786770, 47.09
BANKINDIA,EQ, 26-May-2026,146.01,146.01,147.01,144.0,145.25,144.99,145.14,12544549,18207.16,53494, 5609597, 44.72
CANBK,EQ, 26-May-2026,133.7,134.32,135.5,132.58,133.45,133.15,133.68,23285321,31128.89,104572, 9010278, 38.70
CAPITALSFB,EQ, 26-May-2026,278.65,284.0,285.5,278.45,282.0,281.95,282.35,36004,101.66,779, 25509, 70.85
CENTRALBK,EQ, 26-May-2026,31.27,31.29,31.29,31.0,31.05,31.02,31.09,21814440,6782.57,34583, 14585772, 66.86
CSBBANK,EQ, 26-May-2026,365.5,365.55,368.35,360.5,363.6,364.1,364.08,137721,501.42,6156, 59747, 43.38
CUB,EQ, 26-May-2026,249.9,251.95,256.8,249.9,252.7,254.1,254.09,1814654,4610.94,33240, 1051600, 57.95
DCBBANK,EQ, 26-May-2026,182.57,182.0,184.05,178.97,180.1,179.92,181.46,702642,1275.0,10795, 336925, 47.95
DHANBANK,EQ, 26-May-2026,33.5,33.88,34.09,33.0,33.09,33.1,33.63,1084490,364.7,3892, 503441, 46.42
EQUITASBNK,EQ, 26-May-2026,68.16,68.2,70.57,68.16,70.0,70.15,69.96,2944508,2060.04,18041, 1313369, 44.60
ESAFSFB,EQ, 26-May-2026,28.97,29.14,29.25,28.79,29.05,28.98,28.99,288313,83.59,1262, 120537, 41.81
FEDERALBNK,EQ, 26-May-2026,289.25,292.0,293.35,288.65,289.75,290.2,291.18,10983670,31982.3,73924, 6219268, 56.62
FINOPB,EQ, 26-May-2026,125.4,126.9,131.05,124.51,128.11,127.9,129.01,275913,355.95,3495, 147507, 53.46
HDFCBANK,EQ, 26-May-2026,786.85,784.05,790.85,776.75,780.25,778.9,783.86,31528062,247134.58,268365, 12977242, 41.16
ICICIBANK,EQ, 26-May-2026,1291.8,1290.0,1301.8,1276.2,1280.7,1279.1,1287.57,18400405,236917.57,233183, 8032540, 43.65
IDBI,EQ, 26-May-2026,73.04,72.7,73.98,72.59,72.88,72.94,73.28,3563991,2611.81,14238, 1419559, 39.83
IDFCFIRSTB,EQ, 26-May-2026,69.46,69.25,70.33,69.24,70.25,70.22,69.95,19387715,13561.18,75411, 9262156, 47.77
INDIANB,EQ, 26-May-2026,840.15,844.0,847.3,830.1,835.5,833.55,836.68,2469501,20661.74,43744, 1255106, 50.82
INDUSINDBK,EQ, 26-May-2026,926.1,926.2,935.0,921.0,935.0,932.3,927.7,2323571,21555.84,60140, 710701, 30.59
IOB,EQ, 26-May-2026,33.79,33.79,33.95,33.5,33.68,33.63,33.72,2870292,967.74,8515, 1290989, 44.98
J&KBANK,EQ, 26-May-2026,140.78,140.62,141.6,139.4,139.9,140.16,140.5,2203961,3096.54,24790, 1147703, 52.07
JSFB,EQ, 26-May-2026,478.55,485.0,495.0,471.8,490.0,491.4,489.24,1318419,6450.26,26746, 630320, 47.81
KARURVYSYA,EQ, 26-May-2026,292.0,291.9,295.0,291.05,293.15,293.35,293.06,1108147,3247.53,17552, 690599, 62.32
KOTAKBANK,EQ, 26-May-2026,392.85,392.85,394.95,387.0,389.5,388.65,389.08,15059212,58593.0,173971, 8544440, 56.74
KTKBANK,EQ, 26-May-2026,264.25,265.5,278.0,263.25,268.0,267.55,271.59,5166361,14031.48,47670, 2099362, 40.64
MAHABANK,EQ, 26-May-2026,81.17,81.36,81.75,79.81,80.35,80.18,80.49,13667175,11001.29,40129, 7178970, 52.53
PNB,EQ, 26-May-2026,106.26,106.13,107.2,105.44,105.98,105.91,106.03,26298361,27883.83,71390, 13351764, 50.77
PSB,EQ, 26-May-2026,24.05,24.04,24.36,23.91,24.2,24.19,24.16,1640676,396.45,3951, 812593, 49.53
RBLBANK,EQ, 26-May-2026,343.35,344.8,346.4,341.35,345.0,344.25,344.35,3032110,10441.06,24920, 1026522, 33.86
SBIN,EQ, 26-May-2026,969.6,969.9,978.8,962.1,969.8,968.5,970.57,16269800,157909.49,171204, 8470161, 52.06
SOUTHBANK,EQ, 26-May-2026,41.0,40.7,41.12,40.66,40.69,40.74,40.86,6338301,2590.12,20573, 3259566, 51.43
SURYODAY,EQ, 26-May-2026,161.51,162.25,164.29,159.51,161.5,161.57,161.71,200090,323.57,4132, 100357, 50.16
TMB,EQ, 26-May-2026,684.25,684.25,701.6,680.0,681.5,683.05,690.47,128566,887.7,10621, 57705, 44.88
UCOBANK,EQ, 26-May-2026,25.54,25.54,25.8,25.31,25.4,25.41,25.55,3687303,942.11,10472, 1657441, 44.95
UJJIVANSFB,EQ, 26-May-2026,54.87,54.87,55.89,54.5,55.35,55.41,55.3,8154076,4509.07,34212, 3116528, 38.22
UNIONBANK,EQ, 26-May-2026,168.87,170.96,170.96,166.24,167.84,167.56,168.0,16199061,27214.75,71414, 5576639, 34.43
UTKARSHBNK,EQ, 26-May-2026,13.42,13.41,13.8,13.38,13.51,13.5,13.61,3037505,413.38,3940, 1285930, 42.34
YESBANK,EQ, 26-May-2026,22.29,22.35,22.9,22.2,22.8,22.83,22.59,122217274,27605.25,86510, 47271276, 38.68
AUBANK,EQ, 27-May-2026,1011.8,1011.7,1025.0,1002.2,1004.9,1005.0,1008.83,846441,8539.16,50283, 463294, 54.73
AXISBANK,EQ, 27-May-2026,1299.3,1296.3,1314.5,1293.1,1304.5,1304.1,1303.26,7243174,94397.47,154359, 4151013, 57.31
BANDHANBNK,EQ, 27-May-2026,200.4,200.51,208.26,200.51,206.0,205.83,205.76,12630859,25989.83,69990, 5576671, 44.15
BANKBARODA,EQ, 27-May-2026,270.55,270.55,274.25,269.8,271.0,270.95,271.77,10007296,27196.57,71575, 5234118, 52.30
BANKINDIA,EQ, 27-May-2026,144.99,145.49,147.49,145.08,147.23,147.0,146.49,12172304,17830.83,35953, 6181713, 50.79
CANBK,EQ, 27-May-2026,133.15,133.48,135.3,133.1,134.3,134.16,134.19,26115218,35043.13,75653, 13087103, 50.11
CAPITALSFB,EQ, 27-May-2026,281.95,286.0,286.95,279.5,285.95,284.75,283.56,25533,72.4,1124, 13633, 53.39
CENTRALBK,EQ, 27-May-2026,31.02,31.06,31.1,30.52,30.92,30.84,30.88,22992791,7099.37,33077, 13001304, 56.55
CSBBANK,EQ, 27-May-2026,364.1,364.3,373.9,360.5,371.0,370.05,367.57,420244,1544.7,10850, 236086, 56.18
CUB,EQ, 27-May-2026,254.1,255.1,255.65,250.85,253.9,253.85,253.13,872260,2207.94,22224, 518658, 59.46
DCBBANK,EQ, 27-May-2026,179.92,181.53,182.28,179.0,179.7,179.52,180.42,450401,812.63,6149, 216911, 48.16
DHANBANK,EQ, 27-May-2026,33.1,33.14,34.3,32.89,34.15,34.12,33.72,2215184,746.96,7859, 958895, 43.29
EQUITASBNK,EQ, 27-May-2026,70.15,70.75,72.6,70.15,72.09,72.18,72.13,3894528,2809.3,24964, 2275695, 58.43
ESAFSFB,EQ, 27-May-2026,28.98,28.98,29.34,28.72,28.98,28.89,28.95,358836,103.89,1942, 165418, 46.10
FEDERALBNK,EQ, 27-May-2026,290.2,289.5,293.0,287.85,288.95,288.9,289.76,3869975,11213.77,52306, 1703420, 44.02
FINOPB,EQ, 27-May-2026,127.9,129.5,138.71,127.3,134.0,133.97,133.8,626322,838.03,6347, 214877, 34.31
HDFCBANK,EQ, 27-May-2026,778.9,769.5,773.9,756.9,759.15,758.65,762.18,63680153,485357.05,603423, 36818001, 57.82
ICICIBANK,EQ, 27-May-2026,1279.1,1286.0,1293.4,1266.7,1272.5,1272.7,1277.96,18366272,234713.39,199046, 7601863, 41.39
IDBI,EQ, 27-May-2026,72.94,72.94,74.46,72.55,73.5,73.49,73.62,5960584,4388.14,19771, 2594923, 43.53
IDFCFIRSTB,EQ, 27-May-2026,70.22,70.22,72.35,70.1,71.9,71.48,70.91,16565002,11746.77,52196, 7472878, 45.11
INDIANB,EQ, 27-May-2026,833.55,833.55,837.85,827.1,833.0,833.35,834.0,1027273,8567.49,24381, 431054, 41.96
INDUSINDBK,EQ, 27-May-2026,932.3,930.5,939.8,928.0,929.0,932.3,933.63,1088920,10166.5,31980, 280230, 25.73
IOB,EQ, 27-May-2026,33.63,33.63,33.97,33.53,33.9,33.88,33.79,2722431,920.01,9505, 1151760, 42.31
J&KBANK,EQ, 27-May-2026,140.16,140.15,144.7,139.76,143.4,143.88,143.4,4222221,6054.48,30729, 1947458, 46.12
JSFB,EQ, 27-May-2026,491.4,492.85,507.0,483.3,490.0,488.25,492.26,492002,2421.92,13168, 256257, 52.08
KARURVYSYA,EQ, 27-May-2026,293.35,293.05,295.0,285.0,292.95,294.05,290.53,2533650,7360.95,37112, 1170887, 46.21
KOTAKBANK,EQ, 27-May-2026,388.65,388.55,390.5,386.7,389.4,388.7,388.84,9326451,36264.8,131286, 5516546, 59.15
KTKBANK,EQ, 27-May-2026,267.55,269.8,274.0,268.8,271.95,271.85,272.26,2159206,5878.59,29079, 1088217, 50.40
MAHABANK,EQ, 27-May-2026,80.18,80.18,80.25,79.6,80.03,80.08,79.98,7325388,5858.57,28358, 3974336, 54.25
PNB,EQ, 27-May-2026,105.91,105.9,107.04,105.58,106.62,106.67,106.53,11620905,12380.08,46296, 4555222, 39.20
PSB,EQ, 27-May-2026,24.19,24.49,24.49,24.1,24.2,24.28,24.27,1008838,244.84,5071, 428598, 42.48
RBLBANK,EQ, 27-May-2026,344.25,344.25,353.0,343.0,347.9,348.25,348.31,4249696,14802.12,34656, 1346747, 31.69
SBIN,EQ, 27-May-2026,968.5,969.8,975.9,966.6,967.3,967.8,969.93,8111259,78673.78,187071, 3174652, 39.14
SOUTHBANK,EQ, 27-May-2026,40.74,40.33,41.4,40.33,41.24,41.15,41.06,10269552,4216.94,28736, 5080264, 49.47
SURYODAY,EQ, 27-May-2026,161.57,161.57,166.67,159.47,165.8,165.8,163.78,370981,607.61,5473, 196827, 53.06
TMB,EQ, 27-May-2026,683.05,691.0,693.85,676.1,682.5,679.05,683.26,123796,845.85,8030, 56879, 45.95
UCOBANK,EQ, 27-May-2026,25.41,25.31,25.69,25.3,25.56,25.54,25.5,3747300,955.58,10258, 1397904, 37.30
UJJIVANSFB,EQ, 27-May-2026,55.41,55.34,56.25,54.06,54.55,54.49,55.09,5274663,2905.89,20806, 2136813, 40.51
UNIONBANK,EQ, 27-May-2026,167.56,167.56,169.4,167.07,168.75,168.72,168.66,7569728,12767.37,42852, 3154576, 41.67
UTKARSHBNK,EQ, 27-May-2026,13.5,13.4,13.62,13.4,13.45,13.47,13.51,1793954,242.37,2904, 827076, 46.10
YESBANK,EQ, 27-May-2026,22.83,22.82,22.97,22.72,22.74,22.76,22.83,83642012,19094.34,67034, 37041143, 44.29
AUBANK,EQ, 27-May-2026,1011.8,1011.7,1025.0,1002.2,1004.9,1005.0,1008.83,846441,8539.16,50283, 463294, 54.73
AXISBANK,EQ, 27-May-2026,1299.3,1296.3,1314.5,1293.1,1304.5,1304.1,1303.26,7243174,94397.47,154359, 4151013, 57.31
BANDHANBNK,EQ, 27-May-2026,200.4,200.51,208.26,200.51,206.0,205.83,205.76,12630859,25989.83,69990, 5576671, 44.15
BANKBARODA,EQ, 27-May-2026,270.55,270.55,274.25,269.8,271.0,270.95,271.77,10007296,27196.57,71575, 5234118, 52.30
BANKINDIA,EQ, 27-May-2026,144.99,145.49,147.49,145.08,147.23,147.0,146.49,12172304,17830.83,35953, 6181713, 50.79
CANBK,EQ, 27-May-2026,133.15,133.48,135.3,133.1,134.3,134.16,134.19,26115218,35043.13,75653, 13087103, 50.11
CAPITALSFB,EQ, 27-May-2026,281.95,286.0,286.95,279.5,285.95,284.75,283.56,25533,72.4,1124, 13633, 53.39
CENTRALBK,EQ, 27-May-2026,31.02,31.06,31.1,30.52,30.92,30.84,30.88,22992791,7099.37,33077, 13001304, 56.55
CSBBANK,EQ, 27-May-2026,364.1,364.3,373.9,360.5,371.0,370.05,367.57,420244,1544.7,10850, 236086, 56.18
CUB,EQ, 27-May-2026,254.1,255.1,255.65,250.85,253.9,253.85,253.13,872260,2207.94,22224, 518658, 59.46
DCBBANK,EQ, 27-May-2026,179.92,181.53,182.28,179.0,179.7,179.52,180.42,450401,812.63,6149, 216911, 48.16
DHANBANK,EQ, 27-May-2026,33.1,33.14,34.3,32.89,34.15,34.12,33.72,2215184,746.96,7859, 958895, 43.29
EQUITASBNK,EQ, 27-May-2026,70.15,70.75,72.6,70.15,72.09,72.18,72.13,3894528,2809.3,24964, 2275695, 58.43
ESAFSFB,EQ, 27-May-2026,28.98,28.98,29.34,28.72,28.98,28.89,28.95,358836,103.89,1942, 165418, 46.10
FEDERALBNK,EQ, 27-May-2026,290.2,289.5,293.0,287.85,288.95,288.9,289.76,3869975,11213.77,52306, 1703420, 44.02
FINOPB,EQ, 27-May-2026,127.9,129.5,138.71,127.3,134.0,133.97,133.8,626322,838.03,6347, 214877, 34.31
HDFCBANK,EQ, 27-May-2026,778.9,769.5,773.9,756.9,759.15,758.65,762.18,63680153,485357.05,603423, 36818001, 57.82
ICICIBANK,EQ, 27-May-2026,1279.1,1286.0,1293.4,1266.7,1272.5,1272.7,1277.96,18366272,234713.39,199046, 7601863, 41.39
IDBI,EQ, 27-May-2026,72.94,72.94,74.46,72.55,73.5,73.49,73.62,5960584,4388.14,19771, 2594923, 43.53
IDFCFIRSTB,EQ, 27-May-2026,70.22,70.22,72.35,70.1,71.9,71.48,70.91,16565002,11746.77,52196, 7472878, 45.11
INDIANB,EQ, 27-May-2026,833.55,833.55,837.85,827.1,833.0,833.35,834.0,1027273,8567.49,24381, 431054, 41.96
INDUSINDBK,EQ, 27-May-2026,932.3,930.5,939.8,928.0,929.0,932.3,933.63,1088920,10166.5,31980, 280230, 25.73
IOB,EQ, 27-May-2026,33.63,33.63,33.97,33.53,33.9,33.88,33.79,2722431,920.01,9505, 1151760, 42.31
J&KBANK,EQ, 27-May-2026,140.16,140.15,144.7,139.76,143.4,143.88,143.4,4222221,6054.48,30729, 1947458, 46.12
JSFB,EQ, 27-May-2026,491.4,492.85,507.0,483.3,490.0,488.25,492.26,492002,2421.92,13168, 256257, 52.08
KARURVYSYA,EQ, 27-May-2026,293.35,293.05,295.0,285.0,292.95,294.05,290.53,2533650,7360.95,37112, 1170887, 46.21
KOTAKBANK,EQ, 27-May-2026,388.65,388.55,390.5,386.7,389.4,388.7,388.84,9326451,36264.8,131286, 5516546, 59.15
KTKBANK,EQ, 27-May-2026,267.55,269.8,274.0,268.8,271.95,271.85,272.26,2159206,5878.59,29079, 1088217, 50.40
MAHABANK,EQ, 27-May-2026,80.18,80.18,80.25,79.6,80.03,80.08,79.98,7325388,5858.57,28358, 3974336, 54.25
PNB,EQ, 27-May-2026,105.91,105.9,107.04,105.58,106.62,106.67,106.53,11620905,12380.08,46296, 4555222, 39.20
PSB,EQ, 27-May-2026,24.19,24.49,24.49,24.1,24.2,24.28,24.27,1008838,244.84,5071, 428598, 42.48
RBLBANK,EQ, 27-May-2026,344.25,344.25,353.0,343.0,347.9,348.25,348.31,4249696,14802.12,34656, 1346747, 31.69
SBIN,EQ, 27-May-2026,968.5,969.8,975.9,966.6,967.3,967.8,969.93,8111259,78673.78,187071, 3174652, 39.14
SOUTHBANK,EQ, 27-May-2026,40.74,40.33,41.4,40.33,41.24,41.15,41.06,10269552,4216.94,28736, 5080264, 49.47
SURYODAY,EQ, 27-May-2026,161.57,161.57,166.67,159.47,165.8,165.8,163.78,370981,607.61,5473, 196827, 53.06
TMB,EQ, 27-May-2026,683.05,691.0,693.85,676.1,682.5,679.05,683.26,123796,845.85,8030, 56879, 45.95
UCOBANK,EQ, 27-May-2026,25.41,25.31,25.69,25.3,25.56,25.54,25.5,3747300,955.58,10258, 1397904, 37.30
UJJIVANSFB,EQ, 27-May-2026,55.41,55.34,56.25,54.06,54.55,54.49,55.09,5274663,2905.89,20806, 2136813, 40.51
UNIONBANK,EQ, 27-May-2026,167.56,167.56,169.4,167.07,168.75,168.72,168.66,7569728,12767.37,42852, 3154576, 41.67
UTKARSHBNK,EQ, 27-May-2026,13.5,13.4,13.62,13.4,13.45,13.47,13.51,1793954,242.37,2904, 827076, 46.10
YESBANK,EQ, 27-May-2026,22.83,22.82,22.97,22.72,22.74,22.76,22.83,83642012,19094.34,67034, 37041143, 44.29
AUBANK,EQ, 29-May-2026,1005.0,1005.0,1013.3,971.1,989.4,984.7,989.31,5062185,50080.94,94739, 3357475, 66.32
AXISBANK,EQ, 29-May-2026,1304.1,1296.1,1312.6,1277.4,1286.5,1286.6,1290.23,15215715,196318.0,155975, 10851542, 71.32
BANDHANBNK,EQ, 29-May-2026,205.83,205.93,212.48,205.93,209.5,208.3,209.89,17292707,36296.49,111598, 8019171, 46.37
BANKBARODA,EQ, 29-May-2026,270.95,272.55,274.0,267.15,269.0,268.5,269.52,17624514,47501.45,80542, 11374524, 64.54
BANKINDIA,EQ, 29-May-2026,147.0,142.48,144.16,139.5,140.0,139.91,141.75,12099858,17151.54,50978, 5251314, 43.40
CANBK,EQ, 29-May-2026,134.16,134.96,135.15,130.15,131.75,130.8,131.69,57212379,75345.25,122373, 39361207, 68.80
CAPITALSFB,EQ, 29-May-2026,284.75,284.75,284.75,272.9,276.5,274.65,278.65,39442,109.91,1497, 28769, 72.94
CENTRALBK,EQ, 29-May-2026,30.84,30.99,31.27,30.61,30.85,30.77,31.03,18107823,5619.37,25572, 10511977, 58.05
CSBBANK,EQ, 29-May-2026,370.05,371.6,372.65,347.5,355.0,352.85,357.06,810525,2894.06,24012, 367068, 45.29
CUB,EQ, 29-May-2026,253.85,253.9,258.35,253.8,256.0,255.45,256.27,1373425,3519.71,29794, 800669, 58.30
DCBBANK,EQ, 29-May-2026,179.52,180.25,181.89,174.2,176.96,175.33,177.92,798260,1420.29,9589, 420442, 52.67
DHANBANK,EQ, 29-May-2026,34.12,34.33,34.99,31.61,32.81,32.88,34.04,3246165,1105.02,9424, 1512726, 46.60
EQUITASBNK,EQ, 29-May-2026,72.18,72.29,72.58,69.57,70.02,70.21,70.36,2026309,1425.76,13596, 1226285, 60.52
ESAFSFB,EQ, 29-May-2026,28.89,29.1,29.4,28.4,28.4,28.61,28.8,493336,142.06,1676, 239909, 48.63
FEDERALBNK,EQ, 29-May-2026,288.9,292.0,293.9,283.6,288.2,288.95,288.96,239376091,691695.53,203484, 130632060, 54.57
FINOPB,EQ, 29-May-2026,133.97,134.7,134.7,126.96,128.39,127.74,129.02,353434,455.99,4871, 170886, 48.35
HDFCBANK,EQ, 29-May-2026,758.65,746.05,760.5,737.75,747.25,744.55,747.79,101299431,757503.25,582913, 69804226, 68.91
ICICIBANK,EQ, 29-May-2026,1272.7,1275.1,1287.8,1247.9,1260.5,1256.4,1263.53,31007884,391794.8,392957, 21843321, 70.44
IDBI,EQ, 29-May-2026,73.49,74.1,76.19,73.4,73.61,73.83,74.97,13441911,10077.73,41139, 5383727, 40.05
IDFCFIRSTB,EQ, 29-May-2026,71.48,71.81,73.08,70.51,71.2,71.32,71.51,116119106,83034.6,146983, 79066957, 68.09
INDIANB,EQ, 29-May-2026,833.35,837.0,853.95,817.15,847.0,833.0,832.66,34509165,287343.65,139111, 24723007, 71.64
INDUSINDBK,EQ, 29-May-2026,932.3,930.6,940.2,910.35,913.95,914.35,919.0,3160610,29046.09,55906, 1983137, 62.75
IOB,EQ, 29-May-2026,33.88,33.88,34.06,33.1,33.55,33.42,33.58,3503704,1176.55,12980, 2015898, 57.54
J&KBANK,EQ, 29-May-2026,143.88,143.6,144.36,139.5,140.65,140.36,142.28,3114207,4430.99,26636, 1513739, 48.61
JSFB,EQ, 29-May-2026,488.25,488.5,501.0,487.0,491.0,495.25,495.14,452606,2241.05,10787, 243784, 53.86
KARURVYSYA,EQ, 29-May-2026,294.05,296.7,296.8,287.0,288.35,288.75,290.86,2006790,5836.88,30074, 1142791, 56.95
KOTAKBANK,EQ, 29-May-2026,388.7,388.85,392.55,381.25,385.65,384.2,385.33,40109830,154554.76,222633, 28222853, 70.36
KTKBANK,EQ, 29-May-2026,271.85,272.9,278.4,267.05,271.0,269.35,273.98,3485669,9549.99,37997, 1608526, 46.15
MAHABANK,EQ, 29-May-2026,80.08,80.1,80.7,78.4,79.5,79.27,79.83,11912803,9509.6,54232, 6122815, 51.40
PNB,EQ, 29-May-2026,106.67,106.75,108.47,105.57,106.25,106.05,106.49,32063993,34144.36,91513, 19404613, 60.52
PSB,EQ, 29-May-2026,24.28,24.1,24.6,23.68,24.0,23.98,24.17,1374057,332.04,3787, 701593, 51.06
RBLBANK,EQ, 29-May-2026,348.25,350.0,351.1,341.25,346.95,345.0,345.0,7271205,25085.56,33320, 4328112, 59.52
SBIN,EQ, 29-May-2026,967.8,967.8,973.7,960.3,965.3,964.4,965.5,22292535,215233.52,258939, 15418901, 69.17
SOUTHBANK,EQ, 29-May-2026,41.15,41.15,42.45,41.1,41.24,41.42,41.85,17701587,7408.29,51966, 7515768, 42.46
SURYODAY,EQ, 29-May-2026,165.8,165.8,170.97,161.45,165.0,163.59,165.68,398061,659.52,5758, 212249, 53.32
TMB,EQ, 29-May-2026,679.05,679.05,700.0,678.0,698.0,692.55,690.46,334883,2312.24,14616, 154430, 46.11
UCOBANK,EQ, 29-May-2026,25.54,25.5,25.78,25.1,25.29,25.21,25.5,3517568,896.81,11932, 1542570, 43.85
UJJIVANSFB,EQ, 29-May-2026,54.49,54.49,55.38,54.12,54.36,54.39,54.75,4153688,2273.98,26397, 1776757, 42.78
UNIONBANK,EQ, 29-May-2026,168.72,169.0,171.79,166.6,168.42,167.88,168.39,48286734,81308.72,101342, 31223742, 64.66
UTKARSHBNK,EQ, 29-May-2026,13.47,13.54,13.63,13.19,13.22,13.26,13.39,2980482,399.01,4638, 1575583, 52.86
YESBANK,EQ, 29-May-2026,22.76,22.8,23.55,22.8,23.2,23.15,23.24,313761828,72909.83,162527, 176039546, 56.11
AUBANK,EQ, 01-Jun-2026,984.7,989.4,997.8,964.75,970.0,969.15,975.56,1546836,15090.3,51754, 831683, 53.77
AXISBANK,EQ, 01-Jun-2026,1286.6,1289.0,1293.2,1267.0,1277.5,1275.9,1276.5,4311076,55030.7,122475, 2762419, 64.08
BANDHANBNK,EQ, 01-Jun-2026,208.3,210.0,211.41,205.45,207.0,207.14,208.83,9048068,18895.13,52039, 3147804, 34.79
BANKBARODA,EQ, 01-Jun-2026,268.5,270.4,271.75,263.2,264.7,264.35,265.5,12975542,34449.69,66192, 5994153, 46.20
BANKINDIA,EQ, 01-Jun-2026,139.91,140.3,140.86,136.39,137.28,136.74,138.08,7863805,10858.02,40502, 3318644, 42.20
CANBK,EQ, 01-Jun-2026,130.8,131.45,132.22,127.5,128.1,127.96,128.54,27235875,35007.91,75251, 9094385, 33.39
CAPITALSFB,EQ, 01-Jun-2026,274.65,275.0,282.85,265.1,268.05,267.65,270.74,51355,139.04,2379, 25155, 48.98
CENTRALBK,EQ, 01-Jun-2026,30.77,30.98,31.06,30.03,30.3,30.31,30.64,14357374,4399.72,27639, 8388018, 58.42
CSBBANK,EQ, 01-Jun-2026,352.85,355.55,364.75,351.9,362.0,359.05,359.1,357639,1284.29,14508, 136864, 38.27
CUB,EQ, 01-Jun-2026,255.45,257.1,258.6,250.15,256.7,254.1,254.65,1735666,4419.96,32915, 953316, 54.93
DCBBANK,EQ, 01-Jun-2026,175.33,175.33,177.66,169.44,176.2,174.85,172.89,1637710,2831.42,24831, 810643, 49.50
DHANBANK,EQ, 01-Jun-2026,32.88,33.0,33.91,32.55,33.34,33.52,33.16,1537360,509.72,5742, 561213, 36.50
EQUITASBNK,EQ, 01-Jun-2026,70.21,70.03,70.24,68.56,68.57,69.41,69.34,1606376,1113.89,11376, 788816, 49.11
ESAFSFB,EQ, 01-Jun-2026,28.61,28.61,28.8,27.4,27.4,27.45,27.91,674267,188.21,2456, 425034, 63.04
FEDERALBNK,EQ, 01-Jun-2026,288.95,290.0,292.4,285.5,288.0,288.2,288.42,6701913,19329.59,61886, 2958447, 44.14
FINOPB,EQ, 01-Jun-2026,127.74,129.99,130.59,124.4,125.2,126.72,128.01,151438,193.85,2095, 72713, 48.02
HDFCBANK,EQ, 01-Jun-2026,744.55,749.0,752.35,739.2,742.5,742.7,743.7,47996441,356950.84,364744, 19302413, 40.22
ICICIBANK,EQ, 01-Jun-2026,1256.4,1257.1,1261.9,1235.9,1238.6,1239.7,1245.36,9911975,123439.58,179104, 4668973, 47.10
IDBI,EQ, 01-Jun-2026,73.83,74.0,74.33,71.82,71.94,72.07,73.03,4474223,3267.46,21954, 2117339, 47.32
IDFCFIRSTB,EQ, 01-Jun-2026,71.32,71.3,71.81,70.51,71.2,71.25,71.16,14291113,10169.85,60363, 5798792, 40.58
INDIANB,EQ, 01-Jun-2026,833.0,840.25,842.4,808.0,812.7,809.75,821.49,3257722,26761.84,114893, 1589066, 48.78
INDUSINDBK,EQ, 01-Jun-2026,914.35,917.75,925.9,896.8,902.0,901.15,906.06,1597794,14476.92,39195, 824438, 51.60
IOB,EQ, 01-Jun-2026,33.42,33.66,33.7,32.56,32.89,32.95,33.05,3385245,1118.84,15972, 1669314, 49.31
J&KBANK,EQ, 01-Jun-2026,140.36,140.36,144.95,138.91,141.25,141.77,142.26,4686837,6667.35,37186, 1785241, 38.09
JSFB,EQ, 01-Jun-2026,495.25,500.0,500.0,480.1,482.75,484.35,489.32,574706,2812.16,14747, 299533, 52.12
KARURVYSYA,EQ, 01-Jun-2026,288.75,288.75,292.95,282.0,286.0,286.3,287.04,5452413,15650.78,53281, 1422002, 26.08
KOTAKBANK,EQ, 01-Jun-2026,384.2,384.15,387.0,375.65,378.0,377.4,379.65,12335552,46832.04,131176, 7520709, 60.97
KTKBANK,EQ, 01-Jun-2026,269.35,271.0,277.4,262.5,265.2,265.7,269.86,3062519,8264.62,41739, 1420661, 46.39
MAHABANK,EQ, 01-Jun-2026,79.27,79.2,79.33,76.9,77.6,77.64,78.01,14202373,11079.84,56492, 7005000, 49.32
PNB,EQ, 01-Jun-2026,106.05,106.5,107.13,103.52,103.8,103.78,104.32,19255610,20087.48,70617, 9446474, 49.06
PSB,EQ, 01-Jun-2026,23.98,24.28,24.34,23.53,23.66,23.72,23.92,832411,199.1,2953, 482824, 58.00
RBLBANK,EQ, 01-Jun-2026,345.0,345.0,347.3,337.65,338.35,338.8,340.87,2759666,9406.91,32834, 1002347, 36.32
SBIN,EQ, 01-Jun-2026,964.4,966.25,970.25,950.1,954.5,954.1,959.25,11118975,106658.83,170313, 5101558, 45.88
SOUTHBANK,EQ, 01-Jun-2026,41.42,41.42,41.85,40.6,41.1,41.06,41.27,10439366,4308.84,42081, 5237239, 50.17
SURYODAY,EQ, 01-Jun-2026,163.59,163.0,170.68,162.0,162.46,163.05,166.69,415045,691.85,8237, 175801, 42.36
TMB,EQ, 01-Jun-2026,692.55,692.0,747.75,686.35,724.7,728.25,723.36,2797399,20235.27,77653, 365507, 13.07
UCOBANK,EQ, 01-Jun-2026,25.21,25.29,25.35,24.8,24.85,24.89,25.04,3691893,924.63,13739, 1668227, 45.19
UJJIVANSFB,EQ, 01-Jun-2026,54.39,54.39,54.84,52.72,53.4,53.87,53.64,9839852,5278.38,34620, 4486319, 45.59
UNIONBANK,EQ, 01-Jun-2026,167.88,168.0,168.79,161.95,163.24,162.54,163.96,11662148,19121.17,60689, 5712002, 48.98
UTKARSHBNK,EQ, 01-Jun-2026,13.26,13.3,13.45,13.0,13.05,13.04,13.16,3087852,406.24,4708, 1414109, 45.80
YESBANK,EQ, 01-Jun-2026,23.15,23.28,23.77,22.92,23.02,23.01,23.29,141975429,33060.6,125534, 42789315, 30.14
AUBANK,EQ, 02-Jun-2026,969.15,964.75,985.9,951.25,977.4,976.45,971.01,800639,7774.28,32001, 306361, 38.26
AXISBANK,EQ, 02-Jun-2026,1275.9,1263.0,1275.8,1244.9,1253.4,1251.1,1255.81,11884695,149249.58,227869, 6670605, 56.13
BANDHANBNK,EQ, 02-Jun-2026,207.14,205.09,208.95,203.5,206.74,206.33,206.46,7625242,15743.17,46142, 3239998, 42.49
BANKBARODA,EQ, 02-Jun-2026,264.35,263.5,266.35,261.0,266.0,265.8,263.83,12303559,32460.85,66856, 5953459, 48.39
BANKINDIA,EQ, 02-Jun-2026,136.74,136.7,138.18,134.6,137.2,137.29,136.62,7422302,10140.01,37623, 2702538, 36.41
CANBK,EQ, 02-Jun-2026,127.96,127.0,129.5,125.5,129.4,129.08,127.58,39618370,50546.07,170343, 20169797, 50.91
CAPITALSFB,EQ, 02-Jun-2026,267.65,268.9,271.95,263.9,267.6,268.7,268.05,23254,62.33,1182, 10271, 44.17
CENTRALBK,EQ, 02-Jun-2026,30.31,30.1,30.49,29.32,29.96,29.62,29.88,32995184,9858.52,40106, 20731330, 62.83
CSBBANK,EQ, 02-Jun-2026,359.05,356.65,370.7,351.8,368.4,368.7,362.51,373240,1353.04,10527, 179515, 48.10
CUB,EQ, 02-Jun-2026,254.1,254.0,254.1,247.25,250.0,249.6,249.49,1212615,3025.33,19657, 535765, 44.18
DCBBANK,EQ, 02-Jun-2026,174.85,173.1,175.23,170.19,173.0,173.2,172.49,1214802,2095.36,15923, 528540, 43.51
DHANBANK,EQ, 02-Jun-2026,33.52,33.44,33.99,32.83,33.79,33.72,33.75,1347739,454.87,4668, 669646, 49.69
EQUITASBNK,EQ, 02-Jun-2026,69.41,69.4,71.04,68.23,69.5,69.76,69.82,2734512,1909.15,18969, 1114364, 40.75
ESAFSFB,EQ, 02-Jun-2026,27.45,27.5,28.34,27.36,27.9,27.98,28.0,261675,73.26,1209, 110933, 42.39
FEDERALBNK,EQ, 02-Jun-2026,288.2,286.5,293.8,284.85,293.8,293.05,289.4,5900487,17075.76,58664, 2661291, 45.10
FINOPB,EQ, 02-Jun-2026,126.72,125.89,132.38,125.72,131.02,130.78,129.36,202480,261.93,2618, 84474, 41.72
HDFCBANK,EQ, 02-Jun-2026,742.7,737.0,753.6,733.15,749.15,748.25,745.07,47314447,352524.9,423085, 19891849, 42.04
ICICIBANK,EQ, 02-Jun-2026,1239.7,1233.0,1237.7,1220.7,1230.7,1226.6,1229.0,17920892,220248.48,251540, 6015568, 33.57
IDBI,EQ, 02-Jun-2026,72.07,72.1,73.31,71.48,73.25,73.19,72.75,3593761,2614.45,21023, 1324480, 36.85
IDFCFIRSTB,EQ, 02-Jun-2026,71.25,70.7,71.73,69.53,71.46,71.59,70.84,37493683,26561.27,69866, 20213350, 53.91
INDIANB,EQ, 02-Jun-2026,809.75,811.85,828.0,805.85,826.0,825.55,820.38,2748849,22550.91,42435, 1653273, 60.14
INDUSINDBK,EQ, 02-Jun-2026,901.15,893.3,915.8,890.45,915.0,912.5,907.21,1756559,15935.64,44757, 844313, 48.07
IOB,EQ, 02-Jun-2026,32.95,32.95,33.14,32.44,32.9,32.82,32.73,3290157,1076.75,12602, 1482030, 45.04
J&KBANK,EQ, 02-Jun-2026,141.77,141.67,143.19,139.65,142.3,141.92,142.1,2547071,3619.4,25948, 1182893, 46.44
JSFB,EQ, 02-Jun-2026,484.35,480.0,494.9,475.55,490.5,490.75,485.41,2467966,11979.69,28572, 1375598, 55.74
KARURVYSYA,EQ, 02-Jun-2026,286.3,285.1,294.0,282.4,293.15,293.05,290.9,1295688,3769.14,24353, 611617, 47.20
KOTAKBANK,EQ, 02-Jun-2026,377.4,373.0,381.55,372.2,379.9,379.05,378.48,14834956,56148.08,143047, 8962812, 60.42
KTKBANK,EQ, 02-Jun-2026,265.7,265.0,273.05,261.3,264.75,264.0,267.12,3219483,8599.85,39324, 1408559, 43.75
MAHABANK,EQ, 02-Jun-2026,77.64,77.41,79.43,77.07,78.7,78.91,78.62,9355862,7355.46,45927, 4242511, 45.35
PNB,EQ, 02-Jun-2026,103.78,103.15,104.53,102.67,104.29,104.09,103.77,17365945,18020.19,57440, 7825832, 45.06
PSB,EQ, 02-Jun-2026,23.72,23.57,23.79,23.33,23.72,23.68,23.54,855117,201.31,4954, 443645, 51.88
RBLBANK,EQ, 02-Jun-2026,338.8,337.2,346.0,333.0,344.15,344.15,339.15,4119267,13970.6,48549, 1572363, 38.17
SBIN,EQ, 02-Jun-2026,954.1,950.95,961.3,939.9,960.0,956.65,951.21,15911760,151353.7,254830, 6762630, 42.50
SOUTHBANK,EQ, 02-Jun-2026,41.06,40.9,42.29,40.72,42.2,42.08,41.97,18833837,7905.47,52984, 8704462, 46.22
SURYODAY,EQ, 02-Jun-2026,163.05,162.85,170.0,160.2,168.5,168.92,166.78,381208,635.76,6964, 215958, 56.65
TMB,EQ, 02-Jun-2026,728.25,724.0,744.0,710.05,741.0,739.75,732.39,325759,2385.83,14184, 138128, 42.40
UCOBANK,EQ, 02-Jun-2026,24.89,24.5,25.04,24.16,24.88,24.83,24.74,4323831,1069.7,13074, 1660040, 38.39
UJJIVANSFB,EQ, 02-Jun-2026,53.87,53.48,54.03,52.51,53.09,53.18,53.19,8545234,4544.8,49638, 3838325, 44.92
UNIONBANK,EQ, 02-Jun-2026,162.54,161.05,163.9,160.1,162.56,162.68,162.1,18233176,29556.31,59918, 10068228, 55.22
UTKARSHBNK,EQ, 02-Jun-2026,13.04,12.92,13.19,12.82,13.12,13.06,12.98,4499737,584.25,7480, 2042221, 45.39
YESBANK,EQ, 02-Jun-2026,23.01,22.92,23.02,22.47,22.85,22.83,22.78,165063885,37596.85,98119, 79037651, 47.88
AUBANK,EQ, 03-Jun-2026,976.45,975.4,975.95,941.4,970.0,970.6,960.85,2372021,22791.52,66337, 1357265, 57.22
AXISBANK,EQ, 03-Jun-2026,1251.1,1245.1,1264.8,1230.3,1257.5,1255.2,1250.99,7953326,99495.61,156559, 4740421, 59.60
BANDHANBNK,EQ, 03-Jun-2026,206.33,208.0,209.44,201.0,207.1,207.62,205.33,11101299,22794.61,61356, 3655243, 32.93
BANKBARODA,EQ, 03-Jun-2026,265.8,263.9,269.9,260.8,269.6,268.85,265.1,17903043,47460.1,80157, 7000329, 39.10
BANKINDIA,EQ, 03-Jun-2026,137.29,137.68,140.53,134.7,140.35,139.92,137.45,7726413,10619.95,33986, 2520577, 32.62
CANBK,EQ, 03-Jun-2026,129.08,129.15,132.25,127.24,131.5,131.85,129.38,38359464,49627.85,90143, 19438276, 50.67
CAPITALSFB,EQ, 03-Jun-2026,268.7,274.0,274.0,267.0,267.0,267.45,268.59,16731,44.94,839, 9624, 57.52
CENTRALBK,EQ, 03-Jun-2026,29.62,29.8,30.45,29.69,30.24,30.29,30.1,14060870,4231.77,26064, 5941005, 42.25
CSBBANK,EQ, 03-Jun-2026,368.7,365.0,369.45,360.2,365.35,364.5,363.86,304088,1106.46,10076, 139633, 45.92
CUB,EQ, 03-Jun-2026,249.6,250.35,251.5,244.05,250.0,249.25,247.62,1479958,3664.65,28645, 773202, 52.24
DCBBANK,EQ, 03-Jun-2026,173.2,173.2,176.2,169.0,173.0,174.61,172.67,1261730,2178.69,13561, 486986, 38.60
DHANBANK,EQ, 03-Jun-2026,33.72,33.71,35.17,33.26,33.95,33.99,34.31,3220827,1104.91,9414, 1025193, 31.83
EQUITASBNK,EQ, 03-Jun-2026,69.76,69.76,71.45,68.68,70.55,70.9,70.31,2148146,1510.38,12393, 818161, 38.09
ESAFSFB,EQ, 03-Jun-2026,27.98,27.98,28.15,27.15,28.0,27.82,27.64,274618,75.89,1487, 137616, 50.11
FEDERALBNK,EQ, 03-Jun-2026,293.05,293.95,302.85,290.3,302.4,301.05,297.46,15946881,47435.38,88575, 8313235, 52.13
FINOPB,EQ, 03-Jun-2026,130.78,131.0,132.09,123.0,127.0,128.86,126.69,416125,527.18,4444, 156408, 37.59
HDFCBANK,EQ, 03-Jun-2026,748.25,744.45,756.9,742.6,753.0,753.65,748.83,36109480,270397.36,555057, 19128489, 52.97
ICICIBANK,EQ, 03-Jun-2026,1226.6,1219.9,1248.3,1213.7,1243.4,1242.0,1231.5,13934754,171605.9,373364, 6710297, 48.16
IDBI,EQ, 03-Jun-2026,73.19,73.4,73.8,71.7,73.49,73.41,72.78,4852952,3531.87,20816, 1670851, 34.43
IDFCFIRSTB,EQ, 03-Jun-2026,71.59,71.35,72.07,69.76,71.9,71.78,71.21,23974665,17071.19,49745, 12199342, 50.88
INDIANB,EQ, 03-Jun-2026,825.55,829.5,851.0,815.6,849.0,847.9,838.01,2814036,23581.96,57426, 1079913, 38.38
INDUSINDBK,EQ, 03-Jun-2026,912.5,907.1,907.9,884.05,899.4,899.95,893.63,2302274,20573.88,60261, 789932, 34.31
IOB,EQ, 03-Jun-2026,32.82,32.9,33.14,32.6,33.08,33.01,32.81,2748284,901.75,10251, 1029148, 37.45
J&KBANK,EQ, 03-Jun-2026,141.92,141.92,149.31,141.92,148.97,148.65,146.58,13152376,19278.79,77730, 5033046, 38.27
JSFB,EQ, 03-Jun-2026,490.75,484.0,494.0,477.75,480.6,483.75,486.07,491117,2387.18,11128, 253199, 51.56
KARURVYSYA,EQ, 03-Jun-2026,293.05,293.05,293.05,284.8,290.0,289.1,288.01,1508239,4343.95,30996, 682591, 45.26
KOTAKBANK,EQ, 03-Jun-2026,379.05,377.6,383.45,375.1,382.45,381.0,379.38,14844206,56315.36,107837, 9509100, 64.06
KTKBANK,EQ, 03-Jun-2026,264.0,264.1,269.65,257.15,266.6,267.6,263.94,2909567,7679.57,27925, 1241698, 42.68
MAHABANK,EQ, 03-Jun-2026,78.91,79.0,79.99,78.04,79.93,79.7,79.14,11016774,8718.55,40715, 4913021, 44.60
PNB,EQ, 03-Jun-2026,104.09,104.01,106.11,102.9,105.8,105.8,104.44,15562385,16253.5,52776, 5262801, 33.82
PSB,EQ, 03-Jun-2026,23.68,23.68,23.7,23.33,23.44,23.41,23.43,1487512,348.54,3596, 868455, 58.38
RBLBANK,EQ, 03-Jun-2026,344.15,344.15,351.7,337.05,348.3,348.2,344.39,4863148,16748.43,38633, 1947842, 40.05
SBIN,EQ, 03-Jun-2026,956.65,953.75,974.0,937.2,971.5,970.45,948.57,27947005,265095.99,251452, 14338937, 51.31
SOUTHBANK,EQ, 03-Jun-2026,42.08,42.28,44.3,42.0,43.7,43.6,43.14,32825203,14160.4,53740, 15661773, 47.71
SURYODAY,EQ, 03-Jun-2026,168.92,167.2,172.9,165.12,168.1,169.67,170.32,436485,743.41,6504, 194093, 44.47
TMB,EQ, 03-Jun-2026,739.75,745.0,750.95,724.1,740.0,740.45,738.56,269115,1987.57,11762, 123547, 45.91
UCOBANK,EQ, 03-Jun-2026,24.83,24.89,25.19,24.5,25.17,25.1,24.82,3868584,960.33,10711, 1102643, 28.50
UJJIVANSFB,EQ, 03-Jun-2026,53.18,53.0,54.13,52.34,53.8,53.79,53.2,14910937,7932.56,41173, 8177838, 54.84
UNIONBANK,EQ, 03-Jun-2026,162.68,164.01,167.5,160.55,167.29,166.7,164.55,10405094,17121.65,52744, 3527483, 33.90
UTKARSHBNK,EQ, 03-Jun-2026,13.06,13.22,13.22,12.65,12.78,12.79,12.84,7682379,986.17,7201, 4049624, 52.71
YESBANK,EQ, 03-Jun-2026,22.83,22.81,23.03,22.2,22.92,22.93,22.6,111470651,25193.66,85797, 27415784, 24.59
AUBANK,EQ, 04-Jun-2026,970.6,967.85,968.25,954.0,964.7,962.05,960.43,1509167,14494.52,49128, 934662, 61.93
AXISBANK,EQ, 04-Jun-2026,1255.2,1246.0,1259.9,1244.1,1255.0,1253.3,1251.58,6392593,80008.17,131508, 4173058, 65.28
BANDHANBNK,EQ, 04-Jun-2026,207.62,207.0,207.05,203.82,205.29,205.44,205.31,4284782,8796.87,30529, 1507296, 35.18
BANKBARODA,EQ, 04-Jun-2026,268.85,267.5,272.2,266.35,271.65,271.3,270.34,16143314,43642.57,60030, 8897086, 55.11
BANKINDIA,EQ, 04-Jun-2026,139.92,139.85,140.63,138.35,139.9,139.69,139.63,6349575,8865.74,32114, 2683008, 42.25
CANBK,EQ, 04-Jun-2026,131.85,131.0,133.45,129.73,133.2,133.12,132.41,24944436,33029.9,81021, 11109233, 44.54
CAPITALSFB,EQ, 04-Jun-2026,267.45,269.8,274.0,266.0,274.0,272.85,270.84,17764,48.11,807, 9045, 50.92
CENTRALBK,EQ, 04-Jun-2026,30.29,30.15,30.4,29.95,30.3,30.28,30.17,9027609,2723.37,24386, 4151227, 45.98
CSBBANK,EQ, 04-Jun-2026,364.5,361.25,366.3,359.3,362.0,361.7,362.77,163581,593.42,6649, 85375, 52.19
CUB,EQ, 04-Jun-2026,249.25,249.25,251.4,245.0,245.6,246.15,247.41,1568058,3879.56,32314, 1021416, 65.14
DCBBANK,EQ, 04-Jun-2026,174.61,172.05,175.52,170.27,174.01,174.62,173.69,1129393,1961.68,18175, 557089, 49.33
DHANBANK,EQ, 04-Jun-2026,33.99,34.12,34.55,33.72,33.76,33.87,34.05,1367599,465.72,4167, 782157, 57.19
EQUITASBNK,EQ, 04-Jun-2026,70.9,70.45,73.0,69.76,72.81,72.3,71.78,8173933,5867.62,15669, 6369955, 77.93
ESAFSFB,EQ, 04-Jun-2026,27.82,27.8,28.27,27.52,27.99,27.87,27.94,262658,73.38,1277, 143430, 54.61
FEDERALBNK,EQ, 04-Jun-2026,301.05,301.25,303.8,295.65,300.35,300.1,300.01,11947303,35843.63,81163, 5628310, 47.11
FINOPB,EQ, 04-Jun-2026,128.86,128.01,129.29,127.12,128.15,128.39,128.23,110936,142.26,1628, 61065, 55.05
HDFCBANK,EQ, 04-Jun-2026,753.65,749.15,757.3,745.0,753.25,754.2,751.95,42673538,320883.56,385239, 19985833, 46.83
ICICIBANK,EQ, 04-Jun-2026,1242.0,1232.2,1262.3,1232.2,1253.0,1251.7,1251.91,19461560,243641.21,272388, 9460712, 48.61
IDBI,EQ, 04-Jun-2026,73.41,73.39,73.89,72.8,72.99,72.94,73.21,3611157,2643.89,15397, 1509979, 41.81
IDFCFIRSTB,EQ, 04-Jun-2026,71.78,71.21,72.77,71.0,72.3,72.16,72.18,19743553,14251.4,56622, 9781884, 49.54
INDIANB,EQ, 04-Jun-2026,847.9,847.9,849.9,832.7,837.2,837.25,840.29,1830531,15381.85,52875, 865603, 47.29
INDUSINDBK,EQ, 04-Jun-2026,899.95,903.7,907.1,895.5,903.45,903.2,900.97,1798199,16201.21,39197, 942417, 52.41
IOB,EQ, 04-Jun-2026,33.01,33.0,33.14,32.8,32.95,32.92,32.95,2088753,688.33,9234, 814396, 38.99
J&KBANK,EQ, 04-Jun-2026,148.65,149.0,151.0,147.1,148.0,147.68,148.78,4046091,6019.63,32952, 1825419, 45.12
JSFB,EQ, 04-Jun-2026,483.75,480.5,482.85,470.0,472.0,472.6,478.87,755354,3617.2,12464, 483299, 63.98
KARURVYSYA,EQ, 04-Jun-2026,289.1,288.0,291.0,281.7,284.0,283.95,284.37,1985594,5646.4,36943, 1039484, 52.35
KOTAKBANK,EQ, 04-Jun-2026,381.0,378.5,384.0,377.9,381.5,381.5,381.34,13889236,52964.81,148135, 8768942, 63.13
KTKBANK,EQ, 04-Jun-2026,267.6,266.5,268.7,261.3,262.5,262.9,263.58,1391190,3666.83,18094, 670454, 48.19
MAHABANK,EQ, 04-Jun-2026,79.7,79.5,80.58,78.84,80.0,79.9,79.56,8749850,6961.63,43646, 3570119, 40.80
PNB,EQ, 04-Jun-2026,105.8,105.0,106.27,104.17,105.65,105.67,105.54,12866999,13580.03,58075, 4580392, 35.60
PSB,EQ, 04-Jun-2026,23.41,23.41,23.68,23.25,23.43,23.29,23.39,1249161,292.13,4792, 693313, 55.50
RBLBANK,EQ, 04-Jun-2026,348.2,348.0,356.0,345.35,354.0,353.75,350.88,5254858,18438.28,46496, 1905229, 36.26
SBIN,EQ, 04-Jun-2026,970.45,969.9,985.8,961.1,979.25,979.25,977.95,18875883,184596.46,341904, 9702135, 51.40
SOUTHBANK,EQ, 04-Jun-2026,43.6,43.61,44.87,43.25,44.59,44.61,44.11,26453430,11668.77,49216, 10062806, 38.04
SURYODAY,EQ, 04-Jun-2026,169.67,168.75,176.48,168.25,170.79,171.39,173.36,393247,681.72,5689, 169450, 43.09
TMB,EQ, 04-Jun-2026,740.45,735.0,755.0,733.0,750.0,748.1,746.33,232194,1732.93,10788, 115162, 49.60
UCOBANK,EQ, 04-Jun-2026,25.1,25.18,25.24,24.91,25.09,25.07,25.1,2019197,506.74,9542, 838497, 41.53
UJJIVANSFB,EQ, 04-Jun-2026,53.79,53.7,54.5,52.9,53.1,53.09,53.51,10367574,5547.72,27174, 5414700, 52.23
UNIONBANK,EQ, 04-Jun-2026,166.7,166.45,167.5,165.15,166.45,166.54,166.25,6247512,10386.25,46525, 2454454, 39.29
UTKARSHBNK,EQ, 04-Jun-2026,12.79,12.76,12.89,12.32,12.48,12.43,12.59,8672506,1091.83,9475, 4293743, 49.51
YESBANK,EQ, 04-Jun-2026,22.93,22.7,23.02,22.67,22.8,22.77,22.81,77191326,17609.56,71553, 31310031, 40.56
AUBANK,EQ, 05-Jun-2026,962.05,962.45,982.0,960.9,969.0,969.4,972.99,1989735,19359.86,56468, 904120, 45.44
AXISBANK,EQ, 05-Jun-2026,1253.3,1260.0,1276.0,1252.1,1273.3,1272.3,1264.47,7825303,98948.24,196069, 4633062, 59.21
BANDHANBNK,EQ, 05-Jun-2026,205.44,205.55,208.95,203.36,205.92,205.87,205.86,6152884,12666.52,34227, 1928452, 31.34
BANKBARODA,EQ, 05-Jun-2026,271.3,264.95,269.4,262.8,264.0,263.7,265.54,23279313,61817.03,81633, 8696917, 37.36
BANKINDIA,EQ, 05-Jun-2026,139.69,139.9,143.37,139.8,141.6,141.46,141.77,12702704,18009.12,48747, 5148291, 40.53
CANBK,EQ, 05-Jun-2026,133.12,133.2,136.4,133.04,136.4,135.81,135.26,47139920,63760.49,107663, 19038252, 40.39
CAPITALSFB,EQ, 05-Jun-2026,272.85,273.0,275.45,268.1,268.1,269.4,271.16,7845,21.27,519, 4025, 51.31
CENTRALBK,EQ, 05-Jun-2026,30.28,30.45,30.89,29.87,30.4,30.38,30.37,22926053,6962.3,29515, 10923877, 47.65
CSBBANK,EQ, 05-Jun-2026,361.7,362.1,365.95,359.0,359.1,362.05,363.66,123966,450.81,5878, 58215, 46.96
CUB,EQ, 05-Jun-2026,246.15,247.0,248.1,243.2,243.8,244.85,245.48,1323695,3249.45,73066, 752756, 56.87
DCBBANK,EQ, 05-Jun-2026,174.62,174.22,178.68,174.22,178.0,175.42,175.96,940511,1654.94,10204, 518560, 55.14
DHANBANK,EQ, 05-Jun-2026,33.87,34.24,34.25,32.61,32.98,32.88,33.45,930762,311.36,3513, 360797, 38.76
EQUITASBNK,EQ, 05-Jun-2026,72.3,72.8,74.25,72.66,73.7,73.95,73.85,15166973,11201.38,23144, 12076955, 79.63
ESAFSFB,EQ, 05-Jun-2026,27.87,28.08,28.08,27.51,27.92,27.78,27.81,276217,76.82,1569, 130327, 47.18
FEDERALBNK,EQ, 05-Jun-2026,300.1,300.5,305.4,295.75,304.8,304.15,301.16,9322801,28076.74,65909, 4267340, 45.77
FINOPB,EQ, 05-Jun-2026,128.39,130.46,143.8,129.5,133.5,132.78,136.88,1235593,1691.27,13224, 290030, 23.47
HDFCBANK,EQ, 05-Jun-2026,754.2,753.95,758.7,744.65,748.2,747.05,750.42,22116568,165966.37,214858, 12516185, 56.59
ICICIBANK,EQ, 05-Jun-2026,1251.7,1257.0,1265.0,1250.0,1261.0,1262.1,1258.93,10166393,127987.54,232444, 6097001, 59.97
IDBI,EQ, 05-Jun-2026,72.94,73.4,75.24,72.6,73.19,73.08,73.86,8253817,6096.17,32490, 2116189, 25.64
IDFCFIRSTB,EQ, 05-Jun-2026,72.16,72.16,72.9,71.82,72.4,72.35,72.33,28670926,20739.08,56902, 13455566, 46.93
INDIANB,EQ, 05-Jun-2026,837.25,839.0,860.95,835.8,843.5,842.05,847.05,3472043,29409.8,66203, 1209244, 34.83
INDUSINDBK,EQ, 05-Jun-2026,903.2,899.0,925.8,896.1,903.1,904.8,910.35,1890312,17208.51,38373, 570139, 30.16
IOB,EQ, 05-Jun-2026,32.92,32.95,33.24,32.72,32.94,32.93,32.99,5083024,1676.68,14637, 2248880, 44.24
J&KBANK,EQ, 05-Jun-2026,147.68,148.95,149.8,146.75,147.8,147.52,148.03,2304188,3410.78,21997, 855970, 37.15
JSFB,EQ, 05-Jun-2026,472.6,472.15,483.0,469.6,474.65,477.55,477.08,408032,1946.65,6487, 297712, 72.96
KARURVYSYA,EQ, 05-Jun-2026,283.95,283.95,286.2,278.5,280.45,279.35,281.29,2783728,7830.48,55694, 1631111, 58.59
KOTAKBANK,EQ, 05-Jun-2026,381.5,381.5,383.7,374.65,376.95,377.45,378.88,10129597,38378.76,89111, 5254520, 51.87
KTKBANK,EQ, 05-Jun-2026,262.9,264.0,265.9,260.0,262.1,262.0,262.58,1137196,2986.09,16634, 477423, 41.98
MAHABANK,EQ, 05-Jun-2026,79.9,79.19,80.77,79.0,79.25,79.19,79.67,12711478,10126.84,55358, 4825622, 37.96
PNB,EQ, 05-Jun-2026,105.67,106.2,108.8,106.02,107.0,106.85,107.22,24442790,26206.7,87305, 7441600, 30.44
PSB,EQ, 05-Jun-2026,23.29,23.3,23.82,23.3,23.74,23.68,23.67,1580403,374.05,5558, 677141, 42.85
RBLBANK,EQ, 05-Jun-2026,353.75,355.8,356.8,347.5,351.45,351.35,352.23,4035165,14213.17,36043, 1175374, 29.13
SBIN,EQ, 05-Jun-2026,979.25,980.0,992.6,970.6,977.0,977.7,981.76,20955539,205733.52,288991, 9146984, 43.65
SOUTHBANK,EQ, 05-Jun-2026,44.61,44.57,44.97,43.69,44.18,44.0,44.3,15745980,6974.83,29826, 5170548, 32.84
SURYODAY,EQ, 05-Jun-2026,171.39,171.39,175.0,170.23,171.9,171.83,172.28,265733,457.8,4064, 132552, 49.88
TMB,EQ, 05-Jun-2026,748.1,748.0,754.75,736.2,743.65,745.9,743.41,163724,1217.14,11613, 74707, 45.63
UCOBANK,EQ, 05-Jun-2026,25.07,25.05,25.49,25.05,25.3,25.26,25.29,4810187,1216.41,13608, 1889261, 39.28
UJJIVANSFB,EQ, 05-Jun-2026,53.09,53.36,54.0,53.02,53.64,53.56,53.58,14754102,7905.32,33106, 8323532, 56.42
UNIONBANK,EQ, 05-Jun-2026,166.54,167.6,169.59,165.84,167.04,167.0,167.56,12927945,21662.29,66234, 5071298, 39.23
UTKARSHBNK,EQ, 05-Jun-2026,12.43,12.6,12.85,12.47,12.55,12.56,12.65,3646666,461.12,5197, 1895716, 51.98
YESBANK,EQ, 05-Jun-2026,22.77,22.82,23.4,22.72,23.39,23.3,23.13,148106091,34253.72,97515, 56386103, 38.07
AUBANK,EQ, 05-Jun-2026,962.05,962.45,982.0,960.9,969.0,969.4,972.99,1989735,19359.86,56468, 904120, 45.44
AXISBANK,EQ, 05-Jun-2026,1253.3,1260.0,1276.0,1252.1,1273.3,1272.3,1264.47,7825303,98948.24,196069, 4633062, 59.21
BANDHANBNK,EQ, 05-Jun-2026,205.44,205.55,208.95,203.36,205.92,205.87,205.86,6152884,12666.52,34227, 1928452, 31.34
BANKBARODA,EQ, 05-Jun-2026,271.3,264.95,269.4,262.8,264.0,263.7,265.54,23279313,61817.03,81633, 8696917, 37.36
BANKINDIA,EQ, 05-Jun-2026,139.69,139.9,143.37,139.8,141.6,141.46,141.77,12702704,18009.12,48747, 5148291, 40.53
CANBK,EQ, 05-Jun-2026,133.12,133.2,136.4,133.04,136.4,135.81,135.26,47139920,63760.49,107663, 19038252, 40.39
CAPITALSFB,EQ, 05-Jun-2026,272.85,273.0,275.45,268.1,268.1,269.4,271.16,7845,21.27,519, 4025, 51.31
CENTRALBK,EQ, 05-Jun-2026,30.28,30.45,30.89,29.87,30.4,30.38,30.37,22926053,6962.3,29515, 10923877, 47.65
CSBBANK,EQ, 05-Jun-2026,361.7,362.1,365.95,359.0,359.1,362.05,363.66,123966,450.81,5878, 58215, 46.96
CUB,EQ, 05-Jun-2026,246.15,247.0,248.1,243.2,243.8,244.85,245.48,1323695,3249.45,73066, 752756, 56.87
DCBBANK,EQ, 05-Jun-2026,174.62,174.22,178.68,174.22,178.0,175.42,175.96,940511,1654.94,10204, 518560, 55.14
DHANBANK,EQ, 05-Jun-2026,33.87,34.24,34.25,32.61,32.98,32.88,33.45,930762,311.36,3513, 360797, 38.76
EQUITASBNK,EQ, 05-Jun-2026,72.3,72.8,74.25,72.66,73.7,73.95,73.85,15166973,11201.38,23144, 12076955, 79.63
ESAFSFB,EQ, 05-Jun-2026,27.87,28.08,28.08,27.51,27.92,27.78,27.81,276217,76.82,1569, 130327, 47.18
FEDERALBNK,EQ, 05-Jun-2026,300.1,300.5,305.4,295.75,304.8,304.15,301.16,9322801,28076.74,65909, 4267340, 45.77
FINOPB,EQ, 05-Jun-2026,128.39,130.46,143.8,129.5,133.5,132.78,136.88,1235593,1691.27,13224, 290030, 23.47
HDFCBANK,EQ, 05-Jun-2026,754.2,753.95,758.7,744.65,748.2,747.05,750.42,22116568,165966.37,214858, 12516185, 56.59
ICICIBANK,EQ, 05-Jun-2026,1251.7,1257.0,1265.0,1250.0,1261.0,1262.1,1258.93,10166393,127987.54,232444, 6097001, 59.97
IDBI,EQ, 05-Jun-2026,72.94,73.4,75.24,72.6,73.19,73.08,73.86,8253817,6096.17,32490, 2116189, 25.64
IDFCFIRSTB,EQ, 05-Jun-2026,72.16,72.16,72.9,71.82,72.4,72.35,72.33,28670926,20739.08,56902, 13455566, 46.93
INDIANB,EQ, 05-Jun-2026,837.25,839.0,860.95,835.8,843.5,842.05,847.05,3472043,29409.8,66203, 1209244, 34.83
INDUSINDBK,EQ, 05-Jun-2026,903.2,899.0,925.8,896.1,903.1,904.8,910.35,1890312,17208.51,38373, 570139, 30.16
IOB,EQ, 05-Jun-2026,32.92,32.95,33.24,32.72,32.94,32.93,32.99,5083024,1676.68,14637, 2248880, 44.24
J&KBANK,EQ, 05-Jun-2026,147.68,148.95,149.8,146.75,147.8,147.52,148.03,2304188,3410.78,21997, 855970, 37.15
JSFB,EQ, 05-Jun-2026,472.6,472.15,483.0,469.6,474.65,477.55,477.08,408032,1946.65,6487, 297712, 72.96
KARURVYSYA,EQ, 05-Jun-2026,283.95,283.95,286.2,278.5,280.45,279.35,281.29,2783728,7830.48,55694, 1631111, 58.59
KOTAKBANK,EQ, 05-Jun-2026,381.5,381.5,383.7,374.65,376.95,377.45,378.88,10129597,38378.76,89111, 5254520, 51.87
KTKBANK,EQ, 05-Jun-2026,262.9,264.0,265.9,260.0,262.1,262.0,262.58,1137196,2986.09,16634, 477423, 41.98
MAHABANK,EQ, 05-Jun-2026,79.9,79.19,80.77,79.0,79.25,79.19,79.67,12711478,10126.84,55358, 4825622, 37.96
PNB,EQ, 05-Jun-2026,105.67,106.2,108.8,106.02,107.0,106.85,107.22,24442790,26206.7,87305, 7441600, 30.44
PSB,EQ, 05-Jun-2026,23.29,23.3,23.82,23.3,23.74,23.68,23.67,1580403,374.05,5558, 677141, 42.85
RBLBANK,EQ, 05-Jun-2026,353.75,355.8,356.8,347.5,351.45,351.35,352.23,4035165,14213.17,36043, 1175374, 29.13
SBIN,EQ, 05-Jun-2026,979.25,980.0,992.6,970.6,977.0,977.7,981.76,20955539,205733.52,288991, 9146984, 43.65
SOUTHBANK,EQ, 05-Jun-2026,44.61,44.57,44.97,43.69,44.18,44.0,44.3,15745980,6974.83,29826, 5170548, 32.84
SURYODAY,EQ, 05-Jun-2026,171.39,171.39,175.0,170.23,171.9,171.83,172.28,265733,457.8,4064, 132552, 49.88
TMB,EQ, 05-Jun-2026,748.1,748.0,754.75,736.2,743.65,745.9,743.41,163724,1217.14,11613, 74707, 45.63
UCOBANK,EQ, 05-Jun-2026,25.07,25.05,25.49,25.05,25.3,25.26,25.29,4810187,1216.41,13608, 1889261, 39.28
UJJIVANSFB,EQ, 05-Jun-2026,53.09,53.36,54.0,53.02,53.64,53.56,53.58,14754102,7905.32,33106, 8323532, 56.42
UNIONBANK,EQ, 05-Jun-2026,166.54,167.6,169.59,165.84,167.04,167.0,167.56,12927945,21662.29,66234, 5071298, 39.23
UTKARSHBNK,EQ, 05-Jun-2026,12.43,12.6,12.85,12.47,12.55,12.56,12.65,3646666,461.12,5197, 1895716, 51.98
YESBANK,EQ, 05-Jun-2026,22.77,22.82,23.4,22.72,23.39,23.3,23.13,148106091,34253.72,97515, 56386103, 38.07
AUBANK,EQ, 08-Jun-2026,969.4,953.0,968.1,951.45,955.3,958.9,960.82,1397471,13427.18,33724, 733552, 52.49
AXISBANK,EQ, 08-Jun-2026,1272.3,1262.0,1279.2,1262.0,1267.3,1268.1,1271.36,5034388,64005.08,131461, 2935335, 58.31
BANDHANBNK,EQ, 08-Jun-2026,205.87,203.0,205.84,201.74,202.62,202.91,204.02,3917135,7991.61,25171, 1082194, 27.63
BANKBARODA,EQ, 08-Jun-2026,263.7,260.85,266.5,258.0,259.55,259.25,261.97,11172071,29267.38,65367, 4789178, 42.87
BANKINDIA,EQ, 08-Jun-2026,141.46,139.21,144.24,139.09,139.58,140.08,141.73,7531562,10674.51,39210, 1962541, 26.06
CANBK,EQ, 08-Jun-2026,135.81,134.83,136.5,131.4,131.6,131.91,133.84,29260366,39162.77,100923, 12052572, 41.19
CAPITALSFB,EQ, 08-Jun-2026,269.4,272.95,272.95,267.2,268.2,268.2,268.76,10606,28.51,563, 6947, 65.50
CENTRALBK,EQ, 08-Jun-2026,30.38,30.1,30.93,29.97,30.48,30.43,30.57,12751613,3898.0,24023, 5892305, 46.21
CSBBANK,EQ, 08-Jun-2026,362.05,359.0,360.8,352.0,352.6,354.0,356.05,108610,386.71,4888, 50268, 46.28
CUB,EQ, 08-Jun-2026,244.85,243.0,248.0,239.0,245.45,247.0,245.81,1691064,4156.8,39558, 955042, 56.48
DCBBANK,EQ, 08-Jun-2026,175.42,175.21,179.79,171.5,172.85,172.93,174.58,1051663,1835.94,19906, 430955, 40.98
DHANBANK,EQ, 08-Jun-2026,32.88,32.75,33.24,31.26,31.5,31.45,32.17,1488756,478.99,4980, 679493, 45.64
EQUITASBNK,EQ, 08-Jun-2026,73.95,73.2,76.26,72.56,74.0,74.83,75.19,10801060,8121.1,44083, 5150013, 47.68
ESAFSFB,EQ, 08-Jun-2026,27.78,27.78,28.15,27.3,27.35,27.47,27.65,612944,169.45,1833, 339368, 55.37
FEDERALBNK,EQ, 08-Jun-2026,304.15,302.5,310.0,301.3,304.2,304.6,305.96,12112735,37060.36,92765, 4333668, 35.78
FINOPB,EQ, 08-Jun-2026,132.78,133.0,133.9,127.01,127.5,127.73,130.57,156987,204.98,2319, 78267, 49.86
HDFCBANK,EQ, 08-Jun-2026,747.05,738.0,741.5,734.5,738.0,738.65,738.38,21550700,159126.99,307762, 9097681, 42.22
ICICIBANK,EQ, 08-Jun-2026,1262.1,1246.4,1254.0,1243.1,1250.0,1250.2,1249.97,10714196,133924.35,165598, 6148727, 57.39
IDBI,EQ, 08-Jun-2026,73.08,72.4,74.19,71.7,71.95,71.85,72.87,4980088,3628.95,23360, 1719056, 34.52
IDFCFIRSTB,EQ, 08-Jun-2026,72.35,72.0,72.71,71.1,71.22,71.43,72.07,33430683,24093.23,71221, 15730129, 47.05
INDIANB,EQ, 08-Jun-2026,842.05,837.0,855.35,832.25,840.0,843.0,846.28,2040599,17269.18,43725, 770504, 37.76
INDUSINDBK,EQ, 08-Jun-2026,904.8,881.0,903.7,881.0,895.5,895.05,894.62,1864831,16683.11,54034, 773420, 41.47
IOB,EQ, 08-Jun-2026,32.93,32.75,33.22,32.5,32.7,32.71,32.9,2369119,779.42,9980, 916776, 38.70
J&KBANK,EQ, 08-Jun-2026,147.52,145.93,151.95,145.2,148.5,148.16,149.07,3852913,5743.59,32938, 1767606, 45.88
JSFB,EQ, 08-Jun-2026,477.55,470.0,480.9,467.5,470.0,471.9,474.46,478006,2267.97,7679, 277238, 58.00
KARURVYSYA,EQ, 08-Jun-2026,279.35,275.3,291.6,275.3,281.4,281.4,284.47,3717863,10576.34,66773, 1578611, 42.46
KOTAKBANK,EQ, 08-Jun-2026,377.45,373.0,378.9,372.7,376.85,377.1,376.53,14460894,54449.97,151628, 9991042, 69.09
KTKBANK,EQ, 08-Jun-2026,262.0,259.75,266.2,255.0,256.3,256.6,260.24,1427566,3715.09,18744, 695545, 48.72
MAHABANK,EQ, 08-Jun-2026,79.19,78.5,81.5,77.8,79.3,79.61,80.09,15828378,12677.59,57482, 6282888, 39.69
PNB,EQ, 08-Jun-2026,106.85,105.54,107.14,105.0,105.4,105.71,106.24,13314436,14145.58,55189, 4710359, 35.38
PSB,EQ, 08-Jun-2026,23.68,23.22,23.98,23.0,23.1,23.19,23.46,1254728,294.38,5462, 487683, 38.87
RBLBANK,EQ, 08-Jun-2026,351.35,348.45,352.7,343.3,344.6,344.95,347.74,2886921,10038.85,31166, 959077, 33.22
SBIN,EQ, 08-Jun-2026,977.7,966.0,988.65,965.15,980.0,981.95,981.33,12895416,126546.06,452384, 6656604, 51.62
SOUTHBANK,EQ, 08-Jun-2026,44.0,43.2,45.49,43.01,43.67,43.79,44.36,28341145,12573.24,52852, 9449521, 33.34
SURYODAY,EQ, 08-Jun-2026,171.83,168.38,172.44,167.01,171.95,170.27,170.07,304321,517.56,4092, 137373, 45.14
TMB,EQ, 08-Jun-2026,745.9,740.0,784.9,733.9,740.0,738.95,757.51,646706,4898.89,24898, 212934, 32.93
UCOBANK,EQ, 08-Jun-2026,25.26,25.02,25.53,24.89,25.03,25.03,25.19,4115477,1036.86,14952, 1400761, 34.04
UJJIVANSFB,EQ, 08-Jun-2026,53.56,52.81,53.84,52.03,52.24,52.33,52.8,9727152,5135.6,39922, 4437483, 45.62
UNIONBANK,EQ, 08-Jun-2026,167.0,165.0,170.64,163.45,164.7,165.18,166.39,14433775,24015.67,82164, 4433879, 30.72
UTKARSHBNK,EQ, 08-Jun-2026,12.56,12.51,12.75,12.3,12.34,12.35,12.5,3744008,467.84,5500, 1861898, 49.73
YESBANK,EQ, 08-Jun-2026,23.3,22.94,23.55,22.92,22.98,23.0,23.27,117743530,27393.24,103750, 44635507, 37.91
AUBANK,EQ, 09-Jun-2026,958.9,960.0,980.45,959.05,980.0,978.5,973.77,886909,8636.41,22551, 436028, 49.16
AXISBANK,EQ, 09-Jun-2026,1268.1,1275.9,1298.4,1271.5,1294.4,1292.4,1286.43,7533504,96913.42,122277, 4687036, 62.22
BANDHANBNK,EQ, 09-Jun-2026,202.91,203.92,208.94,203.71,208.24,206.94,206.19,9997536,20613.46,47235, 4045230, 40.46
BANKBARODA,EQ, 09-Jun-2026,259.25,260.4,274.2,260.4,273.5,273.75,269.86,32633870,88067.08,147439, 17653842, 54.10
BANKINDIA,EQ, 09-Jun-2026,140.08,140.2,148.0,140.2,147.6,147.72,145.63,22007536,32049.52,59884, 11322467, 51.45
CANBK,EQ, 09-Jun-2026,131.91,131.4,137.8,131.4,137.8,137.51,135.5,57740162,78240.55,126562, 27103027, 46.94
CAPITALSFB,EQ, 09-Jun-2026,268.2,273.0,275.8,269.5,273.0,273.05,272.47,20105,54.78,1122, 7869, 39.14
CENTRALBK,EQ, 09-Jun-2026,30.43,30.52,31.15,30.52,31.0,31.08,30.97,17675326,5474.17,23745, 9867313, 55.83
CSBBANK,EQ, 09-Jun-2026,354.0,355.9,358.9,350.65,353.0,353.05,353.58,448359,1585.3,13225, 250181, 55.80
CUB,EQ, 09-Jun-2026,247.0,247.8,258.1,246.05,256.95,256.4,253.88,4631410,11758.2,46839, 3237294, 69.90
DCBBANK,EQ, 09-Jun-2026,172.93,174.0,178.0,173.7,177.8,177.61,176.21,938931,1654.46,17883, 483149, 51.46
DHANBANK,EQ, 09-Jun-2026,31.45,31.88,33.75,31.57,33.0,33.08,32.68,916084,299.4,3913, 345681, 37.73
EQUITASBNK,EQ, 09-Jun-2026,74.83,75.2,76.93,74.67,74.98,74.98,75.69,7486921,5666.78,39659, 3582366, 47.85
ESAFSFB,EQ, 09-Jun-2026,27.47,27.6,27.95,27.3,27.42,27.45,27.51,357798,98.44,1237, 266804, 74.57
FEDERALBNK,EQ, 09-Jun-2026,304.6,306.7,315.9,306.35,315.7,315.1,312.3,14386417,44929.38,85762, 6730233, 46.78
FINOPB,EQ, 09-Jun-2026,127.73,130.44,141.8,129.02,139.1,139.88,138.11,3993043,5514.74,33052, 440791, 11.04
HDFCBANK,EQ, 09-Jun-2026,738.65,739.45,743.95,732.3,739.7,738.35,738.36,38539563,284562.51,346855, 15214315, 39.48
ICICIBANK,EQ, 09-Jun-2026,1250.2,1255.0,1279.9,1252.7,1276.0,1275.0,1271.49,22368579,284414.92,295130, 12042919, 53.84
IDBI,EQ, 09-Jun-2026,71.85,72.5,75.89,72.25,75.75,75.37,74.47,15955375,11882.67,49023, 7509136, 47.06
IDFCFIRSTB,EQ, 09-Jun-2026,71.43,72.33,74.5,72.05,73.7,73.69,73.76,42291787,31196.4,105583, 13109603, 31.00
INDIANB,EQ, 09-Jun-2026,843.0,849.95,878.0,847.25,877.0,874.95,866.39,3638354,31522.26,55679, 1444075, 39.69
INDUSINDBK,EQ, 09-Jun-2026,895.05,896.05,928.0,896.05,925.0,922.8,916.38,1694676,15529.62,43359, 550580, 32.49
IOB,EQ, 09-Jun-2026,32.71,32.75,33.59,32.75,33.4,33.43,33.28,5238165,1743.31,13802, 2489222, 47.52
J&KBANK,EQ, 09-Jun-2026,148.16,148.3,157.89,148.3,157.2,156.98,154.58,10294037,15912.52,56880, 4207949, 40.88
JSFB,EQ, 09-Jun-2026,471.9,470.0,480.5,470.0,473.0,475.15,476.98,326811,1558.83,7097, 193704, 59.27
KARURVYSYA,EQ, 09-Jun-2026,281.4,282.95,288.2,281.6,287.0,285.6,284.94,3920864,11172.26,61786, 2620363, 66.83
KOTAKBANK,EQ, 09-Jun-2026,377.1,379.7,382.45,377.3,382.15,381.7,380.38,13987913,53207.37,93474, 8552151, 61.14
KTKBANK,EQ, 09-Jun-2026,256.6,257.55,271.8,257.55,269.3,270.6,267.05,3892012,10393.69,36882, 1622960, 41.70
MAHABANK,EQ, 09-Jun-2026,79.61,80.01,84.25,79.6,84.01,83.97,82.88,37941831,31446.18,105089, 16899773, 44.54
PNB,EQ, 09-Jun-2026,105.71,106.0,109.98,106.0,109.9,109.65,108.75,38219915,41562.63,91485, 18719522, 48.98
PSB,EQ, 09-Jun-2026,23.19,23.2,24.42,23.2,24.31,24.21,23.94,2287112,547.58,8610, 1134189, 49.59
RBLBANK,EQ, 09-Jun-2026,344.95,347.0,362.0,345.95,361.5,361.0,355.97,4649319,16550.4,41785, 1546153, 33.26
SBIN,EQ, 09-Jun-2026,981.95,985.0,1009.0,983.0,1004.1,1002.7,998.02,22142480,220986.42,270891, 12680438, 57.27
SOUTHBANK,EQ, 09-Jun-2026,43.79,44.03,46.19,44.01,45.79,45.74,45.62,32575452,14859.45,56498, 13435292, 41.24
SURYODAY,EQ, 09-Jun-2026,170.27,170.27,176.0,170.27,175.45,174.97,173.57,255833,444.05,4403, 129856, 50.76
TMB,EQ, 09-Jun-2026,738.95,750.0,784.8,745.75,780.0,780.55,772.38,443017,3421.78,18509, 208472, 47.06
UCOBANK,EQ, 09-Jun-2026,25.03,25.01,26.1,25.01,26.09,26.04,25.7,9143165,2349.57,19980, 4602613, 50.34
UJJIVANSFB,EQ, 09-Jun-2026,52.33,52.49,54.6,52.49,54.0,53.95,53.96,12798913,6906.13,43537, 7462278, 58.30
UNIONBANK,EQ, 09-Jun-2026,165.18,165.64,170.96,165.31,170.28,170.44,168.67,16722972,28207.08,71377, 8907489, 53.26
UTKARSHBNK,EQ, 09-Jun-2026,12.35,12.41,12.95,12.41,12.91,12.9,12.77,5385317,687.77,5208, 2472680, 45.92
YESBANK,EQ, 09-Jun-2026,23.0,23.06,23.53,23.06,23.38,23.37,23.37,100528684,23494.59,78271, 43230080, 43.00
AUBANK,EQ, 10-Jun-2026,978.5,981.9,981.9,956.65,958.5,959.2,969.68,1740578,16878.0,30153, 1043651, 59.96
AXISBANK,EQ, 10-Jun-2026,1292.4,1283.5,1326.5,1283.5,1314.0,1314.5,1314.2,12262606,161155.26,218357, 8566780, 69.86
BANDHANBNK,EQ, 10-Jun-2026,206.94,206.93,208.77,198.84,200.59,199.76,203.02,6029012,12240.14,33517, 2097626, 34.79
BANKBARODA,EQ, 10-Jun-2026,273.75,273.4,275.0,268.5,269.0,269.3,271.81,11888452,32314.16,56115, 5487483, 46.16
BANKINDIA,EQ, 10-Jun-2026,147.72,147.32,149.19,144.15,144.71,144.86,146.87,12647039,18574.6,53516, 5378954, 42.53
CANBK,EQ, 10-Jun-2026,137.51,137.51,138.26,133.11,133.3,133.46,135.62,39658979,53786.57,91229, 21711474, 54.75
CAPITALSFB,EQ, 10-Jun-2026,273.05,274.85,282.95,274.4,276.0,275.2,278.88,25475,71.04,1096, 14461, 56.77
CENTRALBK,EQ, 10-Jun-2026,31.08,31.17,31.38,30.62,30.79,30.76,31.03,9926690,3080.4,23563, 5051955, 50.89
CSBBANK,EQ, 10-Jun-2026,353.05,354.1,371.8,354.05,360.0,362.05,366.14,731586,2678.63,18273, 336184, 45.95
CUB,EQ, 10-Jun-2026,256.4,258.95,262.4,250.2,253.75,253.15,254.56,3538216,9006.83,54095, 2338972, 66.11
DCBBANK,EQ, 10-Jun-2026,177.61,177.48,180.85,176.4,177.71,177.02,178.83,704151,1259.21,17250, 371882, 52.81
DHANBANK,EQ, 10-Jun-2026,33.08,33.49,33.49,31.8,31.8,32.06,32.43,762890,247.38,2985, 378249, 49.58
EQUITASBNK,EQ, 10-Jun-2026,74.98,75.4,75.49,73.07,73.41,73.52,74.09,2397543,1776.35,17615, 1384015, 57.73
ESAFSFB,EQ, 10-Jun-2026,27.45,27.5,27.8,27.25,27.43,27.3,27.42,312412,85.67,1289, 191195, 61.20
FEDERALBNK,EQ, 10-Jun-2026,315.1,315.1,316.7,309.85,311.4,311.1,312.68,7015128,21934.65,67535, 3755952, 53.54
FINOPB,EQ, 10-Jun-2026,139.88,141.0,141.8,132.01,133.84,132.98,136.45,362124,494.13,5184, 156629, 43.25
HDFCBANK,EQ, 10-Jun-2026,738.35,736.5,755.95,736.4,747.8,746.85,744.98,44458159,331206.48,323114, 23670967, 53.24
ICICIBANK,EQ, 10-Jun-2026,1275.0,1271.3,1306.0,1271.3,1293.0,1293.3,1294.82,25951584,336027.25,317951, 17041675, 65.67
IDBI,EQ, 10-Jun-2026,75.37,76.9,77.42,74.45,75.0,74.93,75.94,15871263,12052.19,56710, 4358107, 27.46
IDFCFIRSTB,EQ, 10-Jun-2026,73.69,73.9,74.17,72.74,73.15,72.99,73.23,20284845,14854.28,50645, 11451460, 56.45
INDIANB,EQ, 10-Jun-2026,874.95,856.75,862.9,830.5,838.0,833.45,844.03,3806779,32130.54,72245, 1678672, 44.10
INDUSINDBK,EQ, 10-Jun-2026,922.8,922.85,923.75,881.85,885.0,883.95,898.28,1993081,17903.5,52365, 877851, 44.04
IOB,EQ, 10-Jun-2026,33.43,33.5,33.9,33.15,33.25,33.26,33.62,4202331,1412.91,13753, 1946633, 46.32
J&KBANK,EQ, 10-Jun-2026,156.98,156.98,158.4,153.0,153.5,154.31,155.78,4052951,6313.85,51563, 1867201, 46.07
JSFB,EQ, 10-Jun-2026,475.15,475.15,479.15,461.35,461.75,466.8,469.35,93809,440.29,3037, 56635, 60.37
KARURVYSYA,EQ, 10-Jun-2026,285.6,286.7,288.5,271.5,274.0,272.7,276.55,4925560,13621.76,94976, 3125151, 63.45
KOTAKBANK,EQ, 10-Jun-2026,381.7,380.5,391.2,380.5,388.0,388.1,388.44,21427363,83231.46,198706, 13103701, 61.15
KTKBANK,EQ, 10-Jun-2026,270.6,270.5,272.95,263.4,265.35,265.15,267.79,1824690,4886.31,20906, 934712, 51.23
MAHABANK,EQ, 10-Jun-2026,83.97,84.25,85.08,83.41,84.0,84.18,84.37,19378667,16349.22,60735, 8107240, 41.84
PNB,EQ, 10-Jun-2026,109.65,110.0,110.5,106.93,107.2,107.17,108.69,27530407,29923.36,59356, 14380416, 52.23
PSB,EQ, 10-Jun-2026,24.21,24.25,24.54,23.61,23.82,23.74,24.2,1786629,432.35,7506, 880789, 49.30
RBLBANK,EQ, 10-Jun-2026,361.0,361.0,362.9,354.8,358.25,356.95,359.57,5685303,20442.4,45217, 2107184, 37.06
SBIN,EQ, 10-Jun-2026,1002.7,1002.7,1012.4,999.5,1000.85,1003.25,1006.59,19122317,192483.43,215158, 13087660, 68.44
SOUTHBANK,EQ, 10-Jun-2026,45.74,45.6,46.19,44.8,45.3,45.13,45.18,15930905,7196.92,40483, 6467775, 40.60
SURYODAY,EQ, 10-Jun-2026,174.97,174.0,178.0,169.0,169.02,170.0,173.56,220372,382.47,3737, 120249, 54.57
TMB,EQ, 10-Jun-2026,780.55,779.8,791.95,767.25,773.8,774.6,776.42,194001,1506.27,10011, 88074, 45.40
UCOBANK,EQ, 10-Jun-2026,26.04,26.24,26.34,25.55,25.72,25.75,26.06,8100647,2110.96,20563, 3093807, 38.19
UJJIVANSFB,EQ, 10-Jun-2026,53.95,54.09,54.09,52.81,53.03,52.94,53.52,7379543,3949.69,28612, 4068861, 55.14
UNIONBANK,EQ, 10-Jun-2026,170.44,170.0,170.73,166.0,166.48,166.45,167.89,12209748,20499.19,56116, 5631945, 46.13
UTKARSHBNK,EQ, 10-Jun-2026,12.9,12.85,12.99,12.48,12.57,12.54,12.68,3139633,398.11,4549, 1838256, 58.55
YESBANK,EQ, 10-Jun-2026,23.37,23.4,23.52,22.52,22.64,22.6,22.93,97611104,22378.6,81175, 37180115, 38.09
AUBANK,EQ, 11-Jun-2026,959.2,952.0,972.4,947.25,968.25,963.3,964.4,1515822,14618.52,49208, 827323, 54.58
AXISBANK,EQ, 11-Jun-2026,1314.5,1308.8,1339.5,1307.3,1317.0,1317.3,1324.42,8196686,108558.29,171626, 5042556, 61.52
BANDHANBNK,EQ, 11-Jun-2026,199.76,199.38,201.7,193.51,194.1,193.9,197.29,7607741,15009.03,48949, 2334912, 30.69
BANKBARODA,EQ, 11-Jun-2026,269.3,266.2,268.6,262.1,267.45,267.6,265.61,21062711,55944.96,64930, 11756285, 55.82
BANKINDIA,EQ, 11-Jun-2026,144.86,144.4,144.4,140.21,141.73,141.38,141.78,11181743,15853.95,47245, 5304803, 47.44
CANBK,EQ, 11-Jun-2026,133.46,132.7,133.78,130.6,131.97,131.52,131.97,46246010,61031.8,107746, 16801062, 36.33
CAPITALSFB,EQ, 11-Jun-2026,275.2,275.15,278.5,271.1,278.0,277.95,277.04,12751,35.33,567, 6499, 50.97
CENTRALBK,EQ, 11-Jun-2026,30.76,30.5,30.59,30.1,30.23,30.17,30.28,7535368,2281.77,18715, 3722182, 49.40
CSBBANK,EQ, 11-Jun-2026,362.05,361.1,361.55,352.6,353.45,354.1,356.37,216929,773.06,8245, 97573, 44.98
CUB,EQ, 11-Jun-2026,253.15,254.0,260.95,253.75,259.0,256.8,258.09,3145166,8117.43,46557, 1973354, 62.74
DCBBANK,EQ, 11-Jun-2026,177.02,175.55,178.5,173.8,174.54,174.38,176.18,696471,1227.04,17762, 367640, 52.79
DHANBANK,EQ, 11-Jun-2026,32.06,32.06,32.21,31.02,31.5,31.24,31.56,880914,278.03,3686, 339008, 38.48
EQUITASBNK,EQ, 11-Jun-2026,73.52,73.0,73.74,71.0,71.21,71.39,72.23,3614041,2610.27,33028, 2013424, 55.71
ESAFSFB,EQ, 11-Jun-2026,27.3,27.49,27.49,26.35,26.99,26.58,26.79,502121,134.54,1888, 278832, 55.53
FEDERALBNK,EQ, 11-Jun-2026,311.1,309.0,311.7,307.05,310.8,309.75,309.58,7619065,23587.02,74639, 4596585, 60.33
FINOPB,EQ, 11-Jun-2026,132.98,132.0,133.1,130.11,130.51,131.32,131.39,159967,210.17,3216, 56353, 35.23
HDFCBANK,EQ, 11-Jun-2026,746.85,743.0,756.0,740.1,745.3,744.6,746.84,32632007,243708.45,262963, 16955815, 51.96
ICICIBANK,EQ, 11-Jun-2026,1293.3,1286.5,1333.0,1286.5,1313.9,1317.0,1316.68,35919374,472944.31,462944, 24033028, 66.91
IDBI,EQ, 11-Jun-2026,74.93,74.25,74.5,72.15,72.6,72.31,72.96,6801209,4961.83,32731, 3622862, 53.27
IDFCFIRSTB,EQ, 11-Jun-2026,72.99,72.51,73.55,72.22,73.16,72.95,72.87,22321129,16265.97,49384, 10427791, 46.72
INDIANB,EQ, 11-Jun-2026,833.45,824.95,833.4,817.45,827.1,825.65,826.09,2585374,21357.5,47568, 1226337, 47.43
INDUSINDBK,EQ, 11-Jun-2026,883.95,883.85,897.6,881.75,891.6,888.95,891.19,1768283,15758.82,53162, 778857, 44.05
IOB,EQ, 11-Jun-2026,33.26,33.24,33.24,32.26,32.49,32.42,32.65,3598675,1175.02,12954, 1762823, 48.99
J&KBANK,EQ, 11-Jun-2026,154.31,153.1,155.95,151.4,153.5,153.07,153.45,2502629,3840.29,25885, 1002417, 40.05
JSFB,EQ, 11-Jun-2026,466.8,462.65,469.85,456.4,460.0,462.8,462.44,208029,962.01,6012, 99402, 47.78
KARURVYSYA,EQ, 11-Jun-2026,272.7,274.05,278.75,268.95,276.55,275.85,274.65,4022236,11047.18,56264, 2369495, 58.91
KOTAKBANK,EQ, 11-Jun-2026,388.1,386.0,399.9,384.55,392.6,393.35,394.62,16135289,63672.63,167780, 9935308, 61.58
KTKBANK,EQ, 11-Jun-2026,265.15,262.0,273.0,261.0,265.35,265.05,266.8,2312655,6170.12,24696, 1129575, 48.84
MAHABANK,EQ, 11-Jun-2026,84.18,83.9,84.4,82.83,83.29,83.08,83.58,13551944,11326.25,51710, 6740148, 49.74
PNB,EQ, 11-Jun-2026,107.17,106.1,106.84,105.12,106.43,106.17,105.9,27004122,28597.62,54258, 12659041, 46.88
PSB,EQ, 11-Jun-2026,23.74,23.74,23.89,23.24,23.38,23.4,23.48,1722233,404.4,5088, 702609, 40.80
RBLBANK,EQ, 11-Jun-2026,356.95,355.0,366.4,352.8,359.4,359.1,360.68,6472883,23346.61,58161, 1927337, 29.78
SBIN,EQ, 11-Jun-2026,1003.25,998.1,1009.4,993.0,1001.1,1000.7,1003.38,13773978,138204.95,195579, 8102967, 58.83
SOUTHBANK,EQ, 11-Jun-2026,45.13,44.9,45.75,44.86,45.41,45.32,45.28,13705352,6205.8,35146, 5132204, 37.45
SURYODAY,EQ, 11-Jun-2026,170.0,173.0,173.0,164.1,166.95,164.85,166.9,164587,274.7,3241, 73116, 44.42
TMB,EQ, 11-Jun-2026,774.6,778.5,781.75,756.0,768.7,767.4,768.31,159786,1227.65,9720, 70569, 44.16
UCOBANK,EQ, 11-Jun-2026,25.75,25.6,25.63,25.01,25.13,25.12,25.29,4664380,1179.7,13201, 2053017, 44.01
UJJIVANSFB,EQ, 11-Jun-2026,52.94,52.71,53.61,52.51,53.5,53.26,53.13,5875125,3121.48,42130, 3319135, 56.49
UNIONBANK,EQ, 11-Jun-2026,166.45,164.1,165.68,162.92,164.7,164.54,164.14,12145117,19935.31,39168, 6019018, 49.56
UTKARSHBNK,EQ, 11-Jun-2026,12.54,12.65,12.65,12.31,12.45,12.38,12.42,2730895,339.23,4425, 1224964, 44.86
YESBANK,EQ, 11-Jun-2026,22.6,22.5,22.77,22.18,22.26,22.22,22.41,93036362,20849.14,81255, 32309821, 34.73
AUBANK,EQ, 12-Jun-2026,963.3,970.5,1019.45,959.1,1017.8,1015.5,994.98,4077611,40571.36,46997, 2182343, 53.52
AXISBANK,EQ, 12-Jun-2026,1317.3,1332.0,1358.5,1318.5,1353.0,1356.3,1341.6,8535670,114514.42,138231, 5921588, 69.37
BANDHANBNK,EQ, 12-Jun-2026,193.9,198.0,206.17,194.4,205.98,204.6,201.91,10237548,20670.36,48473, 4427164, 43.24
BANKBARODA,EQ, 12-Jun-2026,267.6,270.05,276.1,268.65,274.5,274.75,273.35,27384601,74855.75,98030, 13790251, 50.36
BANKINDIA,EQ, 12-Jun-2026,141.38,144.0,145.95,141.91,145.7,145.68,144.19,9184204,13242.94,44530, 4059392, 44.20
CANBK,EQ, 12-Jun-2026,131.52,130.0,131.92,128.8,131.6,131.67,130.3,25287693,32950.3,86365, 8135026, 32.17
CAPITALSFB,EQ, 12-Jun-2026,277.95,282.0,282.95,278.35,282.9,281.7,281.33,15024,42.27,1171, 10553, 70.24
CENTRALBK,EQ, 12-Jun-2026,30.17,30.6,31.15,30.53,31.0,31.04,30.85,11020327,3400.06,18447, 5663698, 51.39
CSBBANK,EQ, 12-Jun-2026,354.1,359.0,368.0,355.5,364.25,366.35,361.23,255496,922.93,10490, 110935, 43.42
CUB,EQ, 12-Jun-2026,256.8,197.4,208.5,196.5,201.65,201.7,202.42,6852764,13871.46,87816, 2304480, 33.63
DCBBANK,EQ, 12-Jun-2026,174.38,175.99,180.6,175.43,179.7,179.86,178.24,646786,1152.84,8480, 294780, 45.58
DHANBANK,EQ, 12-Jun-2026,31.24,32.14,32.69,31.51,32.4,32.41,32.24,1120158,361.08,4142, 371847, 33.20
EQUITASBNK,EQ, 12-Jun-2026,71.39,72.6,76.25,72.6,75.79,75.54,74.83,14409502,10782.73,76899, 6214815, 43.13
ESAFSFB,EQ, 12-Jun-2026,26.58,26.99,28.63,26.71,28.4,28.48,27.89,1089571,303.87,3745, 410233, 37.65
FEDERALBNK,EQ, 12-Jun-2026,309.75,315.0,318.35,311.15,315.0,315.7,315.97,9052110,28601.66,74568, 4421558, 48.85
FINOPB,EQ, 12-Jun-2026,131.32,134.0,137.44,133.8,135.65,136.21,135.93,220917,300.29,3514, 87846, 39.76
HDFCBANK,EQ, 12-Jun-2026,744.6,754.7,774.45,753.1,771.95,772.45,764.47,36088159,275882.17,424418, 22190749, 61.49
ICICIBANK,EQ, 12-Jun-2026,1317.0,1330.0,1344.3,1318.7,1340.0,1340.8,1333.0,18339846,244470.33,237916, 14026255, 76.48
IDBI,EQ, 12-Jun-2026,72.31,73.4,75.62,73.36,75.28,75.39,74.51,8499345,6332.92,30203, 4100719, 48.25
IDFCFIRSTB,EQ, 12-Jun-2026,72.95,73.4,77.39,73.35,77.0,76.5,75.67,47039199,35593.95,86811, 29348401, 62.39
INDIANB,EQ, 12-Jun-2026,825.65,838.5,850.95,824.85,845.1,845.5,838.2,3089091,25892.79,39076, 1551986, 50.24
INDUSINDBK,EQ, 12-Jun-2026,888.95,901.45,919.7,889.95,916.5,917.35,902.98,2663666,24052.28,43395, 1251410, 46.98
IOB,EQ, 12-Jun-2026,32.42,32.51,33.48,32.51,33.3,33.37,33.04,4193168,1385.61,12364, 1734313, 41.36
J&KBANK,EQ, 12-Jun-2026,153.07,157.0,158.83,154.47,157.5,157.4,156.82,3788279,5940.66,27790, 1532878, 40.46
JSFB,EQ, 12-Jun-2026,462.8,463.0,483.25,463.0,477.0,479.75,477.82,766788,3663.88,10615, 568269, 74.11
KARURVYSYA,EQ, 12-Jun-2026,275.85,280.0,289.9,277.75,288.75,288.95,286.47,5057293,14487.6,52851, 2837161, 56.10
KOTAKBANK,EQ, 12-Jun-2026,393.35,397.75,404.5,394.95,404.0,403.3,400.16,17227481,68937.57,152404, 11265510, 65.39
KTKBANK,EQ, 12-Jun-2026,265.05,267.75,277.5,267.6,276.0,275.7,273.29,3073840,8400.6,27840, 1652851, 53.77
MAHABANK,EQ, 12-Jun-2026,83.08,84.4,87.62,83.67,87.24,87.3,86.01,36284743,31208.96,102027, 13436825, 37.03
PNB,EQ, 12-Jun-2026,106.17,106.0,107.52,104.37,107.1,106.88,105.67,29965493,31664.5,63585, 11126059, 37.13
PSB,EQ, 12-Jun-2026,23.4,23.8,24.19,23.42,24.05,24.02,23.77,2147540,510.53,5867, 942169, 43.87
RBLBANK,EQ, 12-Jun-2026,359.1,363.0,368.45,353.55,366.9,365.85,362.6,8410483,30496.14,62386, 3581064, 42.58
SBIN,EQ, 12-Jun-2026,1000.7,1018.0,1018.7,1004.35,1016.4,1017.15,1012.08,11081119,112150.18,193711, 5804492, 52.38
SOUTHBANK,EQ, 12-Jun-2026,45.32,45.5,47.5,45.5,46.6,46.66,46.65,35993222,16789.98,54825, 10939087, 30.39
SURYODAY,EQ, 12-Jun-2026,164.85,167.01,169.99,164.11,169.99,169.65,167.63,209639,351.42,2707, 90991, 43.40
TMB,EQ, 12-Jun-2026,767.4,768.7,777.4,758.0,770.95,767.05,767.57,210472,1615.51,10394, 99656, 47.35
UCOBANK,EQ, 12-Jun-2026,25.12,25.27,26.04,25.27,26.0,25.99,25.76,5924272,1525.99,12830, 2764348, 46.66
UJJIVANSFB,EQ, 12-Jun-2026,53.26,54.0,55.0,53.72,54.71,54.76,54.39,14098314,7668.49,46947, 8614435, 61.10
UNIONBANK,EQ, 12-Jun-2026,164.54,167.5,170.42,166.15,169.95,170.05,168.48,13371950,22528.97,43931, 6312070, 47.20
UTKARSHBNK,EQ, 12-Jun-2026,12.38,12.6,13.16,12.6,13.1,13.08,12.89,5880010,758.15,5780, 3364716, 57.22
YESBANK,EQ, 12-Jun-2026,22.22,22.85,23.05,22.43,23.01,23.02,22.79,87273100,19889.84,77780, 30904382, 35.41
AUBANK,EQ, 12-Jun-2026,963.3,970.5,1019.45,959.1,1017.8,1015.5,994.98,4077611,40571.36,46997, 2182343, 53.52
AXISBANK,EQ, 12-Jun-2026,1317.3,1332.0,1358.5,1318.5,1353.0,1356.3,1341.6,8535670,114514.42,138231, 5921588, 69.37
BANDHANBNK,EQ, 12-Jun-2026,193.9,198.0,206.17,194.4,205.98,204.6,201.91,10237548,20670.36,48473, 4427164, 43.24
BANKBARODA,EQ, 12-Jun-2026,267.6,270.05,276.1,268.65,274.5,274.75,273.35,27384601,74855.75,98030, 13790251, 50.36
BANKINDIA,EQ, 12-Jun-2026,141.38,144.0,145.95,141.91,145.7,145.68,144.19,9184204,13242.94,44530, 4059392, 44.20
CANBK,EQ, 12-Jun-2026,131.52,130.0,131.92,128.8,131.6,131.67,130.3,25287693,32950.3,86365, 8135026, 32.17
CAPITALSFB,EQ, 12-Jun-2026,277.95,282.0,282.95,278.35,282.9,281.7,281.33,15024,42.27,1171, 10553, 70.24
CENTRALBK,EQ, 12-Jun-2026,30.17,30.6,31.15,30.53,31.0,31.04,30.85,11020327,3400.06,18447, 5663698, 51.39
CSBBANK,EQ, 12-Jun-2026,354.1,359.0,368.0,355.5,364.25,366.35,361.23,255496,922.93,10490, 110935, 43.42
CUB,EQ, 12-Jun-2026,256.8,197.4,208.5,196.5,201.65,201.7,202.42,6852764,13871.46,87816, 2304480, 33.63
DCBBANK,EQ, 12-Jun-2026,174.38,175.99,180.6,175.43,179.7,179.86,178.24,646786,1152.84,8480, 294780, 45.58
DHANBANK,EQ, 12-Jun-2026,31.24,32.14,32.69,31.51,32.4,32.41,32.24,1120158,361.08,4142, 371847, 33.20
EQUITASBNK,EQ, 12-Jun-2026,71.39,72.6,76.25,72.6,75.79,75.54,74.83,14409502,10782.73,76899, 6214815, 43.13
ESAFSFB,EQ, 12-Jun-2026,26.58,26.99,28.63,26.71,28.4,28.48,27.89,1089571,303.87,3745, 410233, 37.65
FEDERALBNK,EQ, 12-Jun-2026,309.75,315.0,318.35,311.15,315.0,315.7,315.97,9052110,28601.66,74568, 4421558, 48.85
FINOPB,EQ, 12-Jun-2026,131.32,134.0,137.44,133.8,135.65,136.21,135.93,220917,300.29,3514, 87846, 39.76
HDFCBANK,EQ, 12-Jun-2026,744.6,754.7,774.45,753.1,771.95,772.45,764.47,36088159,275882.17,424418, 22190749, 61.49
ICICIBANK,EQ, 12-Jun-2026,1317.0,1330.0,1344.3,1318.7,1340.0,1340.8,1333.0,18339846,244470.33,237916, 14026255, 76.48
IDBI,EQ, 12-Jun-2026,72.31,73.4,75.62,73.36,75.28,75.39,74.51,8499345,6332.92,30203, 4100719, 48.25
IDFCFIRSTB,EQ, 12-Jun-2026,72.95,73.4,77.39,73.35,77.0,76.5,75.67,47039199,35593.95,86811, 29348401, 62.39
INDIANB,EQ, 12-Jun-2026,825.65,838.5,850.95,824.85,845.1,845.5,838.2,3089091,25892.79,39076, 1551986, 50.24
INDUSINDBK,EQ, 12-Jun-2026,888.95,901.45,919.7,889.95,916.5,917.35,902.98,2663666,24052.28,43395, 1251410, 46.98
IOB,EQ, 12-Jun-2026,32.42,32.51,33.48,32.51,33.3,33.37,33.04,4193168,1385.61,12364, 1734313, 41.36
J&KBANK,EQ, 12-Jun-2026,153.07,157.0,158.83,154.47,157.5,157.4,156.82,3788279,5940.66,27790, 1532878, 40.46
JSFB,EQ, 12-Jun-2026,462.8,463.0,483.25,463.0,477.0,479.75,477.82,766788,3663.88,10615, 568269, 74.11
KARURVYSYA,EQ, 12-Jun-2026,275.85,280.0,289.9,277.75,288.75,288.95,286.47,5057293,14487.6,52851, 2837161, 56.10
KOTAKBANK,EQ, 12-Jun-2026,393.35,397.75,404.5,394.95,404.0,403.3,400.16,17227481,68937.57,152404, 11265510, 65.39
KTKBANK,EQ, 12-Jun-2026,265.05,267.75,277.5,267.6,276.0,275.7,273.29,3073840,8400.6,27840, 1652851, 53.77
MAHABANK,EQ, 12-Jun-2026,83.08,84.4,87.62,83.67,87.24,87.3,86.01,36284743,31208.96,102027, 13436825, 37.03
PNB,EQ, 12-Jun-2026,106.17,106.0,107.52,104.37,107.1,106.88,105.67,29965493,31664.5,63585, 11126059, 37.13
PSB,EQ, 12-Jun-2026,23.4,23.8,24.19,23.42,24.05,24.02,23.77,2147540,510.53,5867, 942169, 43.87
RBLBANK,EQ, 12-Jun-2026,359.1,363.0,368.45,353.55,366.9,365.85,362.6,8410483,30496.14,62386, 3581064, 42.58
SBIN,EQ, 12-Jun-2026,1000.7,1018.0,1018.7,1004.35,1016.4,1017.15,1012.08,11081119,112150.18,193711, 5804492, 52.38
SOUTHBANK,EQ, 12-Jun-2026,45.32,45.5,47.5,45.5,46.6,46.66,46.65,35993222,16789.98,54825, 10939087, 30.39
SURYODAY,EQ, 12-Jun-2026,164.85,167.01,169.99,164.11,169.99,169.65,167.63,209639,351.42,2707, 90991, 43.40
TMB,EQ, 12-Jun-2026,767.4,768.7,777.4,758.0,770.95,767.05,767.57,210472,1615.51,10394, 99656, 47.35
UCOBANK,EQ, 12-Jun-2026,25.12,25.27,26.04,25.27,26.0,25.99,25.76,5924272,1525.99,12830, 2764348, 46.66
UJJIVANSFB,EQ, 12-Jun-2026,53.26,54.0,55.0,53.72,54.71,54.76,54.39,14098314,7668.49,46947, 8614435, 61.10
UNIONBANK,EQ, 12-Jun-2026,164.54,167.5,170.42,166.15,169.95,170.05,168.48,13371950,22528.97,43931, 6312070, 47.20
UTKARSHBNK,EQ, 12-Jun-2026,12.38,12.6,13.16,12.6,13.1,13.08,12.89,5880010,758.15,5780, 3364716, 57.22
YESBANK,EQ, 12-Jun-2026,22.22,22.85,23.05,22.43,23.01,23.02,22.79,87273100,19889.84,77780, 30904382, 35.41
AUBANK,EQ, 15-Jun-2026,1015.5,1035.0,1056.0,1023.4,1031.95,1033.6,1036.5,1771740,18364.0,56718, 858195, 48.44
AXISBANK,EQ, 15-Jun-2026,1356.3,1372.0,1378.0,1360.6,1365.1,1368.3,1367.84,7522828,102900.13,129420, 5220325, 69.39
BANDHANBNK,EQ, 15-Jun-2026,204.6,208.0,214.94,208.0,210.35,210.88,211.71,13330721,28222.88,69251, 5160676, 38.71
BANKBARODA,EQ, 15-Jun-2026,274.75,278.55,282.5,275.4,276.35,276.05,279.16,9344475,26086.44,61987, 4601411, 49.24
BANKINDIA,EQ, 15-Jun-2026,145.68,149.0,151.0,145.84,146.45,146.23,147.77,7545257,11149.7,50955, 3367065, 44.62
CANBK,EQ, 15-Jun-2026,131.67,134.0,135.17,131.87,132.36,132.2,133.3,20283189,27038.35,64139, 10722804, 52.87
CAPITALSFB,EQ, 15-Jun-2026,281.7,284.95,294.5,281.6,291.0,289.95,289.85,114980,333.27,2864, 55276, 48.07
CENTRALBK,EQ, 15-Jun-2026,31.04,31.4,32.04,31.25,31.83,31.87,31.65,26130743,8269.87,34321, 14731598, 56.38
CSBBANK,EQ, 15-Jun-2026,366.35,376.0,377.95,371.3,373.0,372.8,374.64,280574,1051.15,11251, 146742, 52.30
CUB,EQ, 15-Jun-2026,201.7,205.7,207.85,198.2,199.3,199.35,203.35,4608069,9370.3,62851, 2628027, 57.03
DCBBANK,EQ, 15-Jun-2026,179.86,184.0,186.6,182.15,185.9,184.61,185.02,1267664,2345.46,12390, 764744, 60.33
DHANBANK,EQ, 15-Jun-2026,32.41,32.75,34.41,32.04,32.28,32.12,32.8,1575776,516.78,4084, 637804, 40.48
EQUITASBNK,EQ, 15-Jun-2026,75.54,77.0,79.5,76.1,78.5,78.46,77.84,8069568,6281.39,46511, 4493441, 55.68
ESAFSFB,EQ, 15-Jun-2026,28.48,28.61,29.5,28.61,29.14,29.1,29.04,705497,204.9,2592, 387780, 54.97
FEDERALBNK,EQ, 15-Jun-2026,315.7,320.7,320.7,312.75,316.7,317.1,315.87,8390759,26504.15,80001, 4566491, 54.42
FINOPB,EQ, 15-Jun-2026,136.21,137.01,141.0,137.01,137.35,137.53,138.95,197088,273.86,2686, 93763, 47.57
HDFCBANK,EQ, 15-Jun-2026,772.45,790.0,793.5,775.6,777.45,777.35,783.75,39990334,313426.0,410968, 25553938, 63.90
ICICIBANK,EQ, 15-Jun-2026,1340.8,1354.6,1362.7,1325.3,1328.0,1327.6,1339.75,16172921,216676.95,231944, 11052408, 68.34
IDBI,EQ, 15-Jun-2026,75.39,76.5,79.77,76.28,76.89,76.88,77.53,20361699,15785.47,44819, 6985457, 34.31
IDFCFIRSTB,EQ, 15-Jun-2026,76.5,78.0,79.09,77.23,78.3,78.33,78.24,28524089,22316.15,69726, 10884379, 38.16
INDIANB,EQ, 15-Jun-2026,845.5,858.2,867.65,846.3,850.0,849.6,854.92,1284322,10979.96,27057, 580537, 45.20
INDUSINDBK,EQ, 15-Jun-2026,917.35,926.0,953.5,923.1,933.35,933.2,937.07,3037001,28458.86,69243, 1215893, 40.04
IOB,EQ, 15-Jun-2026,33.37,33.8,34.25,33.72,33.9,33.84,34.02,3483014,1185.04,12469, 1651983, 47.43
J&KBANK,EQ, 15-Jun-2026,157.4,160.56,163.49,159.26,160.0,159.91,161.73,6242841,10096.43,66947, 2880255, 46.14
JSFB,EQ, 15-Jun-2026,479.75,483.9,488.85,474.65,476.0,476.8,482.33,343980,1659.12,10219, 193154, 56.15
KARURVYSYA,EQ, 15-Jun-2026,288.95,292.5,297.95,288.15,289.55,289.3,291.29,2648167,7713.74,40305, 1407672, 53.16
KOTAKBANK,EQ, 15-Jun-2026,403.3,408.0,411.0,402.45,404.85,405.75,405.65,14269679,57884.65,126203, 9100772, 63.78
KTKBANK,EQ, 15-Jun-2026,275.7,280.0,282.95,270.35,273.0,272.7,276.44,3006943,8312.49,27238, 1493397, 49.66
MAHABANK,EQ, 15-Jun-2026,87.3,88.61,91.1,88.23,89.03,89.12,89.35,33101447,29576.29,117908, 16969288, 51.26
PNB,EQ, 15-Jun-2026,106.88,108.05,109.48,107.69,107.95,107.96,108.47,18982668,20590.48,49212, 9687149, 51.03
PSB,EQ, 15-Jun-2026,24.02,24.4,24.7,23.85,24.08,24.01,24.32,1938035,471.42,5278, 1048448, 54.10
RBLBANK,EQ, 15-Jun-2026,365.85,370.0,375.15,367.95,373.3,372.65,371.81,8331313,30976.44,57772, 4681316, 56.19
SBIN,EQ, 15-Jun-2026,1017.15,1034.0,1034.0,1018.5,1021.0,1020.85,1025.74,12463437,127841.9,230802, 7322784, 58.75
SOUTHBANK,EQ, 15-Jun-2026,46.66,47.2,48.55,46.54,47.1,46.92,47.58,26102262,12420.64,54188, 8945387, 34.27
SURYODAY,EQ, 15-Jun-2026,169.65,171.66,174.85,169.83,172.49,171.89,172.21,347090,597.73,5258, 169645, 48.88
TMB,EQ, 15-Jun-2026,767.05,772.95,794.95,771.0,774.0,774.2,782.13,270891,2118.72,11682, 139396, 51.46
UCOBANK,EQ, 15-Jun-2026,25.99,26.55,26.69,26.1,26.2,26.18,26.43,5542729,1464.85,14909, 2636204, 47.56
UJJIVANSFB,EQ, 15-Jun-2026,54.76,56.0,57.2,55.42,56.89,56.95,56.45,11313700,6386.94,43789, 5554242, 49.09
UNIONBANK,EQ, 15-Jun-2026,170.05,172.9,173.9,170.8,171.4,171.3,172.02,8365210,14389.67,47041, 3702579, 44.26
UTKARSHBNK,EQ, 15-Jun-2026,13.08,13.3,13.73,13.25,13.43,13.47,13.54,6630668,897.72,7344, 3830252, 57.77
YESBANK,EQ, 15-Jun-2026,23.02,23.3,24.0,23.25,23.67,23.78,23.58,161580507,38099.16,103894, 80868883, 50.05
AUBANK,EQ, 16-Jun-2026,1033.6,1039.0,1039.0,1010.0,1022.05,1023.1,1018.64,1168430,11902.11,39468, 535643, 45.84
AXISBANK,EQ, 16-Jun-2026,1368.3,1363.5,1371.5,1349.2,1363.4,1365.7,1362.48,7709061,105034.3,164296, 4957554, 64.31
BANDHANBNK,EQ, 16-Jun-2026,210.88,213.08,218.13,207.5,216.75,216.74,213.38,14775474,31527.58,78313, 4786497, 32.39
BANKBARODA,EQ, 16-Jun-2026,276.05,278.1,278.1,273.1,275.4,275.35,275.05,9933682,27323.06,62407, 5115525, 51.50
BANKINDIA,EQ, 16-Jun-2026,146.23,146.8,148.3,144.12,145.65,145.67,145.87,6079628,8868.23,38498, 2358850, 38.80
CANBK,EQ, 16-Jun-2026,132.2,132.36,133.49,131.64,132.9,132.83,132.58,19477515,25823.45,92746, 10168291, 52.21
CAPITALSFB,EQ, 16-Jun-2026,289.95,290.5,297.9,290.0,295.95,294.95,295.43,84714,250.27,1436, 55724, 65.78
CENTRALBK,EQ, 16-Jun-2026,31.87,31.95,32.25,31.64,32.03,32.0,31.99,12712438,4066.87,20179, 5665563, 44.57
CSBBANK,EQ, 16-Jun-2026,372.8,373.05,377.5,367.4,370.0,369.35,372.38,298064,1109.95,8189, 156230, 52.41
CUB,EQ, 16-Jun-2026,199.35,197.85,206.5,197.5,205.1,205.45,203.87,3502570,7140.55,39681, 1820454, 51.97
DCBBANK,EQ, 16-Jun-2026,184.61,186.5,186.69,181.9,184.4,183.73,183.6,564724,1036.85,7628, 277919, 49.21
DHANBANK,EQ, 16-Jun-2026,32.12,32.6,32.84,31.75,32.69,32.42,32.22,1158809,373.37,4424, 534265, 46.10
EQUITASBNK,EQ, 16-Jun-2026,78.46,78.04,80.14,77.5,78.79,78.75,78.96,4673415,3690.14,32043, 2399405, 51.34
ESAFSFB,EQ, 16-Jun-2026,29.1,29.13,34.4,28.95,31.2,31.02,32.24,18555762,5982.47,96887, 2081586, 11.22
FEDERALBNK,EQ, 16-Jun-2026,317.1,317.55,321.1,316.5,320.25,320.6,319.04,8921387,28462.8,85422, 5496185, 61.61
FINOPB,EQ, 16-Jun-2026,137.53,137.55,140.32,134.31,137.0,136.41,137.15,250421,343.45,3274, 109843, 43.86
HDFCBANK,EQ, 16-Jun-2026,777.35,780.5,787.7,779.45,784.75,784.9,784.34,27820970,218211.64,334802, 12995866, 46.71
ICICIBANK,EQ, 16-Jun-2026,1327.6,1331.9,1337.3,1326.3,1335.5,1334.3,1331.53,13069159,174019.91,209525, 5509490, 42.16
IDBI,EQ, 16-Jun-2026,76.88,77.6,78.7,76.36,77.19,77.15,77.35,8656134,6695.52,34917, 2631681, 30.40
IDFCFIRSTB,EQ, 16-Jun-2026,78.33,78.59,78.75,77.35,77.72,77.5,77.66,27114472,21056.15,51897, 16100947, 59.38
INDIANB,EQ, 16-Jun-2026,849.6,855.0,856.9,848.7,853.0,853.3,853.24,545601,4655.29,16011, 231924, 42.51
INDUSINDBK,EQ, 16-Jun-2026,933.2,933.0,936.05,922.0,928.95,926.0,927.69,1602315,14864.55,60501, 790108, 49.31
IOB,EQ, 16-Jun-2026,33.84,34.0,34.13,33.82,34.06,34.03,33.98,2049949,696.62,8810, 885346, 43.19
J&KBANK,EQ, 16-Jun-2026,159.91,161.0,163.0,157.68,162.03,161.99,161.47,3578791,5778.78,45832, 1604191, 44.82
JSFB,EQ, 16-Jun-2026,476.8,476.1,481.65,466.05,467.0,467.2,470.71,533005,2508.92,12393, 353447, 66.31
KARURVYSYA,EQ, 16-Jun-2026,289.3,292.0,298.0,288.85,294.05,294.55,294.69,2930882,8636.99,44169, 1625477, 55.46
KOTAKBANK,EQ, 16-Jun-2026,405.75,405.75,408.55,404.5,407.95,407.85,407.28,9079548,36979.41,131020, 6342143, 69.85
KTKBANK,EQ, 16-Jun-2026,272.7,272.35,279.8,271.9,279.0,279.05,277.2,2273177,6301.3,27729, 1160185, 51.04
MAHABANK,EQ, 16-Jun-2026,89.12,89.9,90.0,87.1,88.19,88.19,88.18,13331204,11755.03,64410, 6520590, 48.91
PNB,EQ, 16-Jun-2026,107.96,108.09,108.69,106.9,108.0,107.97,107.85,11865685,12797.12,43765, 4920854, 41.47
PSB,EQ, 16-Jun-2026,24.01,24.2,24.34,23.89,24.16,24.0,24.1,1255331,302.49,3391, 612499, 48.79
RBLBANK,EQ, 16-Jun-2026,372.65,374.0,374.6,364.35,369.85,369.7,368.45,4125957,15202.04,33780, 1919705, 46.53
SBIN,EQ, 16-Jun-2026,1020.85,1023.8,1026.55,1007.4,1016.05,1015.3,1014.02,9693677,98295.56,190586, 4962421, 51.19
SOUTHBANK,EQ, 16-Jun-2026,46.92,47.1,47.77,46.8,47.25,47.2,47.16,13747133,6483.43,32021, 5303261, 38.58
SURYODAY,EQ, 16-Jun-2026,171.89,171.89,178.08,171.88,173.41,173.54,174.59,474404,828.28,7124, 249318, 52.55
TMB,EQ, 16-Jun-2026,774.2,774.2,788.85,758.4,764.5,762.15,766.73,231094,1771.86,14114, 115346, 49.91
UCOBANK,EQ, 16-Jun-2026,26.18,26.28,26.55,26.15,26.34,26.33,26.35,3775060,994.83,10840, 1309090, 34.68
UJJIVANSFB,EQ, 16-Jun-2026,56.95,56.95,57.85,56.48,57.14,57.39,57.12,8280013,4729.35,39764, 4256876, 51.41
UNIONBANK,EQ, 16-Jun-2026,171.3,172.45,172.95,168.54,170.2,170.56,170.37,8606545,14662.91,44577, 4041279, 46.96
UTKARSHBNK,EQ, 16-Jun-2026,13.47,13.53,13.84,13.41,13.71,13.68,13.61,3841669,522.91,5610, 1727271, 44.96
YESBANK,EQ, 16-Jun-2026,23.78,23.76,24.49,23.45,23.88,23.89,24.02,219386959,52698.48,148131, 70826886, 32.28
AUBANK,EQ, 17-Jun-2026,1023.1,1029.5,1029.5,1013.0,1024.3,1020.85,1019.05,683318,6963.32,29047, 328345, 48.05
AXISBANK,EQ, 17-Jun-2026,1365.7,1364.1,1365.7,1349.3,1351.9,1350.9,1354.89,4761917,64518.87,141776, 3101533, 65.13
BANDHANBNK,EQ, 17-Jun-2026,216.74,217.82,217.98,213.1,213.4,213.76,214.99,9233245,19850.35,49435, 3171615, 34.35
BANKBARODA,EQ, 17-Jun-2026,275.35,277.0,282.4,274.0,282.0,281.85,279.64,11929170,33358.84,56096, 6214441, 52.09
BANKINDIA,EQ, 17-Jun-2026,145.67,145.99,147.84,144.78,147.1,147.14,146.69,8514850,12490.31,44900, 3925936, 46.11
CANBK,EQ, 17-Jun-2026,132.83,133.16,136.3,132.11,135.2,135.24,134.51,46057932,61953.3,97887, 21551533, 46.79
CAPITALSFB,EQ, 17-Jun-2026,294.95,297.15,299.8,293.0,299.25,298.25,298.03,127095,378.78,2147, 77260, 60.79
CENTRALBK,EQ, 17-Jun-2026,32.0,32.06,34.48,31.83,33.99,33.87,33.55,79833451,26785.26,96252, 32587725, 40.82
CSBBANK,EQ, 17-Jun-2026,369.35,371.5,374.35,366.0,367.0,367.7,368.29,701281,2582.76,10889, 510314, 72.77
CUB,EQ, 17-Jun-2026,205.45,205.0,205.4,199.45,201.15,200.45,200.55,3913500,7848.41,60814, 2248894, 57.47
DCBBANK,EQ, 17-Jun-2026,183.73,183.7,186.21,182.9,185.49,185.01,184.12,1412999,2601.63,17417, 804550, 56.94
DHANBANK,EQ, 17-Jun-2026,32.42,32.42,32.99,31.75,32.7,32.84,32.52,2126037,691.33,8223, 1024159, 48.17
EQUITASBNK,EQ, 17-Jun-2026,78.75,79.3,79.3,77.76,78.5,78.65,78.78,3409171,2685.81,18484, 1878671, 55.11
ESAFSFB,EQ, 17-Jun-2026,31.02,31.21,32.0,30.65,30.83,30.83,31.45,2478686,779.59,9524, 976597, 39.40
FEDERALBNK,EQ, 17-Jun-2026,320.6,320.65,323.6,319.3,322.2,322.7,321.52,9029691,29032.68,48490, 5967041, 66.08
FINOPB,EQ, 17-Jun-2026,136.41,137.5,140.98,136.25,140.74,139.91,138.38,178942,247.63,2149, 91726, 51.26
HDFCBANK,EQ, 17-Jun-2026,784.9,787.65,794.3,783.1,787.0,787.1,788.39,32405604,255483.98,466023, 21508982, 66.37
ICICIBANK,EQ, 17-Jun-2026,1334.3,1342.0,1346.0,1333.4,1336.5,1336.8,1338.65,8026424,107445.44,154630, 4704112, 58.61
IDBI,EQ, 17-Jun-2026,77.15,77.39,92.25,77.32,89.6,90.36,87.92,233255213,205074.94,462501, 35875996, 15.38
IDFCFIRSTB,EQ, 17-Jun-2026,77.5,77.5,78.37,77.16,77.27,77.38,77.5,20456804,15854.93,49014, 11314441, 55.31
INDIANB,EQ, 17-Jun-2026,853.3,858.0,878.25,853.45,875.9,876.35,869.88,2138011,18598.14,48007, 970860, 45.41
INDUSINDBK,EQ, 17-Jun-2026,926.0,926.0,938.4,920.2,934.1,936.2,930.77,1193109,11105.13,36436, 442498, 37.09
IOB,EQ, 17-Jun-2026,34.03,34.05,36.53,33.88,35.52,35.58,35.59,30781850,10955.79,55272, 7840280, 25.47
J&KBANK,EQ, 17-Jun-2026,161.99,162.5,163.79,160.25,162.57,162.95,162.42,2602084,4226.35,20773, 999264, 38.40
JSFB,EQ, 17-Jun-2026,467.2,468.0,475.45,463.0,467.0,467.75,469.51,404850,1900.83,10156, 238433, 58.89
KARURVYSYA,EQ, 17-Jun-2026,294.55,294.55,298.0,292.5,297.3,296.7,295.62,1780730,5264.14,29708, 994205, 55.83
KOTAKBANK,EQ, 17-Jun-2026,407.85,407.85,408.75,402.55,404.0,404.5,404.42,11654415,47132.5,84598, 8833636, 75.80
KTKBANK,EQ, 17-Jun-2026,279.05,279.05,280.6,275.3,276.55,277.15,277.5,987984,2741.66,13466, 371242, 37.58
MAHABANK,EQ, 17-Jun-2026,88.19,88.25,91.0,87.13,90.35,90.14,89.37,26656586,23823.32,83990, 9258322, 34.73
PNB,EQ, 17-Jun-2026,107.97,108.3,109.2,107.43,108.91,108.87,108.65,22022581,23927.32,58034, 10609359, 48.17
PSB,EQ, 17-Jun-2026,24.0,24.09,25.94,24.01,25.45,25.48,25.28,12334921,3117.68,21343, 4023583, 32.62
RBLBANK,EQ, 17-Jun-2026,369.7,370.2,372.0,365.55,368.9,369.2,369.11,2703651,9979.52,33053, 1062641, 39.30
SBIN,EQ, 17-Jun-2026,1015.3,1017.0,1028.1,1013.45,1026.5,1026.5,1021.04,8190062,83623.76,149867, 4627035, 56.50
SOUTHBANK,EQ, 17-Jun-2026,47.2,47.2,48.8,47.2,48.4,48.45,48.19,25436146,12258.04,41122, 8538581, 33.57
SURYODAY,EQ, 17-Jun-2026,173.54,173.54,178.0,166.59,170.01,170.54,172.46,396347,683.55,8520, 187448, 47.29
TMB,EQ, 17-Jun-2026,762.15,762.5,793.5,762.5,789.5,781.85,780.25,286403,2234.67,13037, 134952, 47.12
UCOBANK,EQ, 17-Jun-2026,26.33,26.45,30.04,26.35,28.2,28.2,28.71,157521699,45220.01,174326, 17840688, 11.33
UJJIVANSFB,EQ, 17-Jun-2026,57.39,57.39,57.39,56.57,56.9,56.75,56.95,4356583,2481.22,23749, 2465681, 56.60
UNIONBANK,EQ, 17-Jun-2026,170.56,171.5,174.15,169.4,173.66,173.75,172.22,12653845,21791.88,58501, 5416987, 42.81
UTKARSHBNK,EQ, 17-Jun-2026,13.68,13.68,14.41,13.61,14.1,14.0,14.02,11478600,1609.35,17543, 4179194, 36.41
YESBANK,EQ, 17-Jun-2026,23.89,23.9,25.46,23.9,25.14,25.11,24.97,394351584,98487.41,241310, 152673513, 38.72
AUBANK,EQ, 18-Jun-2026,1020.85,1022.0,1028.45,1016.6,1025.85,1025.35,1023.93,908553,9302.94,26141, 493113, 54.27
AXISBANK,EQ, 18-Jun-2026,1350.9,1347.6,1365.9,1345.0,1358.5,1360.1,1358.13,5186573,70440.48,126712, 3356784, 64.72
BANDHANBNK,EQ, 18-Jun-2026,213.76,213.76,215.41,211.8,214.6,214.28,214.05,4553796,9747.34,34818, 1525218, 33.49
BANKBARODA,EQ, 18-Jun-2026,281.85,283.8,287.1,281.75,282.85,283.0,283.44,12399938,35146.06,61083, 5002743, 40.34
BANKINDIA,EQ, 18-Jun-2026,147.14,147.75,148.5,146.21,147.93,147.67,147.52,6679500,9853.83,33596, 3141060, 47.03
CANBK,EQ, 18-Jun-2026,135.24,135.51,136.33,134.4,135.0,134.97,135.17,16874421,22809.91,87504, 8057354, 47.75
CAPITALSFB,EQ, 18-Jun-2026,298.25,298.2,298.2,290.0,291.0,291.0,293.32,48273,141.6,1131, 27145, 56.23
CENTRALBK,EQ, 18-Jun-2026,33.87,33.87,34.06,32.94,33.18,33.1,33.27,19852246,6604.11,33655, 9675485, 48.74
CSBBANK,EQ, 18-Jun-2026,367.7,369.0,373.9,366.05,366.8,367.5,368.74,452656,1669.11,7673, 261260, 57.72
CUB,EQ, 18-Jun-2026,200.45,200.1,202.05,197.1,198.55,198.35,199.2,2533691,5047.12,29783, 1406387, 55.51
DCBBANK,EQ, 18-Jun-2026,185.01,185.99,188.3,184.34,185.5,185.97,186.29,865184,1611.79,15525, 400597, 46.30
DHANBANK,EQ, 18-Jun-2026,32.84,33.01,34.4,32.75,34.07,34.06,33.65,2325033,782.29,7101, 1167036, 50.19
EQUITASBNK,EQ, 18-Jun-2026,78.65,78.98,79.29,77.2,77.65,77.7,78.22,2668337,2087.21,21042, 1454739, 54.52
ESAFSFB,EQ, 18-Jun-2026,30.83,30.86,33.5,30.86,32.0,32.02,32.19,3025012,973.73,12990, 793401, 26.23
FEDERALBNK,EQ, 18-Jun-2026,322.7,323.0,324.0,320.0,321.3,320.45,320.74,3885931,12463.68,45628, 2292218, 58.99
FINOPB,EQ, 18-Jun-2026,139.91,141.0,163.38,141.0,159.97,157.27,158.19,10356566,16383.03,75280, 959902, 9.27
HDFCBANK,EQ, 18-Jun-2026,787.1,786.5,802.95,786.2,800.8,799.0,797.21,41492071,330779.51,386510, 20063205, 48.35
ICICIBANK,EQ, 18-Jun-2026,1336.8,1333.6,1346.9,1331.4,1341.5,1342.3,1340.81,13467985,180580.46,166446, 6036352, 44.82
IDBI,EQ, 18-Jun-2026,90.36,89.8,89.9,84.26,84.53,84.62,86.25,61131579,52725.79,154902, 15523932, 25.39
IDFCFIRSTB,EQ, 18-Jun-2026,77.38,77.38,78.4,76.89,78.01,78.09,77.67,29775446,23125.45,50357, 14700373, 49.37
INDIANB,EQ, 18-Jun-2026,876.35,880.7,884.95,873.1,874.65,875.7,879.38,1025452,9017.58,25616, 382616, 37.31
INDUSINDBK,EQ, 18-Jun-2026,936.2,937.0,941.5,932.25,939.05,938.75,937.15,1007080,9437.85,20374, 383680, 38.10
IOB,EQ, 18-Jun-2026,35.58,35.79,35.9,35.15,35.22,35.23,35.39,5708821,2020.55,17491, 2293807, 40.18
J&KBANK,EQ, 18-Jun-2026,162.95,162.96,167.15,162.02,162.9,162.9,164.55,3378870,5559.98,31835, 1489658, 44.09
JSFB,EQ, 18-Jun-2026,467.75,467.05,483.0,464.8,472.0,471.4,474.51,711366,3375.49,12678, 424041, 59.61
KARURVYSYA,EQ, 18-Jun-2026,296.7,298.0,301.65,294.4,297.0,296.75,297.75,1739397,5179.07,30205, 863888, 49.67
KOTAKBANK,EQ, 18-Jun-2026,404.5,403.95,404.25,399.65,403.0,402.95,402.63,9342524,37615.99,118667, 6049460, 64.75
KTKBANK,EQ, 18-Jun-2026,277.15,278.8,282.4,276.35,278.15,277.9,278.4,2191512,6101.25,17605, 1147115, 52.34
MAHABANK,EQ, 18-Jun-2026,90.14,90.8,91.2,88.81,89.5,89.5,89.98,12053692,10846.08,43346, 4126777, 34.24
PNB,EQ, 18-Jun-2026,108.87,109.15,110.2,108.82,109.5,109.58,109.45,17436034,19084.52,74836, 8174829, 46.88
PSB,EQ, 18-Jun-2026,25.48,25.7,25.8,25.01,25.15,25.15,25.33,2736841,693.11,6504, 1566507, 57.24
RBLBANK,EQ, 18-Jun-2026,369.2,370.0,374.8,367.5,370.1,369.25,371.38,5075765,18850.53,40600, 2170804, 42.77
SBIN,EQ, 18-Jun-2026,1026.5,1027.9,1045.7,1024.45,1042.5,1042.7,1038.39,11048009,114721.86,181508, 4757877, 43.07
SOUTHBANK,EQ, 18-Jun-2026,48.45,48.5,49.79,48.04,48.54,48.49,48.88,20768658,10152.38,38326, 7282178, 35.06
SURYODAY,EQ, 18-Jun-2026,170.54,170.0,174.2,168.01,174.0,173.43,171.82,402453,691.49,5021, 259398, 64.45
TMB,EQ, 18-Jun-2026,781.85,786.0,798.25,775.0,779.75,780.6,783.84,152808,1197.77,10821, 60037, 39.29
UCOBANK,EQ, 18-Jun-2026,28.2,28.5,28.67,27.78,27.92,27.99,28.1,18663218,5244.86,37924, 5679609, 30.43
UJJIVANSFB,EQ, 18-Jun-2026,56.75,56.8,59.5,56.75,59.0,58.62,57.97,13476179,7811.61,37840, 7903790, 58.65
UNIONBANK,EQ, 18-Jun-2026,173.75,174.34,177.6,173.21,176.25,176.12,175.97,14194713,24978.93,80491, 4882095, 34.39
UTKARSHBNK,EQ, 18-Jun-2026,14.0,14.0,16.1,13.8,15.14,15.02,15.36,95081091,14602.66,150592, 16106652, 16.94
YESBANK,EQ, 18-Jun-2026,25.11,25.24,25.78,25.1,25.48,25.48,25.5,232600629,59305.96,151042, 90527318, 38.92
AUBANK,EQ, 19-Jun-2026,1025.35,1024.1,1042.0,1017.05,1034.45,1033.05,1033.06,1437168,14846.76,38002, 797391, 55.48
AXISBANK,EQ, 19-Jun-2026,1360.1,1356.8,1363.0,1350.5,1360.1,1357.9,1356.27,4640277,62934.53,89926, 3411791, 73.53
BANDHANBNK,EQ, 19-Jun-2026,214.28,214.0,214.0,207.01,207.9,208.09,209.53,7902818,16558.77,45557, 3072733, 38.88
BANKBARODA,EQ, 19-Jun-2026,283.0,281.95,282.5,278.1,281.0,281.05,280.51,4914684,13786.42,37939, 2011963, 40.94
BANKINDIA,EQ, 19-Jun-2026,147.67,147.4,147.44,145.3,146.46,146.57,146.14,10500090,15344.79,34306, 5511291, 52.49
CANBK,EQ, 19-Jun-2026,134.97,134.95,134.95,133.1,133.67,133.74,133.89,16485585,22072.06,57981, 9259012, 56.16
CAPITALSFB,EQ, 19-Jun-2026,291.0,290.0,291.25,285.0,286.35,285.5,286.56,21038,60.29,815, 11331, 53.86
CENTRALBK,EQ, 19-Jun-2026,33.1,33.18,33.31,32.45,32.87,32.84,32.85,17618631,5787.72,28535, 8705981, 49.41
CSBBANK,EQ, 19-Jun-2026,367.5,368.1,369.4,360.0,364.15,365.5,364.68,392402,1431.0,12700, 216474, 55.17
CUB,EQ, 19-Jun-2026,198.35,198.0,201.25,196.0,196.4,196.65,197.48,1253441,2475.31,22976, 711005, 56.72
DCBBANK,EQ, 19-Jun-2026,185.97,184.12,187.29,182.5,185.5,184.59,184.55,729086,1345.52,9820, 371910, 51.01
DHANBANK,EQ, 19-Jun-2026,34.06,33.98,34.8,33.55,34.21,34.31,34.14,1926409,657.7,6810, 1029177, 53.42
EQUITASBNK,EQ, 19-Jun-2026,77.7,77.1,78.4,76.45,77.21,77.25,77.35,3156614,2441.5,22331, 1574299, 49.87
ESAFSFB,EQ, 19-Jun-2026,32.02,32.5,36.7,31.76,36.5,36.33,35.53,20668329,7343.97,53043, 3864699, 18.70
FEDERALBNK,EQ, 19-Jun-2026,320.45,320.0,324.9,319.05,324.0,323.95,322.29,7763307,25020.25,40406, 4761724, 61.34
FINOPB,EQ, 19-Jun-2026,157.27,158.62,161.72,154.69,156.3,156.21,157.13,837869,1316.57,9983, 219690, 26.22
HDFCBANK,EQ, 19-Jun-2026,799.0,788.7,789.05,776.2,781.0,779.8,780.8,33798761,263899.48,342920, 21270632, 62.93
ICICIBANK,EQ, 19-Jun-2026,1342.3,1340.5,1352.3,1332.0,1347.8,1346.5,1346.35,9057322,121943.68,141850, 5876183, 64.88
IDBI,EQ, 19-Jun-2026,84.62,84.65,85.2,82.57,83.12,82.98,83.71,22635586,18948.11,71363, 6087481, 26.89
IDFCFIRSTB,EQ, 19-Jun-2026,78.09,77.93,78.93,77.54,78.6,78.68,78.4,17050266,13366.66,54525, 8005820, 46.95
INDIANB,EQ, 19-Jun-2026,875.7,875.05,878.8,867.3,870.05,870.1,872.04,1460346,12734.84,30653, 904089, 61.91
INDUSINDBK,EQ, 19-Jun-2026,938.75,938.5,950.55,931.2,943.95,947.45,945.02,6521623,61630.54,50157, 4396070, 67.41
IOB,EQ, 19-Jun-2026,35.23,35.19,35.28,34.75,35.21,35.09,35.0,4843466,1695.44,15735, 1705685, 35.22
J&KBANK,EQ, 19-Jun-2026,162.9,162.9,166.23,162.02,164.0,163.56,163.85,3046354,4991.32,25759, 1406462, 46.17
JSFB,EQ, 19-Jun-2026,471.4,471.4,474.0,455.05,459.95,460.1,463.2,454193,2103.84,8696, 281257, 61.92
KARURVYSYA,EQ, 19-Jun-2026,296.75,295.75,298.15,288.7,292.4,291.75,291.58,1874712,5466.26,35532, 1032791, 55.09
KOTAKBANK,EQ, 19-Jun-2026,402.95,402.5,403.55,398.0,399.5,399.25,399.73,17504009,69968.11,144218, 12469314, 71.24
KTKBANK,EQ, 19-Jun-2026,277.9,278.15,281.5,273.95,275.0,274.7,276.73,1162649,3217.35,14350, 484465, 41.67
MAHABANK,EQ, 19-Jun-2026,89.5,89.4,90.5,88.9,90.26,90.19,89.8,14248205,12795.46,48773, 6817089, 47.85
PNB,EQ, 19-Jun-2026,109.58,109.0,109.48,108.3,108.74,108.77,108.76,13771644,14977.85,38371, 6808036, 49.44
PSB,EQ, 19-Jun-2026,25.15,25.1,25.25,24.85,25.05,25.09,25.04,1900659,476.0,5971, 853923, 44.93
RBLBANK,EQ, 19-Jun-2026,369.25,370.2,379.9,367.5,379.85,378.85,375.14,9737378,36528.8,63738, 3993040, 41.01
SBIN,EQ, 19-Jun-2026,1042.7,1042.0,1042.0,1029.3,1036.0,1035.1,1034.62,9099878,94149.0,116893, 5638770, 61.97
SOUTHBANK,EQ, 19-Jun-2026,48.49,48.5,49.15,48.05,48.48,48.46,48.55,14135084,6861.89,36042, 5077173, 35.92
SURYODAY,EQ, 19-Jun-2026,173.43,173.19,175.8,169.5,174.76,175.09,172.63,928246,1602.46,11264, 530493, 57.15
TMB,EQ, 19-Jun-2026,780.6,780.6,788.45,768.45,786.0,780.6,778.74,192839,1501.71,8039, 82940, 43.01
UCOBANK,EQ, 19-Jun-2026,27.99,27.92,27.92,27.45,27.67,27.58,27.58,10035499,2767.79,19965, 3041589, 30.31
UJJIVANSFB,EQ, 19-Jun-2026,58.62,58.52,58.84,57.02,57.32,57.27,57.7,6884920,3972.48,26317, 3357672, 48.77
UNIONBANK,EQ, 19-Jun-2026,176.12,176.1,176.69,174.5,175.85,175.76,175.62,11232086,19726.17,48906, 5159739, 45.94
UTKARSHBNK,EQ, 19-Jun-2026,15.02,15.19,15.3,14.67,14.8,14.79,15.02,13778301,2068.93,16350, 5183374, 37.62
YESBANK,EQ, 19-Jun-2026,25.48,25.43,25.6,25.25,25.42,25.41,25.44,132491220,33704.37,97401, 53111710, 40.09
AUBANK,EQ, 19-Jun-2026,1025.35,1024.1,1042.0,1017.05,1034.45,1033.05,1033.06,1437168,14846.76,38002, 797391, 55.48
AXISBANK,EQ, 19-Jun-2026,1360.1,1356.8,1363.0,1350.5,1360.1,1357.9,1356.27,4640277,62934.53,89926, 3411791, 73.53
BANDHANBNK,EQ, 19-Jun-2026,214.28,214.0,214.0,207.01,207.9,208.09,209.53,7902818,16558.77,45557, 3072733, 38.88
BANKBARODA,EQ, 19-Jun-2026,283.0,281.95,282.5,278.1,281.0,281.05,280.51,4914684,13786.42,37939, 2011963, 40.94
BANKINDIA,EQ, 19-Jun-2026,147.67,147.4,147.44,145.3,146.46,146.57,146.14,10500090,15344.79,34306, 5511291, 52.49
CANBK,EQ, 19-Jun-2026,134.97,134.95,134.95,133.1,133.67,133.74,133.89,16485585,22072.06,57981, 9259012, 56.16
CAPITALSFB,EQ, 19-Jun-2026,291.0,290.0,291.25,285.0,286.35,285.5,286.56,21038,60.29,815, 11331, 53.86
CENTRALBK,EQ, 19-Jun-2026,33.1,33.18,33.31,32.45,32.87,32.84,32.85,17618631,5787.72,28535, 8705981, 49.41
CSBBANK,EQ, 19-Jun-2026,367.5,368.1,369.4,360.0,364.15,365.5,364.68,392402,1431.0,12700, 216474, 55.17
CUB,EQ, 19-Jun-2026,198.35,198.0,201.25,196.0,196.4,196.65,197.48,1253441,2475.31,22976, 711005, 56.72
DCBBANK,EQ, 19-Jun-2026,185.97,184.12,187.29,182.5,185.5,184.59,184.55,729086,1345.52,9820, 371910, 51.01
DHANBANK,EQ, 19-Jun-2026,34.06,33.98,34.8,33.55,34.21,34.31,34.14,1926409,657.7,6810, 1029177, 53.42
EQUITASBNK,EQ, 19-Jun-2026,77.7,77.1,78.4,76.45,77.21,77.25,77.35,3156614,2441.5,22331, 1574299, 49.87
ESAFSFB,EQ, 19-Jun-2026,32.02,32.5,36.7,31.76,36.5,36.33,35.53,20668329,7343.97,53043, 3864699, 18.70
FEDERALBNK,EQ, 19-Jun-2026,320.45,320.0,324.9,319.05,324.0,323.95,322.29,7763307,25020.25,40406, 4761724, 61.34
FINOPB,EQ, 19-Jun-2026,157.27,158.62,161.72,154.69,156.3,156.21,157.13,837869,1316.57,9983, 219690, 26.22
HDFCBANK,EQ, 19-Jun-2026,799.0,788.7,789.05,776.2,781.0,779.8,780.8,33798761,263899.48,342920, 21270632, 62.93
ICICIBANK,EQ, 19-Jun-2026,1342.3,1340.5,1352.3,1332.0,1347.8,1346.5,1346.35,9057322,121943.68,141850, 5876183, 64.88
IDBI,EQ, 19-Jun-2026,84.62,84.65,85.2,82.57,83.12,82.98,83.71,22635586,18948.11,71363, 6087481, 26.89
IDFCFIRSTB,EQ, 19-Jun-2026,78.09,77.93,78.93,77.54,78.6,78.68,78.4,17050266,13366.66,54525, 8005820, 46.95
INDIANB,EQ, 19-Jun-2026,875.7,875.05,878.8,867.3,870.05,870.1,872.04,1460346,12734.84,30653, 904089, 61.91
INDUSINDBK,EQ, 19-Jun-2026,938.75,938.5,950.55,931.2,943.95,947.45,945.02,6521623,61630.54,50157, 4396070, 67.41
IOB,EQ, 19-Jun-2026,35.23,35.19,35.28,34.75,35.21,35.09,35.0,4843466,1695.44,15735, 1705685, 35.22
J&KBANK,EQ, 19-Jun-2026,162.9,162.9,166.23,162.02,164.0,163.56,163.85,3046354,4991.32,25759, 1406462, 46.17
JSFB,EQ, 19-Jun-2026,471.4,471.4,474.0,455.05,459.95,460.1,463.2,454193,2103.84,8696, 281257, 61.92
KARURVYSYA,EQ, 19-Jun-2026,296.75,295.75,298.15,288.7,292.4,291.75,291.58,1874712,5466.26,35532, 1032791, 55.09
KOTAKBANK,EQ, 19-Jun-2026,402.95,402.5,403.55,398.0,399.5,399.25,399.73,17504009,69968.11,144218, 12469314, 71.24
KTKBANK,EQ, 19-Jun-2026,277.9,278.15,281.5,273.95,275.0,274.7,276.73,1162649,3217.35,14350, 484465, 41.67
MAHABANK,EQ, 19-Jun-2026,89.5,89.4,90.5,88.9,90.26,90.19,89.8,14248205,12795.46,48773, 6817089, 47.85
PNB,EQ, 19-Jun-2026,109.58,109.0,109.48,108.3,108.74,108.77,108.76,13771644,14977.85,38371, 6808036, 49.44
PSB,EQ, 19-Jun-2026,25.15,25.1,25.25,24.85,25.05,25.09,25.04,1900659,476.0,5971, 853923, 44.93
RBLBANK,EQ, 19-Jun-2026,369.25,370.2,379.9,367.5,379.85,378.85,375.14,9737378,36528.8,63738, 3993040, 41.01
SBIN,EQ, 19-Jun-2026,1042.7,1042.0,1042.0,1029.3,1036.0,1035.1,1034.62,9099878,94149.0,116893, 5638770, 61.97
SOUTHBANK,EQ, 19-Jun-2026,48.49,48.5,49.15,48.05,48.48,48.46,48.55,14135084,6861.89,36042, 5077173, 35.92
SURYODAY,EQ, 19-Jun-2026,173.43,173.19,175.8,169.5,174.76,175.09,172.63,928246,1602.46,11264, 530493, 57.15
TMB,EQ, 19-Jun-2026,780.6,780.6,788.45,768.45,786.0,780.6,778.74,192839,1501.71,8039, 82940, 43.01
UCOBANK,EQ, 19-Jun-2026,27.99,27.92,27.92,27.45,27.67,27.58,27.58,10035499,2767.79,19965, 3041589, 30.31
UJJIVANSFB,EQ, 19-Jun-2026,58.62,58.52,58.84,57.02,57.32,57.27,57.7,6884920,3972.48,26317, 3357672, 48.77
UNIONBANK,EQ, 19-Jun-2026,176.12,176.1,176.69,174.5,175.85,175.76,175.62,11232086,19726.17,48906, 5159739, 45.94
UTKARSHBNK,EQ, 19-Jun-2026,15.02,15.19,15.3,14.67,14.8,14.79,15.02,13778301,2068.93,16350, 5183374, 37.62
YESBANK,EQ, 19-Jun-2026,25.48,25.43,25.6,25.25,25.42,25.41,25.44,132491220,33704.37,97401, 53111710, 40.09
AUBANK,EQ, 22-Jun-2026,1033.05,1034.05,1051.0,1023.25,1040.0,1045.05,1039.41,1760276,18296.52,51846, 1222092, 69.43
AXISBANK,EQ, 22-Jun-2026,1357.9,1361.0,1366.1,1355.2,1357.5,1358.6,1360.86,3153284,42911.77,77458, 1811196, 57.44
BANDHANBNK,EQ, 22-Jun-2026,208.09,209.0,210.77,206.96,206.96,208.33,208.77,2910957,6077.08,22985, 1174979, 40.36
BANKBARODA,EQ, 22-Jun-2026,281.05,282.0,286.5,280.4,285.85,286.05,284.51,10870558,30928.11,70205, 6661074, 61.28
BANKINDIA,EQ, 22-Jun-2026,146.57,146.6,147.26,145.25,146.03,146.09,145.82,7688929,11211.73,33800, 3918814, 50.97
CANBK,EQ, 22-Jun-2026,133.74,133.85,135.0,133.64,134.85,134.82,134.33,17955985,24120.03,84740, 9874918, 55.00
CAPITALSFB,EQ, 22-Jun-2026,285.5,286.35,291.25,282.05,283.95,282.75,284.74,19732,56.19,709, 13670, 69.28
CENTRALBK,EQ, 22-Jun-2026,32.84,32.96,33.3,32.89,33.01,33.03,33.06,11695816,3866.07,21333, 5257888, 44.96
CSBBANK,EQ, 22-Jun-2026,365.5,366.1,367.9,362.25,362.5,363.7,364.52,185193,675.07,7191, 109794, 59.29
CUB,EQ, 22-Jun-2026,196.65,196.65,199.05,194.55,197.3,197.95,196.8,1185375,2332.77,19589, 489553, 41.30
DCBBANK,EQ, 22-Jun-2026,184.59,184.59,188.0,184.59,188.0,187.22,186.69,944817,1763.87,10644, 601947, 63.71
DHANBANK,EQ, 22-Jun-2026,34.31,34.5,35.06,34.08,34.55,34.69,34.63,1995091,690.94,7418, 986890, 49.47
EQUITASBNK,EQ, 22-Jun-2026,77.25,77.3,78.12,76.46,76.51,76.57,77.14,1604577,1237.75,11753, 886279, 55.23
ESAFSFB,EQ, 22-Jun-2026,36.33,36.79,37.2,34.12,35.27,35.25,35.76,3342214,1195.25,11686, 1087733, 32.55
FEDERALBNK,EQ, 22-Jun-2026,323.95,323.95,323.95,321.7,323.8,323.4,323.07,4903566,15841.73,43413, 3228068, 65.83
FINOPB,EQ, 22-Jun-2026,156.21,156.8,157.58,151.21,154.8,155.35,154.33,542178,836.74,6460, 207766, 38.32
HDFCBANK,EQ, 22-Jun-2026,779.8,789.9,789.9,783.1,785.6,786.4,786.71,25194765,198208.94,257091, 17480801, 69.38
ICICIBANK,EQ, 22-Jun-2026,1346.5,1353.0,1362.7,1348.4,1351.0,1352.4,1355.63,4814845,65271.49,111040, 2714882, 56.39
IDBI,EQ, 22-Jun-2026,82.98,83.36,89.4,83.05,87.5,87.65,87.27,83820771,73151.9,176274, 11439645, 13.65
IDFCFIRSTB,EQ, 22-Jun-2026,78.68,78.68,81.46,78.43,80.55,80.69,80.21,44256995,35499.83,107476, 22487049, 50.81
INDIANB,EQ, 22-Jun-2026,870.1,873.0,875.0,858.0,862.0,861.1,862.68,1196004,10317.74,31799, 636855, 53.25
INDUSINDBK,EQ, 22-Jun-2026,947.45,947.0,947.0,913.9,918.85,921.05,931.15,3031578,28228.4,66123, 1801045, 59.41
IOB,EQ, 22-Jun-2026,35.09,35.2,35.58,34.92,35.4,35.38,35.26,3988677,1406.35,16839, 1346386, 33.76
J&KBANK,EQ, 22-Jun-2026,163.56,164.95,165.99,161.0,162.6,162.35,163.36,2161544,3531.14,27876, 996988, 46.12
JSFB,EQ, 22-Jun-2026,460.1,466.3,466.3,453.5,460.35,461.2,459.86,805819,3705.62,13479, 486222, 60.34
KARURVYSYA,EQ, 22-Jun-2026,291.75,294.0,296.9,290.0,295.5,295.7,293.3,1321319,3875.47,24540, 696957, 52.75
KOTAKBANK,EQ, 22-Jun-2026,399.25,399.25,403.1,398.75,401.2,402.15,401.07,7158956,28712.28,135332, 5084799, 71.03
KTKBANK,EQ, 22-Jun-2026,274.7,275.1,277.0,272.2,274.2,274.25,274.67,1453297,3991.7,24356, 649744, 44.71
MAHABANK,EQ, 22-Jun-2026,90.19,90.64,90.69,88.92,89.4,89.47,89.59,9397466,8419.06,41916, 3974625, 42.29
PNB,EQ, 22-Jun-2026,108.77,108.9,109.94,108.62,109.7,109.8,109.36,13513267,14778.05,54305, 7870728, 58.24
PSB,EQ, 22-Jun-2026,25.09,25.85,25.85,25.0,25.05,25.07,25.23,2081153,525.1,6288, 1000854, 48.09
RBLBANK,EQ, 22-Jun-2026,378.85,380.35,381.7,374.3,377.15,378.5,378.73,7167784,27146.69,56850, 4059965, 56.64
SBIN,EQ, 22-Jun-2026,1035.1,1038.0,1043.0,1033.6,1041.0,1040.75,1038.0,6209440,64453.81,139617, 3514102, 56.59
SOUTHBANK,EQ, 22-Jun-2026,48.46,48.7,48.74,46.21,46.68,46.68,47.22,18373269,8676.4,38903, 8796429, 47.88
SURYODAY,EQ, 22-Jun-2026,175.09,174.22,177.19,170.99,175.1,175.17,174.03,955557,1662.95,14096, 530615, 55.53
TMB,EQ, 22-Jun-2026,780.6,781.0,783.45,765.0,770.0,768.35,773.34,144098,1114.37,6827, 71013, 49.28
UCOBANK,EQ, 22-Jun-2026,27.58,27.78,27.94,27.46,27.52,27.57,27.67,8184209,2264.51,18631, 2532879, 30.95
UJJIVANSFB,EQ, 22-Jun-2026,57.27,57.3,57.76,56.49,56.6,56.7,57.05,6072723,3464.31,46312, 3172229, 52.24
UNIONBANK,EQ, 22-Jun-2026,175.76,175.8,176.8,174.06,176.68,176.62,175.77,8516217,14969.11,48361, 4119319, 48.37
UTKARSHBNK,EQ, 22-Jun-2026,14.79,14.93,15.16,14.69,14.7,14.74,14.89,6217203,925.51,8739, 2896901, 46.59
YESBANK,EQ, 22-Jun-2026,25.41,25.5,25.56,24.93,24.95,24.96,25.14,142168889,35735.62,97576, 76420301, 53.75
AUBANK,EQ, 23-Jun-2026,1045.05,1045.05,1046.05,1022.05,1027.25,1026.35,1029.47,1006827,10365.0,40180, 594235, 59.02
AXISBANK,EQ, 23-Jun-2026,1358.6,1358.6,1371.9,1356.1,1358.0,1363.5,1364.57,5745853,78406.37,96452, 3298871, 57.41
BANDHANBNK,EQ, 23-Jun-2026,208.33,209.9,210.34,204.27,206.95,207.12,207.17,5936152,12297.68,42065, 2743517, 46.22
BANKBARODA,EQ, 23-Jun-2026,286.05,287.0,287.2,276.9,277.65,277.8,281.03,9673161,27184.8,63566, 4690593, 48.49
BANKINDIA,EQ, 23-Jun-2026,146.09,146.09,146.4,143.44,144.07,144.51,144.61,10393055,15029.67,42743, 5633115, 54.20
CANBK,EQ, 23-Jun-2026,134.82,135.39,135.39,130.0,130.05,130.37,131.85,19091482,25173.04,109240, 9838743, 51.53
CAPITALSFB,EQ, 23-Jun-2026,282.75,288.3,288.3,281.3,283.4,282.45,283.65,24797,70.34,506, 18459, 74.44
CENTRALBK,EQ, 23-Jun-2026,33.03,33.15,33.2,32.4,32.43,32.5,32.68,6946855,2270.39,17590, 3713707, 53.46
CSBBANK,EQ, 23-Jun-2026,363.7,362.5,363.95,355.1,356.0,356.55,359.83,155339,558.95,7100, 85906, 55.30
CUB,EQ, 23-Jun-2026,197.95,197.95,200.6,195.75,197.35,198.3,198.59,1506292,2991.4,23020, 750464, 49.82
DCBBANK,EQ, 23-Jun-2026,187.22,187.99,190.4,184.5,184.62,184.83,186.48,735854,1372.25,11301, 384200, 52.21
DHANBANK,EQ, 23-Jun-2026,34.69,34.8,34.9,33.85,34.02,34.55,34.45,1299969,447.9,4591, 615497, 47.35
EQUITASBNK,EQ, 23-Jun-2026,76.57,76.6,78.0,75.71,76.8,77.08,77.22,2324439,1795.0,24638, 1143445, 49.19
ESAFSFB,EQ, 23-Jun-2026,35.25,35.4,36.38,33.8,34.1,33.98,34.97,2110891,738.2,8252, 800304, 37.91
FEDERALBNK,EQ, 23-Jun-2026,323.4,323.4,324.3,319.0,319.8,319.9,321.39,5809450,18671.03,60861, 3869927, 66.61
FINOPB,EQ, 23-Jun-2026,155.35,156.0,157.9,149.76,150.11,151.66,152.5,378000,576.44,5240, 146798, 38.84
HDFCBANK,EQ, 23-Jun-2026,786.4,783.05,790.9,772.55,772.6,774.65,781.94,28289062,221202.97,273325, 15568384, 55.03
ICICIBANK,EQ, 23-Jun-2026,1352.4,1358.0,1369.1,1331.5,1335.5,1338.3,1352.91,11884879,160791.4,166170, 6420307, 54.02
IDBI,EQ, 23-Jun-2026,87.65,88.0,88.14,85.3,85.77,85.96,86.54,17541586,15180.74,45054, 3742578, 21.34
IDFCFIRSTB,EQ, 23-Jun-2026,80.69,80.49,80.65,78.16,78.71,78.75,79.01,36248907,28641.71,75958, 19810004, 54.65
INDIANB,EQ, 23-Jun-2026,861.1,866.95,867.15,845.0,846.0,846.4,850.85,1789120,15222.78,37161, 1069291, 59.77
INDUSINDBK,EQ, 23-Jun-2026,921.05,923.0,924.0,902.8,903.2,905.45,909.92,1163601,10587.87,37563, 581313, 49.96
IOB,EQ, 23-Jun-2026,35.38,35.38,35.49,34.9,34.97,34.95,35.0,4175007,1461.4,11063, 2348401, 56.25
J&KBANK,EQ, 23-Jun-2026,162.35,162.9,163.49,159.0,159.7,160.2,161.07,2167200,3490.73,29318, 1032687, 47.65
JSFB,EQ, 23-Jun-2026,461.2,461.2,465.0,457.85,461.5,461.95,460.51,335858,1546.66,6003, 241644, 71.95
KARURVYSYA,EQ, 23-Jun-2026,295.7,296.9,296.9,291.5,293.0,294.55,294.61,1508742,4444.85,30043, 829467, 54.98
KOTAKBANK,EQ, 23-Jun-2026,402.15,398.0,405.0,398.0,401.65,401.65,401.99,10077909,40511.85,93188, 6690702, 66.39
KTKBANK,EQ, 23-Jun-2026,274.25,274.2,275.4,268.0,268.25,269.0,270.21,1638000,4426.1,22709, 695487, 42.46
MAHABANK,EQ, 23-Jun-2026,89.47,89.47,89.85,87.22,87.59,87.89,88.22,8839236,7797.77,39471, 4311562, 48.78
PNB,EQ, 23-Jun-2026,109.8,109.8,109.86,107.11,107.48,107.43,107.81,15817094,17052.24,58060, 7962355, 50.34
PSB,EQ, 23-Jun-2026,25.07,25.1,25.22,24.42,24.75,24.84,24.78,1801892,446.58,6641, 801517, 44.48
RBLBANK,EQ, 23-Jun-2026,378.5,378.5,378.5,368.25,371.8,371.25,372.06,7466106,27778.2,53146, 4627673, 61.98
SBIN,EQ, 23-Jun-2026,1040.75,1041.0,1045.5,1022.35,1023.6,1024.2,1030.97,10411004,107334.4,162889, 4751867, 45.64
SOUTHBANK,EQ, 23-Jun-2026,46.68,46.68,47.0,45.65,45.77,45.82,45.99,13276313,6106.16,42123, 5682746, 42.80
SURYODAY,EQ, 23-Jun-2026,175.17,176.45,178.0,171.0,171.05,171.81,174.04,344015,598.73,6404, 208313, 60.55
TMB,EQ, 23-Jun-2026,768.35,770.5,770.75,755.55,764.7,759.15,762.56,89397,681.71,6311, 49682, 55.57
UCOBANK,EQ, 23-Jun-2026,27.57,27.6,27.75,26.73,26.93,26.85,27.11,6843422,1855.25,17341, 3057858, 44.68
UJJIVANSFB,EQ, 23-Jun-2026,56.7,56.7,56.98,55.83,56.13,56.07,56.26,6036030,3395.94,24056, 3254633, 53.92
UNIONBANK,EQ, 23-Jun-2026,176.62,176.68,176.95,173.86,175.02,175.12,174.93,22750233,39797.97,79213, 13804804, 60.68
UTKARSHBNK,EQ, 23-Jun-2026,14.74,14.84,14.89,14.2,14.28,14.28,14.48,4457367,645.26,7051, 2184371, 49.01
YESBANK,EQ, 23-Jun-2026,24.96,24.96,25.05,24.5,24.52,24.55,24.75,89225251,22081.15,81286, 39951526, 44.78
AUBANK,EQ, 24-Jun-2026,1026.35,1021.0,1073.0,1021.0,1072.9,1067.2,1060.36,4900913,51967.09,230880, 3158824, 64.45
AXISBANK,EQ, 24-Jun-2026,1363.5,1356.0,1386.1,1356.0,1384.0,1384.5,1378.64,8343829,115031.57,154703, 5871486, 70.37
BANDHANBNK,EQ, 24-Jun-2026,207.12,206.7,214.22,204.1,211.95,211.76,210.69,10287087,21674.06,88080, 4759418, 46.27
BANKBARODA,EQ, 24-Jun-2026,277.8,274.0,282.2,274.0,280.05,279.9,279.33,9376653,26191.81,48752, 4792598, 51.11
BANKINDIA,EQ, 24-Jun-2026,144.51,144.2,145.77,143.33,144.18,144.15,144.41,7017990,10134.97,39990, 3622494, 51.62
CANBK,EQ, 24-Jun-2026,130.37,130.46,131.17,129.2,130.15,130.15,130.25,19217828,25030.33,91443, 10098614, 52.55
CAPITALSFB,EQ, 24-Jun-2026,282.45,280.75,287.0,278.8,282.7,281.55,281.45,28602,80.5,891, 14729, 51.50
CENTRALBK,EQ, 24-Jun-2026,32.5,32.5,32.86,32.2,32.55,32.51,32.51,7439233,2418.14,15697, 2823823, 37.96
CSBBANK,EQ, 24-Jun-2026,356.55,353.1,356.55,341.55,342.55,343.75,347.25,1088496,3779.79,17895, 724551, 66.56
CUB,EQ, 24-Jun-2026,198.3,199.5,205.25,197.05,203.7,204.6,202.3,3584174,7250.92,39731, 1763522, 49.20
DCBBANK,EQ, 24-Jun-2026,184.83,184.04,187.0,183.05,185.5,185.56,185.37,694250,1286.9,9161, 344911, 49.68
DHANBANK,EQ, 24-Jun-2026,34.55,34.23,34.8,34.01,34.2,34.39,34.46,755047,260.17,2518, 394867, 52.30
EQUITASBNK,EQ, 24-Jun-2026,77.08,76.8,79.43,76.4,76.84,77.05,77.92,5034635,3922.9,24843, 2160753, 42.92
ESAFSFB,EQ, 24-Jun-2026,33.98,33.99,34.36,32.5,32.98,32.87,33.07,1471670,486.63,4584, 813898, 55.30
FEDERALBNK,EQ, 24-Jun-2026,319.9,319.5,327.0,318.2,325.45,325.2,324.29,9481304,30747.33,74748, 5671106, 59.81
FINOPB,EQ, 24-Jun-2026,151.66,152.0,154.5,149.03,150.42,149.89,151.35,294250,445.35,4031, 93260, 31.69
HDFCBANK,EQ, 24-Jun-2026,774.65,773.0,794.9,772.65,792.8,793.2,788.6,34701292,273652.91,320163, 21486006, 61.92
ICICIBANK,EQ, 24-Jun-2026,1338.3,1340.6,1377.6,1340.6,1373.0,1373.6,1369.98,16440708,225233.79,284060, 10967448, 66.71
IDBI,EQ, 24-Jun-2026,85.96,85.96,89.3,84.83,86.8,86.92,87.33,31354782,27381.69,83588, 3045935, 9.71
IDFCFIRSTB,EQ, 24-Jun-2026,78.75,78.42,79.6,78.33,79.26,79.2,79.06,14232020,11252.53,41969, 6256859, 43.96
INDIANB,EQ, 24-Jun-2026,846.4,852.0,855.95,842.0,842.25,843.65,848.09,1582412,13420.29,33459, 869155, 54.93
INDUSINDBK,EQ, 24-Jun-2026,905.45,904.05,933.9,900.15,929.65,927.6,921.37,1793188,16521.83,39095, 736887, 41.09
IOB,EQ, 24-Jun-2026,34.95,34.88,35.24,34.6,34.81,34.9,34.9,2522203,880.26,8741, 743545, 29.48
J&KBANK,EQ, 24-Jun-2026,160.2,159.5,161.49,157.61,159.6,159.55,160.04,3291038,5266.98,34043, 1869036, 56.79
JSFB,EQ, 24-Jun-2026,461.95,455.0,464.6,453.6,462.0,460.95,459.53,453814,2085.42,6288, 309484, 68.20
KARURVYSYA,EQ, 24-Jun-2026,294.55,292.5,295.65,289.3,294.7,294.95,293.22,1606182,4709.66,30125, 930633, 57.94
KOTAKBANK,EQ, 24-Jun-2026,401.65,401.65,407.95,400.2,406.5,405.95,405.87,11768059,47763.09,118690, 7174258, 60.96
KTKBANK,EQ, 24-Jun-2026,269.0,268.0,270.75,264.4,265.5,265.15,266.61,1683856,4489.4,22516, 1017887, 60.45
MAHABANK,EQ, 24-Jun-2026,87.89,87.8,89.31,87.59,88.62,88.53,88.52,8328152,7372.37,39771, 4049654, 48.63
PNB,EQ, 24-Jun-2026,107.43,107.5,108.23,106.54,107.75,107.71,107.57,11005634,11839.22,38856, 4306002, 39.13
PSB,EQ, 24-Jun-2026,24.84,24.84,25.22,24.56,25.06,25.01,24.94,1235781,308.17,4897, 364310, 29.48
RBLBANK,EQ, 24-Jun-2026,371.25,371.75,378.75,370.35,377.5,377.05,374.6,7766931,29094.58,66488, 4054145, 52.20
SBIN,EQ, 24-Jun-2026,1024.2,1024.0,1044.5,1020.5,1034.5,1034.6,1035.57,11724076,121411.08,161067, 6130453, 52.29
SOUTHBANK,EQ, 24-Jun-2026,45.82,45.8,45.97,44.91,45.89,45.7,45.46,10525410,4784.62,39627, 3555602, 33.78
SURYODAY,EQ, 24-Jun-2026,171.81,171.84,174.77,169.29,174.0,173.47,171.71,433354,744.12,7174, 236136, 54.49
TMB,EQ, 24-Jun-2026,759.15,766.9,779.85,760.25,763.95,763.45,766.19,100536,770.3,7411, 31925, 31.75
UCOBANK,EQ, 24-Jun-2026,26.85,26.86,27.58,26.65,27.09,27.11,27.17,7233661,1965.62,17102, 1677989, 23.20
UJJIVANSFB,EQ, 24-Jun-2026,56.07,56.13,57.57,55.41,57.45,57.22,56.63,9456136,5354.68,37882, 4849617, 51.29
UNIONBANK,EQ, 24-Jun-2026,175.12,175.02,176.0,174.1,175.0,174.83,174.87,13079969,22873.54,36727, 7409752, 56.65
UTKARSHBNK,EQ, 24-Jun-2026,14.28,14.44,15.32,14.09,14.9,14.87,14.86,21627950,3212.93,47531, 6298868, 29.12
YESBANK,EQ, 24-Jun-2026,24.55,24.55,25.07,24.55,24.97,24.94,24.92,117169271,29197.05,87876, 42051860, 35.89
AUBANK,EQ, 25-Jun-2026,1067.2,1079.15,1079.2,1031.4,1038.8,1033.85,1047.67,2267362,23754.44,103879, 1126664, 49.69
AXISBANK,EQ, 25-Jun-2026,1384.5,1386.9,1400.1,1372.7,1377.2,1377.2,1385.56,7995552,110783.5,194167, 4920117, 61.54
BANDHANBNK,EQ, 25-Jun-2026,211.76,212.65,213.59,197.5,202.15,201.76,202.37,31399294,63543.22,159457, 9441724, 30.07
BANKBARODA,EQ, 25-Jun-2026,279.9,282.4,282.4,278.0,279.5,279.15,279.72,10406847,29110.27,53258, 5539953, 53.23
BANKINDIA,EQ, 25-Jun-2026,144.15,145.36,146.1,144.17,144.6,144.72,144.99,6879658,9974.5,25373, 3446062, 50.09
CANBK,EQ, 25-Jun-2026,130.15,130.97,131.1,128.01,129.27,128.95,129.25,40872336,52827.16,125367, 24232862, 59.29
CAPITALSFB,EQ, 25-Jun-2026,281.55,286.95,286.95,279.1,281.25,280.1,281.71,19730,55.58,685, 12720, 64.47
CENTRALBK,EQ, 25-Jun-2026,32.51,32.62,32.78,32.12,32.22,32.2,32.47,8454156,2745.48,16361, 4073568, 48.18
CSBBANK,EQ, 25-Jun-2026,343.75,345.95,347.0,321.8,324.0,324.6,328.81,1829848,6016.76,36747, 1029417, 56.26
CUB,EQ, 25-Jun-2026,204.6,206.15,206.9,196.75,200.1,198.85,201.37,3879534,7812.24,52101, 2150432, 55.43
DCBBANK,EQ, 25-Jun-2026,185.56,185.56,190.8,185.39,185.54,186.15,187.38,1408463,2639.16,13743, 781870, 55.51
DHANBANK,EQ, 25-Jun-2026,34.39,34.27,34.68,31.75,32.05,32.0,32.78,2605407,854.17,8674, 1494531, 57.36
EQUITASBNK,EQ, 25-Jun-2026,77.05,77.65,77.87,73.82,75.39,75.14,75.28,3308235,2490.48,28085, 1632867, 49.36
ESAFSFB,EQ, 25-Jun-2026,32.87,33.0,33.5,32.5,32.55,32.94,32.9,684521,225.21,2044, 367579, 53.70
FEDERALBNK,EQ, 25-Jun-2026,325.2,326.7,326.7,322.65,323.4,324.05,324.17,6310533,20456.83,66583, 3744121, 59.33
FINOPB,EQ, 25-Jun-2026,149.89,150.1,152.89,144.9,147.01,146.6,148.48,285473,423.88,4604, 123755, 43.35
HDFCBANK,EQ, 25-Jun-2026,793.2,798.5,804.45,794.75,796.0,796.3,799.35,46707966,373361.69,467329, 30031159, 64.30
ICICIBANK,EQ, 25-Jun-2026,1373.6,1381.9,1404.0,1380.1,1387.0,1387.5,1390.64,17173209,238817.28,323911, 10490930, 61.09
IDBI,EQ, 25-Jun-2026,86.92,87.7,88.66,85.92,86.0,86.4,87.2,15735525,13721.49,45061, 3126884, 19.87
IDFCFIRSTB,EQ, 25-Jun-2026,79.2,79.26,80.29,79.12,79.39,79.22,79.56,13831461,11004.87,43546, 6168070, 44.59
INDIANB,EQ, 25-Jun-2026,843.65,849.9,851.0,831.0,835.0,832.6,836.69,2035820,17033.51,33126, 1379574, 67.77
INDUSINDBK,EQ, 25-Jun-2026,927.6,933.0,936.9,915.5,917.4,918.95,927.3,1469160,13623.47,38398, 672624, 45.78
IOB,EQ, 25-Jun-2026,34.9,35.0,35.14,34.33,34.45,34.47,34.73,2379791,826.53,9369, 1031074, 43.33
J&KBANK,EQ, 25-Jun-2026,159.55,160.34,161.31,157.6,158.35,158.4,158.47,3072094,4868.33,54541, 1678742, 54.64
JSFB,EQ, 25-Jun-2026,460.95,461.0,463.8,446.65,447.0,448.5,454.2,413649,1878.8,5083, 284548, 68.79
KARURVYSYA,EQ, 25-Jun-2026,294.95,295.0,295.85,290.0,290.0,290.5,292.35,1236007,3613.5,27434, 726044, 58.74
KOTAKBANK,EQ, 25-Jun-2026,405.95,409.5,413.8,407.2,409.75,409.0,410.15,16587414,68032.65,147722, 9697703, 58.46
KTKBANK,EQ, 25-Jun-2026,265.15,267.0,270.35,263.7,265.15,265.6,265.76,1223754,3252.3,16475, 695698, 56.85
MAHABANK,EQ, 25-Jun-2026,88.53,89.4,89.4,88.0,88.79,88.71,88.76,11685001,10371.04,50335, 5193518, 44.45
PNB,EQ, 25-Jun-2026,107.71,108.6,109.0,107.54,107.91,107.87,108.23,17863177,19333.52,49795, 9361060, 52.40
PSB,EQ, 25-Jun-2026,25.01,25.1,25.16,24.56,24.64,24.63,24.83,1286639,319.52,3544, 570967, 44.38
RBLBANK,EQ, 25-Jun-2026,377.05,381.0,381.0,369.9,373.65,371.05,375.84,5145366,19338.45,36105, 2400956, 46.66
SBIN,EQ, 25-Jun-2026,1034.6,1040.0,1055.4,1038.55,1045.2,1045.4,1048.87,16002360,167844.22,268790, 8608658, 53.80
SOUTHBANK,EQ, 25-Jun-2026,45.7,46.0,46.7,45.1,45.45,45.41,45.75,12191719,5577.18,40323, 5382399, 44.15
SURYODAY,EQ, 25-Jun-2026,173.47,174.39,175.87,170.79,171.5,171.98,172.89,390025,674.32,7776, 231075, 59.25
TMB,EQ, 25-Jun-2026,763.45,763.95,768.4,729.75,732.5,732.6,741.28,291372,2159.88,12808, 169883, 58.30
UCOBANK,EQ, 25-Jun-2026,27.11,27.09,27.33,27.0,27.18,27.16,27.17,5972740,1623.07,12029, 2202497, 36.88
UJJIVANSFB,EQ, 25-Jun-2026,57.22,57.7,58.09,55.81,56.11,56.14,56.82,6261660,3557.8,31824, 3080552, 49.20
UNIONBANK,EQ, 25-Jun-2026,174.83,175.5,176.58,174.3,174.56,174.71,175.18,12437646,21788.02,44291, 5242249, 42.15
UTKARSHBNK,EQ, 25-Jun-2026,14.87,14.87,15.14,14.46,14.57,14.52,14.73,7742037,1140.35,10907, 3357427, 43.37
YESBANK,EQ, 25-Jun-2026,24.94,25.06,25.15,24.77,24.8,24.87,24.94,86623878,21605.56,75831, 32335734, 37.33
AUBANK,EQ, 25-Jun-2026,1067.2,1079.15,1079.2,1031.4,1038.8,1033.85,1047.67,2267362,23754.44,103879, 1126664, 49.69
AXISBANK,EQ, 25-Jun-2026,1384.5,1386.9,1400.1,1372.7,1377.2,1377.2,1385.56,7995552,110783.5,194167, 4920117, 61.54
BANDHANBNK,EQ, 25-Jun-2026,211.76,212.65,213.59,197.5,202.15,201.76,202.37,31399294,63543.22,159457, 9441724, 30.07
BANKBARODA,EQ, 25-Jun-2026,279.9,282.4,282.4,278.0,279.5,279.15,279.72,10406847,29110.27,53258, 5539953, 53.23
BANKINDIA,EQ, 25-Jun-2026,144.15,145.36,146.1,144.17,144.6,144.72,144.99,6879658,9974.5,25373, 3446062, 50.09
CANBK,EQ, 25-Jun-2026,130.15,130.97,131.1,128.01,129.27,128.95,129.25,40872336,52827.16,125367, 24232862, 59.29
CAPITALSFB,EQ, 25-Jun-2026,281.55,286.95,286.95,279.1,281.25,280.1,281.71,19730,55.58,685, 12720, 64.47
CENTRALBK,EQ, 25-Jun-2026,32.51,32.62,32.78,32.12,32.22,32.2,32.47,8454156,2745.48,16361, 4073568, 48.18
CSBBANK,EQ, 25-Jun-2026,343.75,345.95,347.0,321.8,324.0,324.6,328.81,1829848,6016.76,36747, 1029417, 56.26
CUB,EQ, 25-Jun-2026,204.6,206.15,206.9,196.75,200.1,198.85,201.37,3879534,7812.24,52101, 2150432, 55.43
DCBBANK,EQ, 25-Jun-2026,185.56,185.56,190.8,185.39,185.54,186.15,187.38,1408463,2639.16,13743, 781870, 55.51
DHANBANK,EQ, 25-Jun-2026,34.39,34.27,34.68,31.75,32.05,32.0,32.78,2605407,854.17,8674, 1494531, 57.36
EQUITASBNK,EQ, 25-Jun-2026,77.05,77.65,77.87,73.82,75.39,75.14,75.28,3308235,2490.48,28085, 1632867, 49.36
ESAFSFB,EQ, 25-Jun-2026,32.87,33.0,33.5,32.5,32.55,32.94,32.9,684521,225.21,2044, 367579, 53.70
FEDERALBNK,EQ, 25-Jun-2026,325.2,326.7,326.7,322.65,323.4,324.05,324.17,6310533,20456.83,66583, 3744121, 59.33
FINOPB,EQ, 25-Jun-2026,149.89,150.1,152.89,144.9,147.01,146.6,148.48,285473,423.88,4604, 123755, 43.35
HDFCBANK,EQ, 25-Jun-2026,793.2,798.5,804.45,794.75,796.0,796.3,799.35,46707966,373361.69,467329, 30031159, 64.30
ICICIBANK,EQ, 25-Jun-2026,1373.6,1381.9,1404.0,1380.1,1387.0,1387.5,1390.64,17173209,238817.28,323911, 10490930, 61.09
IDBI,EQ, 25-Jun-2026,86.92,87.7,88.66,85.92,86.0,86.4,87.2,15735525,13721.49,45061, 3126884, 19.87
IDFCFIRSTB,EQ, 25-Jun-2026,79.2,79.26,80.29,79.12,79.39,79.22,79.56,13831461,11004.87,43546, 6168070, 44.59
INDIANB,EQ, 25-Jun-2026,843.65,849.9,851.0,831.0,835.0,832.6,836.69,2035820,17033.51,33126, 1379574, 67.77
INDUSINDBK,EQ, 25-Jun-2026,927.6,933.0,936.9,915.5,917.4,918.95,927.3,1469160,13623.47,38398, 672624, 45.78
IOB,EQ, 25-Jun-2026,34.9,35.0,35.14,34.33,34.45,34.47,34.73,2379791,826.53,9369, 1031074, 43.33
J&KBANK,EQ, 25-Jun-2026,159.55,160.34,161.31,157.6,158.35,158.4,158.47,3072094,4868.33,54541, 1678742, 54.64
JSFB,EQ, 25-Jun-2026,460.95,461.0,463.8,446.65,447.0,448.5,454.2,413649,1878.8,5083, 284548, 68.79
KARURVYSYA,EQ, 25-Jun-2026,294.95,295.0,295.85,290.0,290.0,290.5,292.35,1236007,3613.5,27434, 726044, 58.74
KOTAKBANK,EQ, 25-Jun-2026,405.95,409.5,413.8,407.2,409.75,409.0,410.15,16587414,68032.65,147722, 9697703, 58.46
KTKBANK,EQ, 25-Jun-2026,265.15,267.0,270.35,263.7,265.15,265.6,265.76,1223754,3252.3,16475, 695698, 56.85
MAHABANK,EQ, 25-Jun-2026,88.53,89.4,89.4,88.0,88.79,88.71,88.76,11685001,10371.04,50335, 5193518, 44.45
PNB,EQ, 25-Jun-2026,107.71,108.6,109.0,107.54,107.91,107.87,108.23,17863177,19333.52,49795, 9361060, 52.40
PSB,EQ, 25-Jun-2026,25.01,25.1,25.16,24.56,24.64,24.63,24.83,1286639,319.52,3544, 570967, 44.38
RBLBANK,EQ, 25-Jun-2026,377.05,381.0,381.0,369.9,373.65,371.05,375.84,5145366,19338.45,36105, 2400956, 46.66
SBIN,EQ, 25-Jun-2026,1034.6,1040.0,1055.4,1038.55,1045.2,1045.4,1048.87,16002360,167844.22,268790, 8608658, 53.80
SOUTHBANK,EQ, 25-Jun-2026,45.7,46.0,46.7,45.1,45.45,45.41,45.75,12191719,5577.18,40323, 5382399, 44.15
SURYODAY,EQ, 25-Jun-2026,173.47,174.39,175.87,170.79,171.5,171.98,172.89,390025,674.32,7776, 231075, 59.25
TMB,EQ, 25-Jun-2026,763.45,763.95,768.4,729.75,732.5,732.6,741.28,291372,2159.88,12808, 169883, 58.30
UCOBANK,EQ, 25-Jun-2026,27.11,27.09,27.33,27.0,27.18,27.16,27.17,5972740,1623.07,12029, 2202497, 36.88
UJJIVANSFB,EQ, 25-Jun-2026,57.22,57.7,58.09,55.81,56.11,56.14,56.82,6261660,3557.8,31824, 3080552, 49.20
UNIONBANK,EQ, 25-Jun-2026,174.83,175.5,176.58,174.3,174.56,174.71,175.18,12437646,21788.02,44291, 5242249, 42.15
UTKARSHBNK,EQ, 25-Jun-2026,14.87,14.87,15.14,14.46,14.57,14.52,14.73,7742037,1140.35,10907, 3357427, 43.37
YESBANK,EQ, 25-Jun-2026,24.94,25.06,25.15,24.77,24.8,24.87,24.94,86623878,21605.56,75831, 32335734, 37.33
AUBANK,EQ, 25-Jun-2026,1067.2,1079.15,1079.2,1031.4,1038.8,1033.85,1047.67,2267362,23754.44,103879, 1126664, 49.69
AXISBANK,EQ, 25-Jun-2026,1384.5,1386.9,1400.1,1372.7,1377.2,1377.2,1385.56,7995552,110783.5,194167, 4920117, 61.54
BANDHANBNK,EQ, 25-Jun-2026,211.76,212.65,213.59,197.5,202.15,201.76,202.37,31399294,63543.22,159457, 9441724, 30.07
BANKBARODA,EQ, 25-Jun-2026,279.9,282.4,282.4,278.0,279.5,279.15,279.72,10406847,29110.27,53258, 5539953, 53.23
BANKINDIA,EQ, 25-Jun-2026,144.15,145.36,146.1,144.17,144.6,144.72,144.99,6879658,9974.5,25373, 3446062, 50.09
CANBK,EQ, 25-Jun-2026,130.15,130.97,131.1,128.01,129.27,128.95,129.25,40872336,52827.16,125367, 24232862, 59.29
CAPITALSFB,EQ, 25-Jun-2026,281.55,286.95,286.95,279.1,281.25,280.1,281.71,19730,55.58,685, 12720, 64.47
CENTRALBK,EQ, 25-Jun-2026,32.51,32.62,32.78,32.12,32.22,32.2,32.47,8454156,2745.48,16361, 4073568, 48.18
CSBBANK,EQ, 25-Jun-2026,343.75,345.95,347.0,321.8,324.0,324.6,328.81,1829848,6016.76,36747, 1029417, 56.26
CUB,EQ, 25-Jun-2026,204.6,206.15,206.9,196.75,200.1,198.85,201.37,3879534,7812.24,52101, 2150432, 55.43
DCBBANK,EQ, 25-Jun-2026,185.56,185.56,190.8,185.39,185.54,186.15,187.38,1408463,2639.16,13743, 781870, 55.51
DHANBANK,EQ, 25-Jun-2026,34.39,34.27,34.68,31.75,32.05,32.0,32.78,2605407,854.17,8674, 1494531, 57.36
EQUITASBNK,EQ, 25-Jun-2026,77.05,77.65,77.87,73.82,75.39,75.14,75.28,3308235,2490.48,28085, 1632867, 49.36
ESAFSFB,EQ, 25-Jun-2026,32.87,33.0,33.5,32.5,32.55,32.94,32.9,684521,225.21,2044, 367579, 53.70
FEDERALBNK,EQ, 25-Jun-2026,325.2,326.7,326.7,322.65,323.4,324.05,324.17,6310533,20456.83,66583, 3744121, 59.33
FINOPB,EQ, 25-Jun-2026,149.89,150.1,152.89,144.9,147.01,146.6,148.48,285473,423.88,4604, 123755, 43.35
HDFCBANK,EQ, 25-Jun-2026,793.2,798.5,804.45,794.75,796.0,796.3,799.35,46707966,373361.69,467329, 30031159, 64.30
ICICIBANK,EQ, 25-Jun-2026,1373.6,1381.9,1404.0,1380.1,1387.0,1387.5,1390.64,17173209,238817.28,323911, 10490930, 61.09
IDBI,EQ, 25-Jun-2026,86.92,87.7,88.66,85.92,86.0,86.4,87.2,15735525,13721.49,45061, 3126884, 19.87
IDFCFIRSTB,EQ, 25-Jun-2026,79.2,79.26,80.29,79.12,79.39,79.22,79.56,13831461,11004.87,43546, 6168070, 44.59
INDIANB,EQ, 25-Jun-2026,843.65,849.9,851.0,831.0,835.0,832.6,836.69,2035820,17033.51,33126, 1379574, 67.77
INDUSINDBK,EQ, 25-Jun-2026,927.6,933.0,936.9,915.5,917.4,918.95,927.3,1469160,13623.47,38398, 672624, 45.78
IOB,EQ, 25-Jun-2026,34.9,35.0,35.14,34.33,34.45,34.47,34.73,2379791,826.53,9369, 1031074, 43.33
J&KBANK,EQ, 25-Jun-2026,159.55,160.34,161.31,157.6,158.35,158.4,158.47,3072094,4868.33,54541, 1678742, 54.64
JSFB,EQ, 25-Jun-2026,460.95,461.0,463.8,446.65,447.0,448.5,454.2,413649,1878.8,5083, 284548, 68.79
KARURVYSYA,EQ, 25-Jun-2026,294.95,295.0,295.85,290.0,290.0,290.5,292.35,1236007,3613.5,27434, 726044, 58.74
KOTAKBANK,EQ, 25-Jun-2026,405.95,409.5,413.8,407.2,409.75,409.0,410.15,16587414,68032.65,147722, 9697703, 58.46
KTKBANK,EQ, 25-Jun-2026,265.15,267.0,270.35,263.7,265.15,265.6,265.76,1223754,3252.3,16475, 695698, 56.85
MAHABANK,EQ, 25-Jun-2026,88.53,89.4,89.4,88.0,88.79,88.71,88.76,11685001,10371.04,50335, 5193518, 44.45
PNB,EQ, 25-Jun-2026,107.71,108.6,109.0,107.54,107.91,107.87,108.23,17863177,19333.52,49795, 9361060, 52.40
PSB,EQ, 25-Jun-2026,25.01,25.1,25.16,24.56,24.64,24.63,24.83,1286639,319.52,3544, 570967, 44.38
RBLBANK,EQ, 25-Jun-2026,377.05,381.0,381.0,369.9,373.65,371.05,375.84,5145366,19338.45,36105, 2400956, 46.66
SBIN,EQ, 25-Jun-2026,1034.6,1040.0,1055.4,1038.55,1045.2,1045.4,1048.87,16002360,167844.22,268790, 8608658, 53.80
SOUTHBANK,EQ, 25-Jun-2026,45.7,46.0,46.7,45.1,45.45,45.41,45.75,12191719,5577.18,40323, 5382399, 44.15
SURYODAY,EQ, 25-Jun-2026,173.47,174.39,175.87,170.79,171.5,171.98,172.89,390025,674.32,7776, 231075, 59.25
TMB,EQ, 25-Jun-2026,763.45,763.95,768.4,729.75,732.5,732.6,741.28,291372,2159.88,12808, 169883, 58.30
UCOBANK,EQ, 25-Jun-2026,27.11,27.09,27.33,27.0,27.18,27.16,27.17,5972740,1623.07,12029, 2202497, 36.88
UJJIVANSFB,EQ, 25-Jun-2026,57.22,57.7,58.09,55.81,56.11,56.14,56.82,6261660,3557.8,31824, 3080552, 49.20
UNIONBANK,EQ, 25-Jun-2026,174.83,175.5,176.58,174.3,174.56,174.71,175.18,12437646,21788.02,44291, 5242249, 42.15
UTKARSHBNK,EQ, 25-Jun-2026,14.87,14.87,15.14,14.46,14.57,14.52,14.73,7742037,1140.35,10907, 3357427, 43.37
YESBANK,EQ, 25-Jun-2026,24.94,25.06,25.15,24.77,24.8,24.87,24.94,86623878,21605.56,75831, 32335734, 37.33
AUBANK,EQ, 29-Jun-2026,1033.85,1033.9,1039.0,1015.55,1034.8,1030.45,1028.26,10215789,105045.23,130613, 7664364, 75.02
AXISBANK,EQ, 29-Jun-2026,1377.2,1392.6,1392.6,1352.2,1368.0,1356.8,1372.54,12602010,172967.7,159830, 8837263, 70.13
BANDHANBNK,EQ, 29-Jun-2026,201.76,203.92,205.3,197.74,202.04,202.33,201.65,13593508,27411.13,60614, 4809246, 35.38
BANKBARODA,EQ, 29-Jun-2026,279.15,279.5,279.9,271.45,273.65,272.8,274.38,13102878,35951.88,76292, 7629892, 58.23
BANKINDIA,EQ, 29-Jun-2026,144.72,145.0,145.1,141.5,142.54,142.55,142.66,13540640,19317.22,65638, 8437091, 62.31
CANBK,EQ, 29-Jun-2026,128.95,128.86,129.59,125.38,126.35,125.86,126.32,89710392,113322.43,205247, 66456678, 74.08
CAPITALSFB,EQ, 29-Jun-2026,280.1,280.2,283.0,280.0,282.95,281.1,280.65,16236,45.57,614, 10836, 66.74
CENTRALBK,EQ, 29-Jun-2026,32.2,32.22,34.24,31.86,33.0,33.62,33.26,53093790,17657.73,62666, 24030519, 45.26
CSBBANK,EQ, 29-Jun-2026,324.6,327.05,331.55,317.35,330.0,328.85,325.04,731407,2377.35,19635, 307781, 42.08
CUB,EQ, 29-Jun-2026,198.85,199.75,206.1,199.2,203.8,201.5,202.34,6336187,12820.88,73944, 3285423, 51.85
DCBBANK,EQ, 29-Jun-2026,186.15,186.8,190.18,185.55,188.0,187.87,187.96,824820,1550.34,12317, 404852, 49.08
DHANBANK,EQ, 29-Jun-2026,32.0,31.75,32.57,31.3,31.71,31.59,31.8,837326,266.23,4129, 365860, 43.69
EQUITASBNK,EQ, 29-Jun-2026,75.14,75.13,76.8,74.2,75.0,74.6,75.17,1490289,1120.26,14980, 614839, 41.26
ESAFSFB,EQ, 29-Jun-2026,32.94,32.15,32.98,31.68,32.67,32.54,32.31,833577,269.36,2675, 472663, 56.70
FEDERALBNK,EQ, 29-Jun-2026,324.05,323.0,327.0,322.15,325.2,324.05,324.53,15193838,49308.55,160696, 9867960, 64.95
FINOPB,EQ, 29-Jun-2026,146.6,147.8,147.8,144.53,145.99,145.64,145.73,125615,183.05,2140, 52959, 42.16
HDFCBANK,EQ, 29-Jun-2026,796.3,800.0,805.9,793.3,797.05,798.9,799.29,46695977,373236.37,421982, 30919361, 66.21
ICICIBANK,EQ, 29-Jun-2026,1387.5,1390.0,1402.0,1383.2,1388.0,1387.6,1389.31,13249405,184075.51,238572, 10075322, 76.04
IDBI,EQ, 29-Jun-2026,86.4,86.4,87.3,83.81,85.69,85.96,85.8,17236855,14789.68,45320, 1998820, 11.60
IDFCFIRSTB,EQ, 29-Jun-2026,79.22,79.0,79.94,77.88,78.53,78.2,78.51,58108109,45622.66,111215, 40857320, 70.31
INDIANB,EQ, 29-Jun-2026,832.6,833.0,842.4,809.9,819.8,814.7,817.48,10505717,85882.3,140216, 7717383, 73.46
INDUSINDBK,EQ, 29-Jun-2026,918.95,918.95,921.65,908.1,912.05,915.4,915.66,3346498,30642.56,71300, 2283828, 68.25
IOB,EQ, 29-Jun-2026,34.47,34.31,34.58,33.91,34.05,34.01,34.19,3521696,1203.93,16171, 1564054, 44.41
J&KBANK,EQ, 29-Jun-2026,158.4,158.4,161.49,157.91,159.9,159.64,159.48,3676077,5862.66,42480, 1937588, 52.71
JSFB,EQ, 29-Jun-2026,448.5,452.4,470.0,451.2,469.0,466.2,465.22,777230,3615.85,14709, 310794, 39.99
KARURVYSYA,EQ, 29-Jun-2026,290.5,290.0,301.4,288.1,299.25,298.85,297.34,7703410,22905.34,113490, 5405156, 70.17
KOTAKBANK,EQ, 29-Jun-2026,409.0,402.5,404.85,394.1,397.0,395.5,398.25,37210245,148190.39,267343, 24071034, 64.69
KTKBANK,EQ, 29-Jun-2026,265.6,264.1,270.1,264.0,268.65,268.6,267.31,1287648,3441.98,17954, 740473, 57.51
MAHABANK,EQ, 29-Jun-2026,88.71,88.25,94.5,88.0,93.65,93.85,92.01,49937301,45949.37,175179, 23598648, 47.26
PNB,EQ, 29-Jun-2026,107.87,107.55,108.25,106.11,107.2,106.96,107.11,13574053,14539.7,59320, 6294546, 46.37
PSB,EQ, 29-Jun-2026,24.63,24.66,24.67,24.15,24.44,24.35,24.4,1485481,362.46,6744, 649719, 43.74
RBLBANK,EQ, 29-Jun-2026,371.05,371.5,371.5,362.25,366.0,363.8,364.61,11998005,43746.37,103556, 7478379, 62.33
SBIN,EQ, 29-Jun-2026,1045.4,1044.45,1046.4,1030.85,1038.95,1036.1,1037.33,16818246,174460.75,261264, 11810287, 70.22
SOUTHBANK,EQ, 29-Jun-2026,45.41,45.41,46.6,44.91,45.8,45.84,45.93,16488721,7572.87,41452, 6882376, 41.74
SURYODAY,EQ, 29-Jun-2026,171.98,173.49,179.8,171.5,174.0,173.55,175.94,546573,961.62,7950, 234553, 42.91
TMB,EQ, 29-Jun-2026,732.6,733.0,746.0,726.0,737.0,736.95,736.46,217939,1605.04,12435, 114905, 52.72
UCOBANK,EQ, 29-Jun-2026,27.16,27.12,27.2,26.56,26.75,26.79,26.87,7304132,1962.32,20756, 2347386, 32.14
UJJIVANSFB,EQ, 29-Jun-2026,56.14,56.14,57.07,55.62,56.96,56.91,56.59,9295732,5260.34,48982, 5526245, 59.45
UNIONBANK,EQ, 29-Jun-2026,174.71,175.0,175.9,172.13,174.8,174.56,174.41,16043533,27981.33,82241, 8985133, 56.00
UTKARSHBNK,EQ, 29-Jun-2026,14.52,14.5,14.58,14.1,14.33,14.29,14.26,3371152,480.85,6035, 1481000, 43.93
YESBANK,EQ, 29-Jun-2026,24.87,24.87,25.38,24.82,25.08,25.09,25.19,183936840,46326.52,117094, 82191877, 44.68
AUBANK,EQ, 30-Jun-2026,1030.45,1035.0,1043.8,1023.85,1035.55,1037.05,1035.33,1997809,20683.95,58492, 875147, 43.81
AXISBANK,EQ, 30-Jun-2026,1356.8,1357.7,1375.0,1343.6,1351.5,1345.7,1355.19,7781221,105450.61,162496, 3558715, 45.73
BANDHANBNK,EQ, 30-Jun-2026,202.33,199.85,205.18,199.61,204.0,204.18,203.21,11101201,22559.11,54695, 5483883, 49.40
BANKBARODA,EQ, 30-Jun-2026,272.8,273.8,276.0,271.9,273.3,272.4,273.52,11512561,31489.65,64892, 5537277, 48.10
BANKINDIA,EQ, 30-Jun-2026,142.55,143.0,143.5,140.1,140.75,140.4,141.08,7187490,10139.98,38635, 3396307, 47.25
CANBK,EQ, 30-Jun-2026,125.86,126.9,127.13,124.61,125.94,125.52,125.6,44899446,56391.67,106924, 26356587, 58.70
CAPITALSFB,EQ, 30-Jun-2026,281.1,280.25,283.9,273.05,281.0,277.7,277.15,34487,95.58,1070, 22025, 63.86
CENTRALBK,EQ, 30-Jun-2026,33.62,32.92,32.99,32.41,32.5,32.53,32.61,12279962,4004.13,24350, 6519091, 53.09
CSBBANK,EQ, 30-Jun-2026,328.85,330.95,340.95,329.55,339.35,339.85,336.12,406869,1367.58,12871, 211088, 51.88
CUB,EQ, 30-Jun-2026,201.5,202.95,209.5,202.5,208.15,208.6,207.72,3818201,7931.16,78162, 2185567, 57.24
DCBBANK,EQ, 30-Jun-2026,187.87,188.0,190.04,184.51,185.82,185.2,187.0,601559,1124.89,9371, 281207, 46.75
DHANBANK,EQ, 30-Jun-2026,31.59,31.7,32.0,31.46,31.53,31.57,31.64,482828,152.75,1903, 314271, 65.09
EQUITASBNK,EQ, 30-Jun-2026,74.6,74.99,75.99,73.85,75.9,75.41,75.27,2756353,2074.62,20185, 1509030, 54.75
ESAFSFB,EQ, 30-Jun-2026,32.54,32.7,33.85,32.4,33.26,33.5,33.06,624301,206.39,2495, 328734, 52.66
FEDERALBNK,EQ, 30-Jun-2026,324.05,324.8,331.8,323.7,329.05,330.05,329.16,15572784,51259.53,133663, 9053973, 58.14
FINOPB,EQ, 30-Jun-2026,145.64,146.65,146.67,142.1,143.9,143.29,144.15,111561,160.81,2058, 56868, 50.97
HDFCBANK,EQ, 30-Jun-2026,798.9,806.1,806.1,792.75,800.45,797.95,798.65,45778356,365610.96,507833, 27708562, 60.53
ICICIBANK,EQ, 30-Jun-2026,1387.6,1402.0,1402.0,1366.1,1379.9,1375.2,1377.88,18398057,253502.31,238982, 8942551, 48.61
IDBI,EQ, 30-Jun-2026,85.96,86.0,86.25,82.9,83.42,83.53,84.47,12501122,10560.09,26529, 5764894, 46.12
IDFCFIRSTB,EQ, 30-Jun-2026,78.2,78.39,79.73,78.13,79.3,79.49,79.03,30193040,23861.76,83070, 18540265, 61.41
INDIANB,EQ, 30-Jun-2026,814.7,820.0,827.65,812.45,817.5,816.65,816.98,4505538,36809.28,80460, 2480212, 55.05
INDUSINDBK,EQ, 30-Jun-2026,915.4,916.45,933.1,916.45,922.25,924.2,925.8,2515841,23291.55,95811, 1030003, 40.94
IOB,EQ, 30-Jun-2026,34.01,34.15,34.4,33.97,34.2,34.09,34.12,1891015,645.24,9190, 673550, 35.62
J&KBANK,EQ, 30-Jun-2026,159.64,159.9,161.75,153.54,154.45,154.74,155.98,3388083,5284.75,35080, 1702517, 50.25
JSFB,EQ, 30-Jun-2026,466.2,468.75,471.8,463.35,467.0,468.75,467.79,170634,798.21,3973, 86071, 50.44
KARURVYSYA,EQ, 30-Jun-2026,298.85,299.8,300.8,294.2,295.5,296.1,297.05,2814293,8359.86,76849, 1619972, 57.56
KOTAKBANK,EQ, 30-Jun-2026,395.5,395.5,397.0,389.9,396.0,392.25,392.64,24824891,97472.37,161004, 15064846, 60.68
KTKBANK,EQ, 30-Jun-2026,268.6,269.0,274.7,266.35,273.0,273.4,270.55,1411536,3818.85,18170, 796308, 56.41
MAHABANK,EQ, 30-Jun-2026,93.85,93.65,93.65,90.61,91.3,91.44,91.62,18305341,16771.42,74123, 7516689, 41.06
PNB,EQ, 30-Jun-2026,106.96,107.06,107.69,106.23,106.75,106.69,106.82,11179354,11941.63,42145, 4840379, 43.30
PSB,EQ, 30-Jun-2026,24.35,24.4,24.69,24.1,24.29,24.24,24.35,842998,205.3,2781, 448998, 53.26
RBLBANK,EQ, 30-Jun-2026,363.8,365.95,371.0,364.0,369.1,369.05,367.63,4030616,14817.58,46196, 1602011, 39.75
SBIN,EQ, 30-Jun-2026,1036.1,1040.0,1044.0,1025.05,1029.9,1026.9,1034.09,11161643,115421.99,180911, 4018462, 36.00
SOUTHBANK,EQ, 30-Jun-2026,45.84,45.8,46.33,45.5,45.6,45.63,45.84,13306565,6100.28,33394, 6744807, 50.69
SURYODAY,EQ, 30-Jun-2026,173.55,173.55,177.99,173.11,175.55,175.61,175.81,377830,664.25,5476, 157830, 41.77
TMB,EQ, 30-Jun-2026,736.95,743.25,746.95,729.1,737.0,733.45,734.84,133047,977.68,7092, 71565, 53.79
UCOBANK,EQ, 30-Jun-2026,26.79,27.08,27.24,26.76,27.2,26.99,26.96,3981635,1073.39,11635, 1546354, 38.84
UJJIVANSFB,EQ, 30-Jun-2026,56.91,57.01,59.58,56.69,58.6,59.05,58.62,29586838,17343.66,70085, 17598728, 59.48
UNIONBANK,EQ, 30-Jun-2026,174.56,175.0,175.8,171.9,172.5,172.43,173.14,12547240,21724.68,58297, 6043970, 48.17
UTKARSHBNK,EQ, 30-Jun-2026,14.29,14.29,14.6,14.2,14.3,14.29,14.36,3341256,479.66,5143, 1290108, 38.61
YESBANK,EQ, 30-Jun-2026,25.09,25.25,25.34,24.1,24.24,24.18,24.54,160293573,39336.1,123378, 63363223, 39.53
AUBANK,EQ, 01-Jul-2026,1037.05,1035.9,1054.4,1031.0,1048.0,1051.4,1046.59,1781800,18648.08,51305, 977365, 54.85
AXISBANK,EQ, 01-Jul-2026,1345.7,1345.7,1377.7,1345.7,1363.9,1368.7,1368.87,3187785,43636.63,100624, 1715757, 53.82
BANDHANBNK,EQ, 01-Jul-2026,204.18,204.2,206.8,202.79,204.58,205.04,205.58,5131300,10548.99,43551, 2214859, 43.16
BANKBARODA,EQ, 01-Jul-2026,272.4,273.7,274.1,270.6,271.05,271.65,272.27,8585773,23376.4,74570, 4442003, 51.74
BANKINDIA,EQ, 01-Jul-2026,140.4,140.65,142.5,140.13,141.2,141.64,141.38,3923577,5547.14,29576, 1677524, 42.75
CANBK,EQ, 01-Jul-2026,125.52,126.06,127.6,125.62,125.9,126.28,126.61,28424787,35988.58,147169, 16440679, 57.84
CAPITALSFB,EQ, 01-Jul-2026,277.7,277.75,278.95,272.45,275.0,275.4,275.04,28620,78.72,886, 18513, 64.69
CENTRALBK,EQ, 01-Jul-2026,32.53,32.69,32.98,32.5,32.68,32.68,32.74,8198990,2683.98,17934, 3787068, 46.19
CSBBANK,EQ, 01-Jul-2026,339.85,341.7,343.7,336.1,336.5,338.15,339.1,285035,966.56,8816, 161777, 56.76
CUB,EQ, 01-Jul-2026,208.6,208.0,217.52,206.71,216.4,216.05,213.41,3912286,8349.12,58254, 2174435, 55.58
DCBBANK,EQ, 01-Jul-2026,185.2,185.2,187.21,183.8,185.0,185.23,185.41,660951,1225.44,13326, 350409, 53.02
DHANBANK,EQ, 01-Jul-2026,31.57,31.64,32.88,31.58,31.69,31.94,32.28,1025818,331.14,4189, 330264, 32.20
EQUITASBNK,EQ, 01-Jul-2026,75.41,76.1,77.54,75.55,77.0,77.09,77.05,1949268,1501.84,14572, 894695, 45.90
ESAFSFB,EQ, 01-Jul-2026,33.5,33.5,33.93,32.58,33.5,33.61,33.35,774224,258.23,2771, 410999, 53.09
FEDERALBNK,EQ, 01-Jul-2026,330.05,329.0,332.0,325.65,330.85,331.4,330.27,6386994,21094.17,51867, 3997978, 62.60
FINOPB,EQ, 01-Jul-2026,143.29,143.29,146.3,138.14,139.65,139.19,141.08,441958,623.52,4654, 273054, 61.78
HDFCBANK,EQ, 01-Jul-2026,797.95,793.5,802.25,793.5,796.0,796.15,797.89,26094378,208204.85,265057, 17813540, 68.27
ICICIBANK,EQ, 01-Jul-2026,1375.2,1371.4,1385.1,1367.7,1377.6,1379.8,1377.17,11948034,164544.77,198943, 7838052, 65.60
IDBI,EQ, 01-Jul-2026,83.53,83.57,83.99,80.91,82.3,82.28,82.41,17414740,14352.25,40028, 4756060, 27.31
IDFCFIRSTB,EQ, 01-Jul-2026,79.49,79.25,79.42,78.4,78.91,78.93,78.85,15942043,12569.81,55263, 9503244, 59.61
INDIANB,EQ, 01-Jul-2026,816.65,819.9,830.95,814.8,819.95,820.95,821.64,2557041,21009.74,52113, 1588758, 62.13
INDUSINDBK,EQ, 01-Jul-2026,924.2,927.05,949.55,927.05,940.0,941.6,940.22,2290915,21539.63,50497, 1127192, 49.20
IOB,EQ, 01-Jul-2026,34.09,34.19,34.42,34.0,34.23,34.17,34.19,1993779,681.63,9101, 909353, 45.61
J&KBANK,EQ, 01-Jul-2026,154.74,155.31,157.6,150.68,155.2,156.2,153.93,4829636,7434.25,35047, 2358691, 48.84
JSFB,EQ, 01-Jul-2026,468.75,447.7,478.5,445.0,465.0,467.85,467.3,1112419,5198.34,15525, 385056, 34.61
KARURVYSYA,EQ, 01-Jul-2026,296.1,296.65,301.65,294.3,300.0,300.1,298.61,5384348,16078.29,44156, 3273545, 60.80
KOTAKBANK,EQ, 01-Jul-2026,392.25,397.35,401.4,393.25,399.0,400.45,397.38,21723944,86327.44,268675, 12122040, 55.80
KTKBANK,EQ, 01-Jul-2026,273.4,274.0,276.85,270.1,272.9,273.85,274.04,2159969,5919.28,23731, 1229798, 56.94
MAHABANK,EQ, 01-Jul-2026,91.44,91.75,92.78,89.9,91.3,91.2,91.35,15857817,14485.68,61907, 6558675, 41.36
PNB,EQ, 01-Jul-2026,106.69,107.15,108.18,106.26,107.41,107.54,107.3,20515763,22013.24,51507, 10809764, 52.69
PSB,EQ, 01-Jul-2026,24.24,24.25,24.74,24.25,24.53,24.58,24.54,1514867,371.7,4199, 701005, 46.28
RBLBANK,EQ, 01-Jul-2026,369.05,369.15,370.75,358.5,361.9,361.8,362.97,4287934,15563.74,39993, 1644198, 38.34
SBIN,EQ, 01-Jul-2026,1026.9,1031.0,1049.9,1025.5,1043.5,1047.4,1039.96,6295315,65468.53,163396, 3111030, 49.42
SOUTHBANK,EQ, 01-Jul-2026,45.63,45.8,46.44,45.35,45.5,45.46,45.86,9020753,4136.74,19196, 3236591, 35.88
SURYODAY,EQ, 01-Jul-2026,175.61,175.32,179.32,173.79,178.1,178.51,176.95,433299,766.7,5917, 208181, 48.05
TMB,EQ, 01-Jul-2026,733.45,745.0,748.95,728.0,731.5,730.3,735.11,111102,816.73,7064, 44864, 40.38
UCOBANK,EQ, 01-Jul-2026,26.99,27.12,27.18,26.81,26.86,26.88,26.97,3244560,875.05,10362, 1567607, 48.31
UJJIVANSFB,EQ, 01-Jul-2026,59.05,59.16,61.8,59.12,61.42,61.31,60.91,24560705,14959.83,76969, 13699178, 55.78
UNIONBANK,EQ, 01-Jul-2026,172.43,172.75,175.13,171.17,174.85,174.88,173.65,13759343,23893.09,58129, 6872031, 49.94
UTKARSHBNK,EQ, 01-Jul-2026,14.29,14.42,15.25,14.28,14.89,14.85,14.87,11021617,1638.56,16336, 4769455, 43.27
YESBANK,EQ, 01-Jul-2026,24.18,24.25,24.65,24.07,24.5,24.58,24.39,93513120,22805.59,84832, 35714434, 38.19
AUBANK,EQ, 02-Jul-2026,1051.4,1051.2,1066.3,1047.2,1056.0,1057.0,1059.13,1248018,13218.07,53280, 630417, 50.51
AXISBANK,EQ, 02-Jul-2026,1368.7,1374.0,1375.5,1358.1,1359.2,1362.6,1365.01,4013561,54785.39,102478, 2013440, 50.17
BANDHANBNK,EQ, 02-Jul-2026,205.04,205.04,207.39,203.68,205.05,205.1,205.35,3470248,7126.26,29840, 1615132, 46.54
BANKBARODA,EQ, 02-Jul-2026,271.65,273.5,273.5,257.7,259.85,260.25,263.38,26105222,68756.3,218139, 10593018, 40.58
BANKINDIA,EQ, 02-Jul-2026,141.64,141.88,145.65,140.06,145.4,144.96,143.39,14023902,20108.19,81590, 4859805, 34.65
CANBK,EQ, 02-Jul-2026,126.28,128.27,129.26,125.96,126.25,126.64,127.34,42931827,54668.71,267005, 22334963, 52.02
CAPITALSFB,EQ, 02-Jul-2026,275.4,275.4,285.95,275.1,280.0,282.45,281.71,119063,335.41,2171, 34337, 28.84
CENTRALBK,EQ, 02-Jul-2026,32.68,32.75,33.04,32.51,32.58,32.55,32.73,7932979,2596.35,14915, 3895554, 49.11
CSBBANK,EQ, 02-Jul-2026,338.15,339.1,352.65,338.8,351.0,351.5,348.15,713358,2483.57,18216, 423476, 59.36
CUB,EQ, 02-Jul-2026,216.05,215.9,219.0,214.53,217.01,217.8,216.81,4341794,9413.55,73332, 2818202, 64.91
DCBBANK,EQ, 02-Jul-2026,185.23,187.0,194.1,184.71,194.0,193.49,191.16,2605717,4981.0,26429, 1269251, 48.71
DHANBANK,EQ, 02-Jul-2026,31.94,32.5,34.94,32.4,33.6,33.55,33.91,6744639,2287.07,19473, 1232369, 18.27
EQUITASBNK,EQ, 02-Jul-2026,77.09,77.48,78.35,76.56,77.4,77.45,77.5,2112599,1637.24,21513, 942842, 44.63
ESAFSFB,EQ, 02-Jul-2026,33.61,35.0,35.75,32.86,33.6,33.58,34.27,2595535,889.44,8932, 759149, 29.25
FEDERALBNK,EQ, 02-Jul-2026,331.4,331.75,332.35,329.3,331.5,331.0,330.61,7433230,24574.95,58772, 4760553, 64.04
FINOPB,EQ, 02-Jul-2026,139.19,139.2,145.53,138.0,138.72,138.72,140.45,455642,639.96,9564, 207447, 45.53
HDFCBANK,EQ, 02-Jul-2026,796.15,795.0,805.45,794.0,794.95,795.9,798.17,34143823,272524.82,367026, 20198744, 59.16
ICICIBANK,EQ, 02-Jul-2026,1379.8,1381.9,1405.0,1376.8,1401.0,1400.0,1395.35,15779429,220178.71,202269, 9746817, 61.77
IDBI,EQ, 02-Jul-2026,82.28,82.8,86.35,82.34,84.25,84.41,84.28,21813023,18383.19,51215, 5785886, 26.52
IDFCFIRSTB,EQ, 02-Jul-2026,78.93,78.9,79.79,78.56,79.32,79.52,79.2,24581312,19468.48,55977, 16176624, 65.81
INDIANB,EQ, 02-Jul-2026,820.95,825.9,828.55,801.0,814.95,815.1,813.2,3361208,27333.27,65348, 1255926, 37.37
INDUSINDBK,EQ, 02-Jul-2026,941.6,941.6,944.9,931.6,941.5,943.5,938.91,1177319,11053.95,31489, 581439, 49.39
IOB,EQ, 02-Jul-2026,34.17,34.24,34.7,34.24,34.53,34.46,34.44,2123582,731.43,10499, 724303, 34.11
J&KBANK,EQ, 02-Jul-2026,156.2,160.0,165.6,157.65,165.3,164.7,162.09,7874666,12763.66,49898, 2930954, 37.22
JSFB,EQ, 02-Jul-2026,467.85,465.0,480.0,465.0,476.0,479.1,475.47,453189,2154.8,7470, 239850, 52.92
KARURVYSYA,EQ, 02-Jul-2026,300.1,300.0,302.0,293.2,294.3,293.95,295.8,3063062,9060.4,45541, 1619499, 52.87
KOTAKBANK,EQ, 02-Jul-2026,400.45,400.45,405.0,397.3,398.55,399.3,400.04,12980945,51929.43,173231, 7533646, 58.04
KTKBANK,EQ, 02-Jul-2026,273.85,275.1,276.8,265.2,267.8,267.55,270.77,2003231,5424.16,25621, 903512, 45.10
MAHABANK,EQ, 02-Jul-2026,91.2,91.25,91.89,90.6,90.97,91.04,91.18,9483390,8647.22,40055, 4161027, 43.88
PNB,EQ, 02-Jul-2026,107.54,108.26,108.3,106.13,106.86,106.91,107.18,13244182,14194.56,47968, 5084035, 38.39
PSB,EQ, 02-Jul-2026,24.58,24.88,25.35,24.81,24.98,24.91,25.05,3454599,865.32,8503, 1075388, 31.13
RBLBANK,EQ, 02-Jul-2026,361.8,363.4,365.85,354.7,355.45,355.5,357.68,2798708,10010.31,33099, 1087513, 38.86
SBIN,EQ, 02-Jul-2026,1047.4,1050.9,1059.8,1045.0,1049.0,1051.6,1051.29,14682790,154358.54,199908, 8183860, 55.74
SOUTHBANK,EQ, 02-Jul-2026,45.46,46.36,47.49,44.64,45.7,45.54,46.33,26554391,12301.77,42607, 7863765, 29.61
SURYODAY,EQ, 02-Jul-2026,178.51,180.5,188.5,179.9,184.8,183.7,184.39,1104756,2037.09,17434, 477797, 43.25
TMB,EQ, 02-Jul-2026,730.3,736.0,763.3,736.0,747.05,746.1,750.26,472291,3543.43,19569, 135548, 28.70
UCOBANK,EQ, 02-Jul-2026,26.88,26.9,27.48,26.88,27.18,27.15,27.21,6088262,1656.58,14281, 1722516, 28.29
UJJIVANSFB,EQ, 02-Jul-2026,61.31,61.31,62.21,60.78,61.02,61.4,61.54,21654315,13325.56,60929, 13620571, 62.90
UNIONBANK,EQ, 02-Jul-2026,174.88,175.0,175.79,172.61,174.4,174.35,174.13,17815906,31021.99,64172, 8960372, 50.29
UTKARSHBNK,EQ, 02-Jul-2026,14.85,15.0,16.2,14.9,15.15,15.14,15.62,38701582,6046.05,48205, 13955355, 36.06
YESBANK,EQ, 02-Jul-2026,24.58,24.6,24.66,24.15,24.26,24.25,24.32,57142326,13898.71,72599, 22409447, 39.22
AUBANK,EQ, 03-Jul-2026,1057.0,1064.9,1069.8,1049.0,1057.1,1058.4,1060.53,1748260,18540.81,66600, 837174, 47.89
AXISBANK,EQ, 03-Jul-2026,1362.6,1373.0,1373.0,1338.4,1342.0,1342.1,1353.55,3500465,47380.63,109309, 2047608, 58.50
BANDHANBNK,EQ, 03-Jul-2026,205.1,206.12,206.12,198.36,199.46,200.6,201.66,5565751,11223.94,40307, 2346022, 42.15
BANKBARODA,EQ, 03-Jul-2026,260.25,258.25,258.25,250.0,253.0,252.2,252.41,39345727,99313.07,302422, 21071250, 53.55
BANKINDIA,EQ, 03-Jul-2026,144.96,145.64,147.11,142.75,144.0,144.05,144.79,8081817,11701.4,37450, 2807694, 34.74
CANBK,EQ, 03-Jul-2026,126.64,127.5,128.2,124.7,127.09,127.19,126.54,36013384,45569.95,149122, 14564513, 40.44
CAPITALSFB,EQ, 03-Jul-2026,282.45,283.9,294.4,279.05,290.15,291.05,289.41,80580,233.2,1743, 40553, 50.33
CENTRALBK,EQ, 03-Jul-2026,32.55,33.0,33.18,32.6,32.8,32.8,32.85,12698431,4170.95,20681, 5015870, 39.50
CSBBANK,EQ, 03-Jul-2026,351.5,354.0,354.0,344.4,348.6,352.2,349.26,682350,2383.17,28188, 375688, 55.06
CUB,EQ, 03-Jul-2026,217.8,216.9,220.24,215.67,216.3,216.76,217.4,1479646,3216.72,30418, 785787, 53.11
DCBBANK,EQ, 03-Jul-2026,193.49,194.0,194.6,188.18,188.84,189.27,191.4,764028,1462.38,10303, 357916, 46.85
DHANBANK,EQ, 03-Jul-2026,33.55,33.64,34.75,33.25,33.95,34.09,34.1,2571719,877.04,8108, 931267, 36.21
EQUITASBNK,EQ, 03-Jul-2026,77.45,78.5,78.62,75.51,76.62,76.3,76.7,1955062,1499.45,16068, 970424, 49.64
ESAFSFB,EQ, 03-Jul-2026,33.58,33.79,34.5,33.6,34.37,34.15,34.07,680321,231.8,3892, 371340, 54.58
FEDERALBNK,EQ, 03-Jul-2026,331.0,332.4,334.3,326.4,327.5,327.4,329.81,5420067,17875.98,58412, 2794592, 51.56
FINOPB,EQ, 03-Jul-2026,138.72,140.0,141.89,135.0,135.85,136.6,137.6,306104,421.2,3631, 178976, 58.47
HDFCBANK,EQ, 03-Jul-2026,795.9,803.0,807.0,798.55,801.5,801.05,802.89,25871958,207722.33,225856, 18315362, 70.79
ICICIBANK,EQ, 03-Jul-2026,1400.0,1414.0,1420.0,1405.9,1412.7,1411.4,1412.3,12901785,182212.5,242670, 9666469, 74.92
IDBI,EQ, 03-Jul-2026,84.41,84.7,84.74,83.31,83.7,83.84,83.92,5781460,4851.61,18118, 1699966, 29.40
IDFCFIRSTB,EQ, 03-Jul-2026,79.52,79.66,81.3,79.21,80.6,80.46,80.18,24932753,19991.39,70783, 8936820, 35.84
INDIANB,EQ, 03-Jul-2026,815.1,818.0,820.5,789.5,798.95,798.95,799.12,5028431,40183.28,84759, 3005677, 59.77
INDUSINDBK,EQ, 03-Jul-2026,943.5,948.0,978.4,942.1,976.85,974.35,963.06,3819865,36787.77,79003, 1532532, 40.12
IOB,EQ, 03-Jul-2026,34.46,34.59,34.67,34.3,34.44,34.37,34.39,2728852,938.48,10600, 1393699, 51.07
J&KBANK,EQ, 03-Jul-2026,164.7,165.9,166.6,162.1,165.01,165.2,164.77,4551951,7500.29,46244, 2543664, 55.88
JSFB,EQ, 03-Jul-2026,479.1,480.0,480.8,464.1,470.0,469.3,468.5,257361,1205.73,7768, 147795, 57.43
KARURVYSYA,EQ, 03-Jul-2026,293.95,295.3,297.0,288.8,291.45,291.8,291.81,1904516,5557.63,27784, 1169635, 61.41
KOTAKBANK,EQ, 03-Jul-2026,399.3,400.0,401.45,394.55,396.95,396.75,397.17,14747410,58572.65,176914, 10073614, 68.31
KTKBANK,EQ, 03-Jul-2026,267.55,269.0,271.65,261.3,263.9,263.4,265.7,1580396,4199.12,22638, 786458, 49.76
MAHABANK,EQ, 03-Jul-2026,91.04,91.4,91.48,88.18,88.72,88.53,89.49,16125073,14430.42,53971, 7554420, 46.85
PNB,EQ, 03-Jul-2026,106.91,107.0,107.01,104.11,105.29,105.35,105.08,27733618,29143.8,73668, 8550170, 30.83
PSB,EQ, 03-Jul-2026,24.91,25.01,25.1,24.66,24.75,24.75,24.83,1083746,269.12,4425, 587936, 54.25
RBLBANK,EQ, 03-Jul-2026,355.5,358.0,364.0,355.3,359.45,361.1,359.51,5511328,19813.57,56531, 2408248, 43.70
SBIN,EQ, 03-Jul-2026,1051.6,1055.0,1057.0,1034.5,1041.0,1040.0,1042.78,10441493,108881.32,275606, 6053165, 57.97
SOUTHBANK,EQ, 03-Jul-2026,45.54,45.95,46.7,45.33,46.2,46.1,45.93,16497948,7577.79,28585, 6085169, 36.88
SURYODAY,EQ, 03-Jul-2026,183.7,184.06,184.8,178.79,183.45,182.15,181.24,650865,1179.62,13968, 391477, 60.15
TMB,EQ, 03-Jul-2026,746.1,754.9,799.4,749.6,777.05,778.65,780.61,870192,6792.76,37231, 230285, 26.46
UCOBANK,EQ, 03-Jul-2026,27.15,27.6,27.75,26.83,26.9,26.96,27.25,6948881,1893.31,16986, 2263188, 32.57
UJJIVANSFB,EQ, 03-Jul-2026,61.4,62.32,62.85,58.84,59.56,59.6,59.88,29374513,17589.86,75125, 14754298, 50.23
UNIONBANK,EQ, 03-Jul-2026,174.35,168.79,168.79,161.6,163.09,163.09,163.16,33777663,55110.16,115017, 12679589, 37.54
UTKARSHBNK,EQ, 03-Jul-2026,15.14,15.34,15.36,14.96,15.01,15.07,15.12,7989638,1207.77,8645, 4036476, 50.52
YESBANK,EQ, 03-Jul-2026,24.25,24.38,24.61,24.15,24.38,24.39,24.39,86012503,20978.24,89113, 29867408, 34.72
AUBANK,EQ, 03-Jul-2026,1057.0,1064.9,1069.8,1049.0,1057.1,1058.4,1060.53,1748260,18540.81,66600, 837174, 47.89
AXISBANK,EQ, 03-Jul-2026,1362.6,1373.0,1373.0,1338.4,1342.0,1342.1,1353.55,3500465,47380.63,109309, 2047608, 58.50
BANDHANBNK,EQ, 03-Jul-2026,205.1,206.12,206.12,198.36,199.46,200.6,201.66,5565751,11223.94,40307, 2346022, 42.15
BANKBARODA,EQ, 03-Jul-2026,260.25,258.25,258.25,250.0,253.0,252.2,252.41,39345727,99313.07,302422, 21071250, 53.55
BANKINDIA,EQ, 03-Jul-2026,144.96,145.64,147.11,142.75,144.0,144.05,144.79,8081817,11701.4,37450, 2807694, 34.74
CANBK,EQ, 03-Jul-2026,126.64,127.5,128.2,124.7,127.09,127.19,126.54,36013384,45569.95,149122, 14564513, 40.44
CAPITALSFB,EQ, 03-Jul-2026,282.45,283.9,294.4,279.05,290.15,291.05,289.41,80580,233.2,1743, 40553, 50.33
CENTRALBK,EQ, 03-Jul-2026,32.55,33.0,33.18,32.6,32.8,32.8,32.85,12698431,4170.95,20681, 5015870, 39.50
CSBBANK,EQ, 03-Jul-2026,351.5,354.0,354.0,344.4,348.6,352.2,349.26,682350,2383.17,28188, 375688, 55.06
CUB,EQ, 03-Jul-2026,217.8,216.9,220.24,215.67,216.3,216.76,217.4,1479646,3216.72,30418, 785787, 53.11
DCBBANK,EQ, 03-Jul-2026,193.49,194.0,194.6,188.18,188.84,189.27,191.4,764028,1462.38,10303, 357916, 46.85
DHANBANK,EQ, 03-Jul-2026,33.55,33.64,34.75,33.25,33.95,34.09,34.1,2571719,877.04,8108, 931267, 36.21
EQUITASBNK,EQ, 03-Jul-2026,77.45,78.5,78.62,75.51,76.62,76.3,76.7,1955062,1499.45,16068, 970424, 49.64
ESAFSFB,EQ, 03-Jul-2026,33.58,33.79,34.5,33.6,34.37,34.15,34.07,680321,231.8,3892, 371340, 54.58
FEDERALBNK,EQ, 03-Jul-2026,331.0,332.4,334.3,326.4,327.5,327.4,329.81,5420067,17875.98,58412, 2794592, 51.56
FINOPB,EQ, 03-Jul-2026,138.72,140.0,141.89,135.0,135.85,136.6,137.6,306104,421.2,3631, 178976, 58.47
HDFCBANK,EQ, 03-Jul-2026,795.9,803.0,807.0,798.55,801.5,801.05,802.89,25871958,207722.33,225856, 18315362, 70.79
ICICIBANK,EQ, 03-Jul-2026,1400.0,1414.0,1420.0,1405.9,1412.7,1411.4,1412.3,12901785,182212.5,242670, 9666469, 74.92
IDBI,EQ, 03-Jul-2026,84.41,84.7,84.74,83.31,83.7,83.84,83.92,5781460,4851.61,18118, 1699966, 29.40
IDFCFIRSTB,EQ, 03-Jul-2026,79.52,79.66,81.3,79.21,80.6,80.46,80.18,24932753,19991.39,70783, 8936820, 35.84
INDIANB,EQ, 03-Jul-2026,815.1,818.0,820.5,789.5,798.95,798.95,799.12,5028431,40183.28,84759, 3005677, 59.77
INDUSINDBK,EQ, 03-Jul-2026,943.5,948.0,978.4,942.1,976.85,974.35,963.06,3819865,36787.77,79003, 1532532, 40.12
IOB,EQ, 03-Jul-2026,34.46,34.59,34.67,34.3,34.44,34.37,34.39,2728852,938.48,10600, 1393699, 51.07
J&KBANK,EQ, 03-Jul-2026,164.7,165.9,166.6,162.1,165.01,165.2,164.77,4551951,7500.29,46244, 2543664, 55.88
JSFB,EQ, 03-Jul-2026,479.1,480.0,480.8,464.1,470.0,469.3,468.5,257361,1205.73,7768, 147795, 57.43
KARURVYSYA,EQ, 03-Jul-2026,293.95,295.3,297.0,288.8,291.45,291.8,291.81,1904516,5557.63,27784, 1169635, 61.41
KOTAKBANK,EQ, 03-Jul-2026,399.3,400.0,401.45,394.55,396.95,396.75,397.17,14747410,58572.65,176914, 10073614, 68.31
KTKBANK,EQ, 03-Jul-2026,267.55,269.0,271.65,261.3,263.9,263.4,265.7,1580396,4199.12,22638, 786458, 49.76
MAHABANK,EQ, 03-Jul-2026,91.04,91.4,91.48,88.18,88.72,88.53,89.49,16125073,14430.42,53971, 7554420, 46.85
PNB,EQ, 03-Jul-2026,106.91,107.0,107.01,104.11,105.29,105.35,105.08,27733618,29143.8,73668, 8550170, 30.83
PSB,EQ, 03-Jul-2026,24.91,25.01,25.1,24.66,24.75,24.75,24.83,1083746,269.12,4425, 587936, 54.25
RBLBANK,EQ, 03-Jul-2026,355.5,358.0,364.0,355.3,359.45,361.1,359.51,5511328,19813.57,56531, 2408248, 43.70
SBIN,EQ, 03-Jul-2026,1051.6,1055.0,1057.0,1034.5,1041.0,1040.0,1042.78,10441493,108881.32,275606, 6053165, 57.97
SOUTHBANK,EQ, 03-Jul-2026,45.54,45.95,46.7,45.33,46.2,46.1,45.93,16497948,7577.79,28585, 6085169, 36.88
SURYODAY,EQ, 03-Jul-2026,183.7,184.06,184.8,178.79,183.45,182.15,181.24,650865,1179.62,13968, 391477, 60.15
TMB,EQ, 03-Jul-2026,746.1,754.9,799.4,749.6,777.05,778.65,780.61,870192,6792.76,37231, 230285, 26.46
UCOBANK,EQ, 03-Jul-2026,27.15,27.6,27.75,26.83,26.9,26.96,27.25,6948881,1893.31,16986, 2263188, 32.57
UJJIVANSFB,EQ, 03-Jul-2026,61.4,62.32,62.85,58.84,59.56,59.6,59.88,29374513,17589.86,75125, 14754298, 50.23
UNIONBANK,EQ, 03-Jul-2026,174.35,168.79,168.79,161.6,163.09,163.09,163.16,33777663,55110.16,115017, 12679589, 37.54
UTKARSHBNK,EQ, 03-Jul-2026,15.14,15.34,15.36,14.96,15.01,15.07,15.12,7989638,1207.77,8645, 4036476, 50.52
YESBANK,EQ, 03-Jul-2026,24.25,24.38,24.61,24.15,24.38,24.39,24.39,86012503,20978.24,89113, 29867408, 34.72
AUBANK,EQ, 06-Jul-2026,1058.4,1062.8,1090.4,1052.1,1060.0,1061.4,1071.82,4449105,47686.47,103028, 2315720, 52.05
AXISBANK,EQ, 06-Jul-2026,1342.1,1355.7,1371.0,1335.5,1338.6,1339.6,1350.98,5154081,69630.57,210650, 2725679, 52.88
BANDHANBNK,EQ, 06-Jul-2026,200.6,200.65,208.8,200.65,208.75,207.39,206.13,12399211,25558.38,76242, 5270102, 42.50
BANKBARODA,EQ, 06-Jul-2026,252.2,252.9,253.5,249.5,249.95,249.95,250.82,12248902,30723.18,108253, 7133182, 58.24
BANKINDIA,EQ, 06-Jul-2026,144.05,143.64,144.61,139.4,140.25,139.8,141.35,12694277,17942.9,43025, 7743451, 61.00
CANBK,EQ, 06-Jul-2026,127.19,126.61,127.59,125.97,126.7,126.46,126.64,15764736,19965.17,69121, 7518149, 47.69
CAPITALSFB,EQ, 06-Jul-2026,291.05,294.0,297.9,285.9,295.6,291.75,293.18,114136,334.63,1727, 81396, 71.31
CENTRALBK,EQ, 06-Jul-2026,32.8,32.97,33.13,32.55,32.69,32.62,32.73,7045262,2306.14,15700, 3634626, 51.59
CSBBANK,EQ, 06-Jul-2026,352.2,352.9,353.55,348.25,350.15,349.85,350.29,202690,710.01,7371, 102705, 50.67
CUB,EQ, 06-Jul-2026,216.76,212.0,225.5,212.0,225.25,224.69,222.37,2710562,6027.47,47290, 1343775, 49.58
DCBBANK,EQ, 06-Jul-2026,189.27,188.01,189.7,186.43,187.25,187.13,187.66,509742,956.58,7646, 266220, 52.23
DHANBANK,EQ, 06-Jul-2026,34.09,34.09,34.71,33.7,33.92,33.82,34.2,866698,296.44,2713, 425942, 49.15
EQUITASBNK,EQ, 06-Jul-2026,76.3,76.4,77.7,75.4,77.1,77.54,76.89,3874490,2978.97,45863, 2385436, 61.57
ESAFSFB,EQ, 06-Jul-2026,34.15,34.29,35.5,33.92,34.45,34.49,34.74,1721950,598.28,7643, 602467, 34.99
FEDERALBNK,EQ, 06-Jul-2026,327.4,327.8,333.45,325.5,330.0,330.3,329.73,3492183,11514.63,99312, 1742650, 49.90
FINOPB,EQ, 06-Jul-2026,136.6,135.81,137.9,133.82,135.0,135.3,135.71,279849,379.77,3854, 120111, 42.92
HDFCBANK,EQ, 06-Jul-2026,801.05,805.0,831.5,805.0,828.0,829.85,824.42,63203327,521059.54,731245, 43310150, 68.53
ICICIBANK,EQ, 06-Jul-2026,1411.4,1412.0,1431.6,1411.6,1426.5,1426.9,1425.91,12306949,175485.56,215378, 8785953, 71.39
IDBI,EQ, 06-Jul-2026,83.84,84.25,85.13,83.26,84.0,83.97,84.18,7909658,6657.99,23331, 2250703, 28.46
IDFCFIRSTB,EQ, 06-Jul-2026,80.46,80.5,81.76,79.7,81.12,81.14,80.98,22125958,17917.48,69533, 8545217, 38.62
INDIANB,EQ, 06-Jul-2026,798.95,792.0,802.8,785.3,787.0,786.9,790.81,1765620,13962.73,56046, 1089742, 61.72
INDUSINDBK,EQ, 06-Jul-2026,974.35,968.0,1012.3,960.0,1011.0,1009.8,997.05,4977371,49626.81,123438, 2225015, 44.70
IOB,EQ, 06-Jul-2026,34.37,34.3,34.5,34.11,34.23,34.2,34.25,1451728,497.21,8988, 684479, 47.15
J&KBANK,EQ, 06-Jul-2026,165.2,165.01,167.0,162.96,163.95,163.72,164.26,1986101,3262.4,21349, 1042876, 52.51
JSFB,EQ, 06-Jul-2026,469.3,469.3,473.35,452.0,457.9,456.15,458.81,954997,4381.63,18421, 518432, 54.29
KARURVYSYA,EQ, 06-Jul-2026,291.8,293.6,307.15,291.15,306.0,304.15,299.46,4377186,13107.77,47877, 2466875, 56.36
KOTAKBANK,EQ, 06-Jul-2026,396.75,389.75,389.75,380.7,381.25,381.3,383.27,34164881,130943.12,298802, 20919633, 61.23
KTKBANK,EQ, 06-Jul-2026,263.4,264.9,268.4,262.3,262.7,263.2,264.63,1394174,3689.46,23760, 731071, 52.44
MAHABANK,EQ, 06-Jul-2026,88.53,89.59,90.58,86.16,86.5,86.51,87.75,17689359,15522.51,76809, 8976620, 50.75
PNB,EQ, 06-Jul-2026,105.35,105.3,105.64,104.15,104.25,104.29,104.62,12228191,12792.55,46290, 5402529, 44.18
PSB,EQ, 06-Jul-2026,24.75,24.8,24.96,24.46,24.86,24.81,24.7,1337318,330.38,4253, 458659, 34.30
RBLBANK,EQ, 06-Jul-2026,361.1,358.75,370.2,356.9,368.75,368.6,364.69,6550934,23890.57,55556, 3010660, 45.96
SBIN,EQ, 06-Jul-2026,1040.0,1041.9,1048.4,1036.5,1038.5,1037.7,1042.41,8761017,91326.09,191771, 5178312, 59.11
SOUTHBANK,EQ, 06-Jul-2026,46.1,46.05,47.49,46.05,46.9,46.86,46.74,14421692,6740.38,38485, 6402036, 44.39
SURYODAY,EQ, 06-Jul-2026,182.15,186.0,188.2,180.33,181.0,181.64,183.91,784283,1442.38,13612, 341165, 43.50
TMB,EQ, 06-Jul-2026,778.65,777.45,782.95,755.0,757.9,759.15,766.93,165218,1267.11,10333, 89983, 54.46
UCOBANK,EQ, 06-Jul-2026,26.96,26.81,26.93,26.5,26.65,26.57,26.65,3035333,809.07,11267, 1566196, 51.60
UJJIVANSFB,EQ, 06-Jul-2026,59.6,59.65,60.1,59.15,59.99,59.78,59.67,12318894,7350.37,41893, 6061548, 49.21
UNIONBANK,EQ, 06-Jul-2026,163.09,163.2,163.75,160.77,161.29,161.08,161.69,12253340,19811.92,58552, 6301692, 51.43
UTKARSHBNK,EQ, 06-Jul-2026,15.07,15.23,15.23,14.45,14.59,14.64,14.62,7933395,1160.22,9090, 3888713, 49.02
YESBANK,EQ, 06-Jul-2026,24.39,24.64,24.79,24.19,24.28,24.26,24.43,73317092,17911.2,77964, 29709150, 40.52
AUBANK,EQ, 07-Jul-2026,1061.4,1065.0,1074.9,1062.1,1066.0,1066.9,1068.99,1094227,11697.2,64681, 568025, 51.91
AXISBANK,EQ, 07-Jul-2026,1339.6,1346.8,1356.9,1336.2,1336.2,1341.0,1345.43,6198988,83403.26,176408, 4192028, 67.62
BANDHANBNK,EQ, 07-Jul-2026,207.39,208.75,211.8,204.69,205.1,205.1,207.92,8844763,18390.4,61190, 3710978, 41.96
BANKBARODA,EQ, 07-Jul-2026,249.95,251.15,251.85,246.35,247.7,247.85,248.41,12317114,30597.28,112507, 7115853, 57.77
BANKINDIA,EQ, 07-Jul-2026,139.8,140.5,142.9,139.99,142.35,142.41,141.95,11079712,15727.19,48977, 6389066, 57.66
CANBK,EQ, 07-Jul-2026,126.46,126.4,126.86,124.75,125.0,125.03,125.45,15616571,19590.94,80918, 6759573, 43.28
CAPITALSFB,EQ, 07-Jul-2026,291.75,293.9,300.0,287.0,295.95,295.25,297.71,107973,321.44,1286, 79576, 73.70
CENTRALBK,EQ, 07-Jul-2026,32.62,32.65,32.66,32.03,32.15,32.13,32.35,6194655,2003.9,13191, 3487771, 56.30
CSBBANK,EQ, 07-Jul-2026,349.85,349.85,355.6,349.0,352.5,353.5,352.73,299510,1056.45,9219, 149677, 49.97
CUB,EQ, 07-Jul-2026,224.69,224.65,231.82,223.28,228.36,227.97,228.27,3849032,8786.12,49610, 1792727, 46.58
DCBBANK,EQ, 07-Jul-2026,187.13,186.3,190.42,184.55,185.1,184.94,187.05,856753,1602.53,14107, 441205, 51.50
DHANBANK,EQ, 07-Jul-2026,33.82,34.0,36.85,33.76,36.35,36.22,35.94,13336879,4792.85,41601, 3586141, 26.89
EQUITASBNK,EQ, 07-Jul-2026,77.54,77.54,79.65,76.95,79.48,79.24,79.07,7713643,6099.13,53728, 4227034, 54.80
ESAFSFB,EQ, 07-Jul-2026,34.49,34.69,34.89,33.61,33.89,33.85,34.11,921129,314.21,3223, 601470, 65.30
FEDERALBNK,EQ, 07-Jul-2026,330.3,330.0,332.0,326.7,331.2,331.55,330.07,4018922,13265.45,62357, 2426461, 60.38
FINOPB,EQ, 07-Jul-2026,135.3,135.2,137.4,132.57,136.35,135.28,135.12,211318,285.53,3297, 87171, 41.25
HDFCBANK,EQ, 07-Jul-2026,829.85,843.0,843.0,826.1,827.5,829.3,834.07,57611729,480523.5,500541, 38196928, 66.30
ICICIBANK,EQ, 07-Jul-2026,1426.9,1431.6,1433.0,1410.0,1412.0,1414.7,1421.4,15664178,222650.15,270831, 9647392, 61.59
IDBI,EQ, 07-Jul-2026,83.97,84.1,84.55,83.07,83.39,83.36,83.62,3981150,3328.84,16925, 1188161, 29.84
IDFCFIRSTB,EQ, 07-Jul-2026,81.14,81.12,81.77,80.22,80.59,80.43,80.79,16245821,13125.71,61109, 7988975, 49.18
INDIANB,EQ, 07-Jul-2026,786.9,786.65,792.05,776.15,787.0,785.95,783.93,4833997,37895.02,65089, 3104960, 64.23
INDUSINDBK,EQ, 07-Jul-2026,1009.8,1009.7,1038.0,1004.3,1021.1,1022.25,1024.47,5804915,59469.73,141536, 3449081, 59.42
IOB,EQ, 07-Jul-2026,34.2,34.23,34.28,33.85,33.98,34.03,34.01,1931038,656.73,9928, 901017, 46.66
J&KBANK,EQ, 07-Jul-2026,163.72,164.16,166.9,162.2,163.5,163.71,165.29,2997822,4955.21,36137, 1424640, 47.52
JSFB,EQ, 07-Jul-2026,456.15,460.0,464.2,447.15,450.4,451.1,454.78,1132433,5150.1,11448, 713052, 62.97
KARURVYSYA,EQ, 07-Jul-2026,304.15,306.0,306.8,300.5,304.0,304.35,303.45,2240398,6798.42,41888, 1156604, 51.62
KOTAKBANK,EQ, 07-Jul-2026,381.3,381.5,382.9,378.65,382.15,381.7,381.14,23216875,88488.37,245127, 17161608, 73.92
KTKBANK,EQ, 07-Jul-2026,263.2,264.95,269.15,262.45,265.15,265.75,266.36,2034124,5418.02,19653, 1218160, 59.89
MAHABANK,EQ, 07-Jul-2026,86.51,86.89,86.89,83.0,83.11,83.19,84.2,22285700,18763.98,85633, 12648850, 56.76
PNB,EQ, 07-Jul-2026,104.29,104.75,104.75,103.14,103.69,103.79,103.82,17632716,18306.4,45443, 10741107, 60.92
PSB,EQ, 07-Jul-2026,24.81,24.85,24.97,24.57,24.75,24.77,24.74,847644,209.73,3123, 416794, 49.17
RBLBANK,EQ, 07-Jul-2026,368.6,368.6,376.35,365.4,375.0,375.1,372.81,6606876,24631.23,81802, 3512856, 53.17
SBIN,EQ, 07-Jul-2026,1037.7,1039.3,1049.6,1035.5,1036.2,1038.1,1041.85,11053574,115161.39,203070, 6037126, 54.62
SOUTHBANK,EQ, 07-Jul-2026,46.86,46.78,49.9,46.6,47.74,47.67,48.45,42310199,20500.66,74995, 13068312, 30.89
SURYODAY,EQ, 07-Jul-2026,181.64,181.0,182.99,174.34,177.98,176.77,177.33,655852,1163.01,12734, 338719, 51.65
TMB,EQ, 07-Jul-2026,759.15,762.0,782.35,752.9,769.7,768.1,773.48,298162,2306.22,19971, 127309, 42.70
UCOBANK,EQ, 07-Jul-2026,26.57,26.67,26.73,26.26,26.4,26.4,26.43,2849043,752.87,10391, 1082587, 38.00
UJJIVANSFB,EQ, 07-Jul-2026,59.78,59.9,62.45,59.89,61.41,61.62,61.77,20130767,12434.15,71167, 9666071, 48.02
UNIONBANK,EQ, 07-Jul-2026,161.08,161.29,162.8,160.38,161.57,161.08,161.13,13481239,21722.0,50977, 7738340, 57.40
UTKARSHBNK,EQ, 07-Jul-2026,14.64,14.63,14.7,14.4,14.55,14.58,14.53,4972723,722.4,5258, 2640019, 53.09
YESBANK,EQ, 07-Jul-2026,24.26,24.26,24.3,23.86,24.05,24.01,24.04,61965545,14898.83,80881, 26861745, 43.35
AUBANK,EQ, 08-Jul-2026,1066.9,1060.0,1074.0,1033.0,1040.4,1038.8,1052.71,1793492,18880.19,76392, 978701, 54.57
AXISBANK,EQ, 08-Jul-2026,1341.0,1344.0,1344.0,1304.0,1311.5,1309.5,1322.3,6917968,91476.62,157864, 3536609, 51.12
BANDHANBNK,EQ, 08-Jul-2026,205.1,204.94,204.95,194.82,197.0,196.04,199.29,12422435,24757.18,63504, 6040073, 48.62
BANKBARODA,EQ, 08-Jul-2026,247.85,244.95,246.0,239.0,241.0,240.45,242.5,17045169,41334.12,128953, 9054141, 53.12
BANKINDIA,EQ, 08-Jul-2026,142.41,141.73,141.75,134.01,135.6,135.12,137.22,14342743,19680.82,82777, 6112557, 42.62
CANBK,EQ, 08-Jul-2026,125.03,124.0,124.93,120.5,121.51,121.15,122.98,37708203,46372.83,134085, 17934423, 47.56
CAPITALSFB,EQ, 08-Jul-2026,295.25,296.0,297.0,278.45,282.0,281.75,290.68,203200,590.66,2430, 146741, 72.22
CENTRALBK,EQ, 08-Jul-2026,32.13,32.0,32.44,31.11,31.33,31.25,31.81,9562149,3041.38,21407, 4202035, 43.94
CSBBANK,EQ, 08-Jul-2026,353.5,351.0,352.3,342.65,350.75,350.75,348.94,307595,1073.33,13000, 164723, 53.55
CUB,EQ, 08-Jul-2026,227.97,226.0,228.56,217.53,223.03,220.08,221.88,3779085,8384.97,71117, 2140923, 56.65
DCBBANK,EQ, 08-Jul-2026,184.94,184.0,187.5,178.3,180.99,180.0,182.74,1019334,1862.74,18918, 477729, 46.87
DHANBANK,EQ, 08-Jul-2026,36.22,36.02,36.57,33.12,33.6,33.63,34.73,4768673,1656.39,17749, 1608412, 33.73
EQUITASBNK,EQ, 08-Jul-2026,79.24,79.01,79.2,75.57,77.28,76.82,77.46,3881232,3006.41,37486, 1874979, 48.31
ESAFSFB,EQ, 08-Jul-2026,33.85,33.6,33.94,32.41,32.6,32.78,33.21,935098,310.56,3352, 451774, 48.31
FEDERALBNK,EQ, 08-Jul-2026,331.55,330.45,330.9,323.0,327.55,326.55,326.94,4715547,15416.91,44697, 2574916, 54.60
FINOPB,EQ, 08-Jul-2026,135.28,135.4,137.25,130.21,131.99,131.25,133.71,347036,464.01,2696, 192517, 55.47
HDFCBANK,EQ, 08-Jul-2026,829.3,825.9,834.35,806.95,809.3,810.3,821.95,38754632,318542.45,392366, 22453892, 57.94
ICICIBANK,EQ, 08-Jul-2026,1414.7,1410.3,1418.3,1375.9,1383.1,1380.6,1396.85,10573142,147690.93,279456, 5920791, 56.00
IDBI,EQ, 08-Jul-2026,83.36,82.76,83.78,80.17,80.7,80.53,81.74,9476527,7746.12,108574, 4007142, 42.28
IDFCFIRSTB,EQ, 08-Jul-2026,80.43,80.1,80.72,77.47,78.0,77.82,79.0,20844974,16467.74,65337, 10528506, 50.51
INDIANB,EQ, 08-Jul-2026,785.95,780.3,797.35,769.25,775.0,772.4,784.88,4342194,34081.18,76773, 2617948, 60.29
INDUSINDBK,EQ, 08-Jul-2026,1022.25,1015.9,1031.3,989.8,999.85,994.65,1014.38,3903183,39592.97,88528, 2035610, 52.15
IOB,EQ, 08-Jul-2026,34.03,34.03,34.53,33.28,33.58,33.47,33.99,4153518,1411.77,17908, 1616075, 38.91
J&KBANK,EQ, 08-Jul-2026,163.71,165.0,171.0,163.49,166.3,165.96,167.82,10594010,17778.57,80372, 3842963, 36.27
JSFB,EQ, 08-Jul-2026,451.1,446.65,455.65,439.0,440.0,441.2,446.74,508806,2273.05,8435, 251180, 49.37
KARURVYSYA,EQ, 08-Jul-2026,304.35,304.95,307.85,293.75,295.8,294.65,300.41,2013180,6047.72,29502, 1064804, 52.89
KOTAKBANK,EQ, 08-Jul-2026,381.7,378.5,381.75,369.1,370.45,370.1,373.59,22517529,84124.13,374638, 14623896, 64.94
KTKBANK,EQ, 08-Jul-2026,265.75,265.0,270.5,261.05,263.6,262.85,266.35,2327024,6198.09,31651, 1185429, 50.94
MAHABANK,EQ, 08-Jul-2026,83.19,83.11,84.7,79.9,80.9,80.6,81.97,20230957,16583.71,87132, 9835794, 48.62
PNB,EQ, 08-Jul-2026,103.79,103.25,103.25,100.45,101.09,100.95,102.0,29044983,29626.3,71554, 14310935, 49.27
PSB,EQ, 08-Jul-2026,24.77,24.55,25.19,23.95,24.14,24.1,24.67,2688111,663.19,7222, 1119463, 41.64
RBLBANK,EQ, 08-Jul-2026,375.1,370.8,371.9,358.25,359.95,359.8,363.6,6321729,22985.85,55018, 3422633, 54.14
SBIN,EQ, 08-Jul-2026,1038.1,1029.6,1038.3,1011.7,1019.8,1016.9,1026.16,14141694,145115.72,205996, 7873275, 55.67
SOUTHBANK,EQ, 08-Jul-2026,47.67,47.55,47.55,43.01,43.92,43.7,44.2,72099008,31867.69,141157, 25188731, 34.94
SURYODAY,EQ, 08-Jul-2026,176.77,174.8,182.4,172.3,175.97,175.65,177.69,523648,930.44,9690, 270651, 51.69
TMB,EQ, 08-Jul-2026,768.1,775.95,777.65,748.6,756.8,750.9,758.83,238541,1810.11,13058, 127934, 53.63
UCOBANK,EQ, 08-Jul-2026,26.4,26.4,26.73,25.84,26.0,26.11,26.23,6530848,1712.87,21473, 1517711, 23.24
UJJIVANSFB,EQ, 08-Jul-2026,61.62,61.4,61.4,59.22,59.7,59.63,60.42,11062011,6683.58,55391, 5729744, 51.80
UNIONBANK,EQ, 08-Jul-2026,161.08,160.2,160.49,153.5,154.37,154.39,156.44,13097180,20489.04,73997, 5185895, 39.60
UTKARSHBNK,EQ, 08-Jul-2026,14.58,14.4,14.5,13.88,14.04,14.01,14.16,5744133,813.57,6158, 3680521, 64.07
YESBANK,EQ, 08-Jul-2026,24.01,23.88,24.05,23.32,23.46,23.42,23.65,83807507,19817.51,101244, 34150878, 40.75
AUBANK,EQ, 09-Jul-2026,1038.8,1038.8,1050.8,1035.1,1047.2,1047.4,1044.65,1090588,11392.82,31935, 629134, 57.69
AXISBANK,EQ, 09-Jul-2026,1309.5,1312.9,1321.6,1292.2,1301.9,1297.6,1305.52,5609851,73237.98,142118, 3107538, 55.39
BANDHANBNK,EQ, 09-Jul-2026,196.04,197.0,201.0,197.0,200.0,199.86,199.73,4750464,9487.87,36407, 2222984, 46.80
BANKBARODA,EQ, 09-Jul-2026,240.45,240.65,246.2,240.15,244.5,244.6,243.93,10797792,26338.8,105726, 5583642, 51.71
BANKINDIA,EQ, 09-Jul-2026,135.12,135.6,139.23,135.44,139.0,138.53,137.55,8302820,11420.54,47119, 3096464, 37.29
CANBK,EQ, 09-Jul-2026,121.15,121.77,125.3,121.5,125.2,124.8,123.69,25763230,31865.34,107923, 13514634, 52.46
CAPITALSFB,EQ, 09-Jul-2026,281.75,282.4,293.0,282.1,290.0,290.4,288.74,42029,121.35,1118, 24662, 58.68
CENTRALBK,EQ, 09-Jul-2026,31.25,31.3,31.84,31.24,31.73,31.65,31.6,4035612,1275.28,13727, 1585303, 39.28
CSBBANK,EQ, 09-Jul-2026,350.75,349.0,353.7,348.95,352.1,351.05,351.42,201595,708.45,13290, 97931, 48.58
CUB,EQ, 09-Jul-2026,220.08,222.7,231.0,217.55,230.4,229.09,225.85,2994116,6762.12,41373, 1515743, 50.62
DCBBANK,EQ, 09-Jul-2026,180.0,181.15,187.5,181.15,187.5,186.01,184.36,601717,1109.34,14924, 288307, 47.91
DHANBANK,EQ, 09-Jul-2026,33.63,33.32,34.68,33.32,33.97,33.89,34.05,1948829,663.61,6232, 749770, 38.47
EQUITASBNK,EQ, 09-Jul-2026,76.82,76.82,78.93,76.49,78.35,78.17,78.0,3290031,2566.14,33911, 1828843, 55.59
ESAFSFB,EQ, 09-Jul-2026,32.78,32.8,34.7,32.76,34.6,34.56,33.97,827620,281.18,3802, 452603, 54.69
FEDERALBNK,EQ, 09-Jul-2026,326.55,326.55,332.7,326.55,328.0,327.75,329.02,3699416,12171.9,76107, 1840822, 49.76
FINOPB,EQ, 09-Jul-2026,131.25,131.99,136.89,131.33,135.0,134.65,134.99,203597,274.83,2846, 83891, 41.20
HDFCBANK,EQ, 09-Jul-2026,810.3,813.0,822.85,812.3,817.0,817.55,818.64,39891798,326568.71,336701, 21911701, 54.93
ICICIBANK,EQ, 09-Jul-2026,1380.6,1382.9,1403.6,1377.3,1384.0,1380.7,1386.99,13948838,193468.62,313842, 6826230, 48.94
IDBI,EQ, 09-Jul-2026,80.53,80.74,82.72,80.56,82.47,82.32,81.84,6371687,5214.42,23897, 1582832, 24.84
IDFCFIRSTB,EQ, 09-Jul-2026,77.82,77.98,79.75,77.91,79.7,79.46,79.06,11084077,8763.29,50026, 4899903, 44.21
INDIANB,EQ, 09-Jul-2026,772.4,774.95,796.8,774.95,791.7,793.15,788.17,1880631,14822.5,61818, 1038021, 55.20
INDUSINDBK,EQ, 09-Jul-2026,994.65,995.9,1022.35,995.9,1018.0,1015.15,1013.79,1952468,19793.88,68259, 1050310, 53.79
IOB,EQ, 09-Jul-2026,33.47,33.5,33.9,33.33,33.8,33.76,33.7,1771964,597.09,11594, 507292, 28.63
J&KBANK,EQ, 09-Jul-2026,165.96,166.3,169.78,166.3,169.3,168.41,168.21,4246600,7143.1,36543, 2145485, 50.52
JSFB,EQ, 09-Jul-2026,441.2,442.0,459.15,442.0,454.0,455.25,452.38,352210,1593.34,8265, 193149, 54.84
KARURVYSYA,EQ, 09-Jul-2026,294.65,296.0,301.85,291.5,296.6,295.65,296.57,1675323,4968.47,26333, 645636, 38.54
KOTAKBANK,EQ, 09-Jul-2026,370.1,371.5,377.95,368.4,377.3,377.15,373.26,30720415,114666.32,310195, 19235874, 62.62
KTKBANK,EQ, 09-Jul-2026,262.85,263.0,269.0,263.0,268.9,268.0,266.91,1567788,4184.59,19388, 941379, 60.05
MAHABANK,EQ, 09-Jul-2026,80.6,81.0,82.26,80.86,82.15,82.01,81.54,12124957,9886.82,48717, 5430992, 44.79
PNB,EQ, 09-Jul-2026,100.95,101.2,103.7,100.8,103.7,103.44,102.73,13282752,13645.72,59538, 4990969, 37.57
PSB,EQ, 09-Jul-2026,24.1,24.18,24.65,24.11,24.62,24.46,24.37,760695,185.38,3178, 288838, 37.97
RBLBANK,EQ, 09-Jul-2026,359.8,360.0,366.85,360.0,362.95,362.8,364.1,3041752,11075.02,42067, 1493464, 49.10
SBIN,EQ, 09-Jul-2026,1016.9,1019.8,1031.7,1019.3,1022.5,1022.1,1025.11,7661699,78540.71,169565, 2014082, 26.29
SOUTHBANK,EQ, 09-Jul-2026,43.7,44.17,44.5,43.82,44.3,44.22,44.18,16615687,7340.74,37235, 7001875, 42.14
SURYODAY,EQ, 09-Jul-2026,175.65,175.65,179.61,175.65,177.61,177.13,177.67,186688,331.69,3821, 89346, 47.86
TMB,EQ, 09-Jul-2026,750.9,760.0,772.95,756.0,766.15,769.2,765.31,118102,903.85,8309, 62724, 53.11
UCOBANK,EQ, 09-Jul-2026,26.11,26.4,26.47,26.0,26.11,26.05,26.13,3410956,891.21,13343, 1253250, 36.74
UJJIVANSFB,EQ, 09-Jul-2026,59.63,59.7,63.34,59.42,63.08,62.58,62.39,26482085,16522.76,73368, 13486828, 50.93
UNIONBANK,EQ, 09-Jul-2026,154.39,154.74,158.1,154.45,157.8,157.26,156.99,13873876,21781.22,53416, 6491871, 46.79
UTKARSHBNK,EQ, 09-Jul-2026,14.01,14.24,14.29,14.02,14.15,14.11,14.15,2337375,330.79,4160, 1069504, 45.76
YESBANK,EQ, 09-Jul-2026,23.42,23.42,23.8,23.42,23.67,23.64,23.65,52193951,12346.13,73211, 20479635, 39.24
AUBANK,EQ, 10-Jul-2026,1047.4,1052.0,1079.9,1050.0,1072.5,1072.1,1072.65,1470963,15778.29,65623, 806961, 54.86
AXISBANK,EQ, 10-Jul-2026,1297.6,1304.0,1326.6,1303.9,1323.0,1323.7,1319.97,3549139,46847.51,96348, 2074429, 58.45
BANDHANBNK,EQ, 10-Jul-2026,199.86,201.0,211.8,200.92,209.5,210.0,209.19,20211763,42281.08,128448, 8940999, 44.24
BANKBARODA,EQ, 10-Jul-2026,244.6,245.5,254.35,245.35,250.85,250.95,250.29,18239487,45651.1,101213, 9974641, 54.69
BANKINDIA,EQ, 10-Jul-2026,138.53,139.8,146.9,139.5,144.81,144.9,143.81,14184717,20399.32,64353, 5287104, 37.27
CANBK,EQ, 10-Jul-2026,124.8,125.4,131.48,125.31,128.88,128.78,128.3,40706138,52227.65,115544, 19855695, 48.78
CAPITALSFB,EQ, 10-Jul-2026,290.4,290.45,296.0,290.45,294.3,294.25,294.31,31770,93.5,726, 20833, 65.57
CENTRALBK,EQ, 10-Jul-2026,31.65,31.8,32.79,31.8,32.69,32.6,32.38,11343378,3673.5,23989, 5337561, 47.05
CSBBANK,EQ, 10-Jul-2026,351.05,352.0,362.6,351.95,360.6,360.4,356.26,528411,1882.54,23957, 250025, 47.32
CUB,EQ, 10-Jul-2026,229.09,230.95,231.48,226.25,227.0,229.33,228.89,2654713,6076.39,41870, 1554400, 58.55
DCBBANK,EQ, 10-Jul-2026,186.01,186.35,191.85,186.35,189.0,188.67,189.04,830642,1570.28,11391, 433786, 52.22
DHANBANK,EQ, 10-Jul-2026,33.89,34.05,35.06,33.89,34.8,34.75,34.51,1807621,623.77,7023, 618002, 34.19
EQUITASBNK,EQ, 10-Jul-2026,78.17,78.93,83.0,78.71,82.66,82.24,81.37,9276283,7548.2,42698, 4704270, 50.71
ESAFSFB,EQ, 10-Jul-2026,34.56,34.23,36.5,34.23,35.81,35.73,35.83,3641339,1304.55,9978, 1669545, 45.85
FEDERALBNK,EQ, 10-Jul-2026,327.75,330.3,332.5,327.85,330.0,329.85,329.6,5400203,17798.93,86150, 3386748, 62.72
FINOPB,EQ, 10-Jul-2026,134.65,135.9,137.5,134.5,135.9,135.4,135.67,194011,263.22,3109, 127943, 65.95
HDFCBANK,EQ, 10-Jul-2026,817.55,824.0,827.7,820.3,824.5,824.95,824.61,23595785,194573.54,296453, 16977137, 71.95
ICICIBANK,EQ, 10-Jul-2026,1380.7,1389.7,1408.2,1389.6,1401.2,1401.2,1402.11,6409645,89870.46,132249, 4093220, 63.86
IDBI,EQ, 10-Jul-2026,82.32,83.0,84.05,82.21,82.9,82.89,83.07,12013697,9979.37,24776, 3662898, 30.49
IDFCFIRSTB,EQ, 10-Jul-2026,79.46,79.9,81.37,79.79,80.7,80.83,80.92,14703154,11897.76,67334, 6833270, 46.47
INDIANB,EQ, 10-Jul-2026,793.15,800.0,874.9,794.75,873.35,870.7,854.87,17690322,151228.56,226949, 3044438, 17.21
INDUSINDBK,EQ, 10-Jul-2026,1015.15,1019.7,1031.65,1013.7,1015.5,1015.8,1020.18,1084109,11059.83,43717, 422011, 38.93
IOB,EQ, 10-Jul-2026,33.76,33.85,34.87,33.85,34.63,34.58,34.46,3775743,1300.97,15934, 1399749, 37.07
J&KBANK,EQ, 10-Jul-2026,168.41,169.08,201.75,169.08,191.0,192.65,185.8,22820672,42401.5,131845, 7449900, 32.65
JSFB,EQ, 10-Jul-2026,455.25,460.0,479.75,459.45,475.8,474.1,473.0,824280,3898.81,14950, 488943, 59.32
KARURVYSYA,EQ, 10-Jul-2026,295.65,299.0,308.35,297.05,305.65,305.65,304.76,2191223,6677.87,29593, 1256079, 57.32
KOTAKBANK,EQ, 10-Jul-2026,377.15,377.45,381.15,376.9,378.15,377.6,379.06,15468937,58636.71,137162, 10028294, 64.83
KTKBANK,EQ, 10-Jul-2026,268.0,268.0,277.95,267.95,276.8,276.35,272.95,3418808,9331.61,34438, 2108941, 61.69
MAHABANK,EQ, 10-Jul-2026,82.01,82.9,87.46,81.62,84.0,84.25,84.31,69639831,58716.63,189704, 17984362, 25.82
PNB,EQ, 10-Jul-2026,103.44,104.1,107.55,103.71,105.58,105.41,105.52,27098775,28594.83,67289, 11233186, 41.45
PSB,EQ, 10-Jul-2026,24.46,24.65,25.29,24.65,24.8,24.99,24.98,1969732,492.06,5559, 955427, 48.51
RBLBANK,EQ, 10-Jul-2026,362.8,365.05,381.6,365.0,380.1,380.65,376.9,9127348,34401.29,58494, 4901371, 53.70
SBIN,EQ, 10-Jul-2026,1022.1,1029.5,1047.8,1023.5,1036.4,1036.0,1033.75,8792150,90888.88,154813, 4249961, 48.34
SOUTHBANK,EQ, 10-Jul-2026,44.22,44.5,46.28,44.5,45.95,45.81,45.54,21345407,9721.33,40139, 9496806, 44.49
SURYODAY,EQ, 10-Jul-2026,177.13,178.0,186.0,177.21,185.5,184.31,181.95,917265,1669.0,12432, 518746, 56.55
TMB,EQ, 10-Jul-2026,769.2,777.0,807.95,772.55,807.0,801.6,792.3,342476,2713.45,16757, 191477, 55.91
UCOBANK,EQ, 10-Jul-2026,26.05,26.21,27.05,26.14,26.78,26.7,26.64,10242162,2728.82,20779, 1926789, 18.81
UJJIVANSFB,EQ, 10-Jul-2026,62.58,63.25,65.84,63.25,65.33,65.27,65.07,39570140,25747.76,113217, 20855448, 52.71
UNIONBANK,EQ, 10-Jul-2026,157.26,157.8,165.5,157.6,164.69,164.51,162.49,24598550,39969.58,104514, 9088884, 36.95
UTKARSHBNK,EQ, 10-Jul-2026,14.11,14.2,14.87,14.2,14.61,14.64,14.66,6982653,1023.35,9140, 3051301, 43.70
YESBANK,EQ, 10-Jul-2026,23.64,23.9,24.03,23.8,23.97,23.94,23.93,44492915,10646.22,66409, 19569478, 43.98
AUBANK,EQ, 10-Jul-2026,1047.4,1052.0,1079.9,1050.0,1072.5,1072.1,1072.65,1470963,15778.29,65623, 806961, 54.86
AXISBANK,EQ, 10-Jul-2026,1297.6,1304.0,1326.6,1303.9,1323.0,1323.7,1319.97,3549139,46847.51,96348, 2074429, 58.45
BANDHANBNK,EQ, 10-Jul-2026,199.86,201.0,211.8,200.92,209.5,210.0,209.19,20211763,42281.08,128448, 8940999, 44.24
BANKBARODA,EQ, 10-Jul-2026,244.6,245.5,254.35,245.35,250.85,250.95,250.29,18239487,45651.1,101213, 9974641, 54.69
BANKINDIA,EQ, 10-Jul-2026,138.53,139.8,146.9,139.5,144.81,144.9,143.81,14184717,20399.32,64353, 5287104, 37.27
CANBK,EQ, 10-Jul-2026,124.8,125.4,131.48,125.31,128.88,128.78,128.3,40706138,52227.65,115544, 19855695, 48.78
CAPITALSFB,EQ, 10-Jul-2026,290.4,290.45,296.0,290.45,294.3,294.25,294.31,31770,93.5,726, 20833, 65.57
CENTRALBK,EQ, 10-Jul-2026,31.65,31.8,32.79,31.8,32.69,32.6,32.38,11343378,3673.5,23989, 5337561, 47.05
CSBBANK,EQ, 10-Jul-2026,351.05,352.0,362.6,351.95,360.6,360.4,356.26,528411,1882.54,23957, 250025, 47.32
CUB,EQ, 10-Jul-2026,229.09,230.95,231.48,226.25,227.0,229.33,228.89,2654713,6076.39,41870, 1554400, 58.55
DCBBANK,EQ, 10-Jul-2026,186.01,186.35,191.85,186.35,189.0,188.67,189.04,830642,1570.28,11391, 433786, 52.22
DHANBANK,EQ, 10-Jul-2026,33.89,34.05,35.06,33.89,34.8,34.75,34.51,1807621,623.77,7023, 618002, 34.19
EQUITASBNK,EQ, 10-Jul-2026,78.17,78.93,83.0,78.71,82.66,82.24,81.37,9276283,7548.2,42698, 4704270, 50.71
ESAFSFB,EQ, 10-Jul-2026,34.56,34.23,36.5,34.23,35.81,35.73,35.83,3641339,1304.55,9978, 1669545, 45.85
FEDERALBNK,EQ, 10-Jul-2026,327.75,330.3,332.5,327.85,330.0,329.85,329.6,5400203,17798.93,86150, 3386748, 62.72
FINOPB,EQ, 10-Jul-2026,134.65,135.9,137.5,134.5,135.9,135.4,135.67,194011,263.22,3109, 127943, 65.95
HDFCBANK,EQ, 10-Jul-2026,817.55,824.0,827.7,820.3,824.5,824.95,824.61,23595785,194573.54,296453, 16977137, 71.95
ICICIBANK,EQ, 10-Jul-2026,1380.7,1389.7,1408.2,1389.6,1401.2,1401.2,1402.11,6409645,89870.46,132249, 4093220, 63.86
IDBI,EQ, 10-Jul-2026,82.32,83.0,84.05,82.21,82.9,82.89,83.07,12013697,9979.37,24776, 3662898, 30.49
IDFCFIRSTB,EQ, 10-Jul-2026,79.46,79.9,81.37,79.79,80.7,80.83,80.92,14703154,11897.76,67334, 6833270, 46.47
INDIANB,EQ, 10-Jul-2026,793.15,800.0,874.9,794.75,873.35,870.7,854.87,17690322,151228.56,226949, 3044438, 17.21
INDUSINDBK,EQ, 10-Jul-2026,1015.15,1019.7,1031.65,1013.7,1015.5,1015.8,1020.18,1084109,11059.83,43717, 422011, 38.93
IOB,EQ, 10-Jul-2026,33.76,33.85,34.87,33.85,34.63,34.58,34.46,3775743,1300.97,15934, 1399749, 37.07
J&KBANK,EQ, 10-Jul-2026,168.41,169.08,201.75,169.08,191.0,192.65,185.8,22820672,42401.5,131845, 7449900, 32.65
JSFB,EQ, 10-Jul-2026,455.25,460.0,479.75,459.45,475.8,474.1,473.0,824280,3898.81,14950, 488943, 59.32
KARURVYSYA,EQ, 10-Jul-2026,295.65,299.0,308.35,297.05,305.65,305.65,304.76,2191223,6677.87,29593, 1256079, 57.32
KOTAKBANK,EQ, 10-Jul-2026,377.15,377.45,381.15,376.9,378.15,377.6,379.06,15468937,58636.71,137162, 10028294, 64.83
KTKBANK,EQ, 10-Jul-2026,268.0,268.0,277.95,267.95,276.8,276.35,272.95,3418808,9331.61,34438, 2108941, 61.69
MAHABANK,EQ, 10-Jul-2026,82.01,82.9,87.46,81.62,84.0,84.25,84.31,69639831,58716.63,189704, 17984362, 25.82
PNB,EQ, 10-Jul-2026,103.44,104.1,107.55,103.71,105.58,105.41,105.52,27098775,28594.83,67289, 11233186, 41.45
PSB,EQ, 10-Jul-2026,24.46,24.65,25.29,24.65,24.8,24.99,24.98,1969732,492.06,5559, 955427, 48.51
RBLBANK,EQ, 10-Jul-2026,362.8,365.05,381.6,365.0,380.1,380.65,376.9,9127348,34401.29,58494, 4901371, 53.70
SBIN,EQ, 10-Jul-2026,1022.1,1029.5,1047.8,1023.5,1036.4,1036.0,1033.75,8792150,90888.88,154813, 4249961, 48.34
SOUTHBANK,EQ, 10-Jul-2026,44.22,44.5,46.28,44.5,45.95,45.81,45.54,21345407,9721.33,40139, 9496806, 44.49
SURYODAY,EQ, 10-Jul-2026,177.13,178.0,186.0,177.21,185.5,184.31,181.95,917265,1669.0,12432, 518746, 56.55
TMB,EQ, 10-Jul-2026,769.2,777.0,807.95,772.55,807.0,801.6,792.3,342476,2713.45,16757, 191477, 55.91
UCOBANK,EQ, 10-Jul-2026,26.05,26.21,27.05,26.14,26.78,26.7,26.64,10242162,2728.82,20779, 1926789, 18.81
UJJIVANSFB,EQ, 10-Jul-2026,62.58,63.25,65.84,63.25,65.33,65.27,65.07,39570140,25747.76,113217, 20855448, 52.71
UNIONBANK,EQ, 10-Jul-2026,157.26,157.8,165.5,157.6,164.69,164.51,162.49,24598550,39969.58,104514, 9088884, 36.95
UTKARSHBNK,EQ, 10-Jul-2026,14.11,14.2,14.87,14.2,14.61,14.64,14.66,6982653,1023.35,9140, 3051301, 43.70
YESBANK,EQ, 10-Jul-2026,23.64,23.9,24.03,23.8,23.97,23.94,23.93,44492915,10646.22,66409, 19569478, 43.98
AUBANK,EQ, 13-Jul-2026,1072.1,1068.7,1068.7,1051.5,1061.0,1060.5,1058.92,779934,8258.89,36215, 365398, 46.85
AXISBANK,EQ, 13-Jul-2026,1323.7,1315.9,1329.9,1313.5,1321.2,1319.4,1320.87,3674483,48535.13,167092, 2171564, 59.10
BANDHANBNK,EQ, 13-Jul-2026,210.0,208.0,214.2,207.29,212.53,213.15,211.67,10596594,22429.49,75411, 4449544, 41.99
BANKBARODA,EQ, 13-Jul-2026,250.95,249.0,252.7,247.0,250.3,250.65,250.57,18662940,46763.01,86827, 11367644, 60.91
BANKINDIA,EQ, 13-Jul-2026,144.9,143.99,145.9,142.56,145.46,145.59,144.58,9795111,14161.7,38071, 3900749, 39.82
CANBK,EQ, 13-Jul-2026,128.78,127.47,129.73,126.44,129.2,129.33,128.34,19227723,24677.81,85087, 8664991, 45.07
CAPITALSFB,EQ, 13-Jul-2026,294.25,290.0,303.95,288.05,299.45,298.55,299.08,116144,347.36,2374, 74785, 64.39
CENTRALBK,EQ, 13-Jul-2026,32.6,32.2,32.87,32.07,32.78,32.72,32.63,9530629,3109.65,17734, 4571239, 47.96
CSBBANK,EQ, 13-Jul-2026,360.4,355.1,364.8,355.1,363.0,362.95,360.61,459778,1657.98,22353, 225781, 49.11
CUB,EQ, 13-Jul-2026,229.33,226.5,227.48,223.56,224.99,225.13,225.24,1301126,2930.66,26344, 741582, 57.00
DCBBANK,EQ, 13-Jul-2026,188.67,186.0,193.65,186.0,192.0,192.24,190.86,1484613,2833.47,28266, 786034, 52.95
DHANBANK,EQ, 13-Jul-2026,34.75,34.49,35.35,33.94,34.89,34.85,34.69,1183964,410.68,5345, 488506, 41.26
EQUITASBNK,EQ, 13-Jul-2026,82.24,82.0,83.47,81.13,83.38,83.07,82.4,4328808,3566.86,26304, 2002579, 46.26
ESAFSFB,EQ, 13-Jul-2026,35.73,35.5,37.1,35.0,35.5,35.43,35.92,1824110,655.15,5899, 879744, 48.23
FEDERALBNK,EQ, 13-Jul-2026,329.85,328.5,336.5,327.3,333.0,332.5,333.35,4617054,15391.03,57090, 1795100, 38.88
FINOPB,EQ, 13-Jul-2026,135.4,143.0,162.48,142.22,161.99,161.33,153.44,29573133,45376.42,147057, 1995751, 6.75
HDFCBANK,EQ, 13-Jul-2026,824.95,817.0,821.95,811.0,817.5,817.95,817.72,21741736,177786.98,242082, 11894060, 54.71
ICICIBANK,EQ, 13-Jul-2026,1401.2,1393.5,1413.0,1386.3,1407.8,1409.5,1403.36,10091437,141619.08,205509, 5684221, 56.33
IDBI,EQ, 13-Jul-2026,82.89,82.41,84.65,81.73,84.01,84.07,83.84,6877037,5766.0,26903, 2625104, 38.17
IDFCFIRSTB,EQ, 13-Jul-2026,80.83,79.99,80.79,79.86,80.41,80.58,80.39,13772292,11071.63,47901, 7572498, 54.98
INDIANB,EQ, 13-Jul-2026,870.7,868.0,871.5,839.35,842.75,842.55,851.09,4055265,34514.12,76268, 1345670, 33.18
INDUSINDBK,EQ, 13-Jul-2026,1015.8,1010.0,1018.2,1000.55,1011.7,1012.9,1011.3,862018,8717.61,30397, 358248, 41.56
IOB,EQ, 13-Jul-2026,34.58,34.49,34.94,33.82,34.1,34.15,34.35,4600184,1580.19,14352, 2226263, 48.40
J&KBANK,EQ, 13-Jul-2026,192.65,188.99,191.65,181.94,182.95,182.6,185.86,10888625,20237.18,83256, 3633555, 33.37
JSFB,EQ, 13-Jul-2026,474.1,474.1,492.0,474.1,483.5,486.75,485.45,1076817,5227.39,27012, 611306, 56.77
KARURVYSYA,EQ, 13-Jul-2026,305.65,305.0,312.0,301.1,307.5,308.4,309.12,2533423,7831.28,48016, 1209886, 47.76
KOTAKBANK,EQ, 13-Jul-2026,377.6,375.8,385.15,375.1,385.05,384.65,380.5,14167721,53908.11,114076, 9460143, 66.77
KTKBANK,EQ, 13-Jul-2026,276.35,273.9,279.8,272.5,278.5,278.95,276.91,1796025,4973.29,20638, 970100, 54.01
MAHABANK,EQ, 13-Jul-2026,84.25,83.57,84.71,81.9,82.55,82.56,82.73,29829138,24676.97,98474, 13848134, 46.42
PNB,EQ, 13-Jul-2026,105.41,104.6,106.45,104.0,106.31,106.34,105.71,11968478,12652.19,44739, 4986734, 41.67
PSB,EQ, 13-Jul-2026,24.99,24.75,25.24,24.62,25.09,25.08,25.05,1755166,439.73,5187, 962674, 54.85
RBLBANK,EQ, 13-Jul-2026,380.65,378.1,382.1,374.95,382.05,380.6,380.0,4539241,17249.13,30079, 2408854, 53.07
SBIN,EQ, 13-Jul-2026,1036.0,1023.5,1042.9,1022.1,1036.7,1037.0,1036.54,8381510,86877.9,196329, 3572985, 42.63
SOUTHBANK,EQ, 13-Jul-2026,45.81,45.75,46.2,44.82,45.95,45.88,45.84,10629738,4872.27,27480, 4050984, 38.11
SURYODAY,EQ, 13-Jul-2026,184.31,184.0,195.0,182.1,190.25,191.57,189.98,1469275,2791.35,18501, 575610, 39.18
TMB,EQ, 13-Jul-2026,801.6,804.95,812.5,792.0,797.0,801.1,804.61,258937,2083.42,14096, 130055, 50.23
UCOBANK,EQ, 13-Jul-2026,26.7,26.68,26.88,26.26,26.49,26.47,26.55,5113047,1357.66,13832, 1709461, 33.43
UJJIVANSFB,EQ, 13-Jul-2026,65.27,65.0,67.0,64.02,67.0,66.87,65.82,28602924,18827.33,93536, 12089184, 42.27
UNIONBANK,EQ, 13-Jul-2026,164.51,163.0,170.75,162.51,170.7,170.39,168.24,30404181,51152.05,106815, 12442667, 40.92
UTKARSHBNK,EQ, 13-Jul-2026,14.64,14.46,15.26,14.4,15.26,15.2,15.04,11066780,1663.91,11753, 5222835, 47.19
YESBANK,EQ, 13-Jul-2026,23.94,23.8,23.93,23.6,23.8,23.78,23.73,51935772,12323.98,67340, 20734970, 39.92
AUBANK,EQ, 14-Jul-2026,1060.5,1050.0,1052.3,1034.0,1039.0,1038.3,1041.08,996998,10379.59,30334, 525739, 52.73
AXISBANK,EQ, 14-Jul-2026,1319.4,1320.1,1323.7,1298.6,1318.5,1317.6,1313.7,6005505,78894.45,131465, 2672345, 44.50
BANDHANBNK,EQ, 14-Jul-2026,213.15,208.0,210.6,206.4,207.9,207.87,208.66,5837526,12180.66,36210, 2411145, 41.30
BANKBARODA,EQ, 14-Jul-2026,250.65,249.8,251.15,245.7,246.65,246.6,247.25,9026197,22317.55,50250, 5151705, 57.08
BANKINDIA,EQ, 14-Jul-2026,145.59,144.89,146.13,141.35,141.98,141.87,142.94,7245592,10356.73,38385, 3374477, 46.57
CANBK,EQ, 14-Jul-2026,129.33,128.0,128.9,125.32,125.8,125.74,126.3,18692217,23609.17,97725, 9054928, 48.44
CAPITALSFB,EQ, 14-Jul-2026,298.55,299.35,300.0,292.65,296.3,296.6,296.57,30371,90.07,811, 22485, 74.03
CENTRALBK,EQ, 14-Jul-2026,32.72,32.61,33.09,32.14,32.31,32.23,32.47,17781168,5773.9,25259, 9385893, 52.79
CSBBANK,EQ, 14-Jul-2026,362.95,363.7,363.7,351.85,356.2,356.6,356.76,315837,1126.78,18722, 154462, 48.91
CUB,EQ, 14-Jul-2026,225.13,224.0,225.55,220.06,220.3,221.3,222.1,1175916,2611.65,29138, 650881, 55.35
DCBBANK,EQ, 14-Jul-2026,192.24,191.11,191.55,185.55,187.0,187.38,188.6,1101456,2077.32,33300, 619804, 56.27
DHANBANK,EQ, 14-Jul-2026,34.85,34.85,34.9,33.7,33.99,34.0,34.09,1084060,369.52,4078, 569740, 52.56
EQUITASBNK,EQ, 14-Jul-2026,83.07,83.38,83.38,79.55,80.09,79.94,80.77,2820502,2278.02,14663, 1389688, 49.27
ESAFSFB,EQ, 14-Jul-2026,35.43,35.35,35.58,34.53,35.13,35.04,35.04,1085000,380.2,3584, 554457, 51.10
FEDERALBNK,EQ, 14-Jul-2026,332.5,331.0,332.8,326.15,328.5,327.5,327.82,3477293,11399.21,53772, 2120793, 60.99
FINOPB,EQ, 14-Jul-2026,161.33,164.8,189.47,163.65,175.39,176.4,179.53,50668801,90967.71,282261, 2713522, 5.36
HDFCBANK,EQ, 14-Jul-2026,817.95,811.4,818.4,807.0,809.0,809.4,811.9,25605395,207891.13,292714, 12189945, 47.61
ICICIBANK,EQ, 14-Jul-2026,1409.5,1400.0,1411.8,1392.0,1406.4,1407.7,1404.33,14133017,198474.83,172884, 7896949, 55.88
IDBI,EQ, 14-Jul-2026,84.07,85.0,88.49,84.64,86.48,86.54,86.78,52823029,45842.29,147471, 8791839, 16.64
IDFCFIRSTB,EQ, 14-Jul-2026,80.58,79.91,80.09,78.9,79.3,79.27,79.37,13422071,10653.23,53465, 7084027, 52.78
INDIANB,EQ, 14-Jul-2026,842.55,840.0,846.0,824.5,834.15,833.45,832.38,1613902,13433.78,42241, 607933, 37.67
INDUSINDBK,EQ, 14-Jul-2026,1012.9,1008.9,1009.0,994.1,997.4,997.35,999.49,767488,7670.95,29549, 317330, 41.35
IOB,EQ, 14-Jul-2026,34.15,33.95,34.2,33.56,33.73,33.68,33.75,2480783,837.24,10783, 1279444, 51.57
J&KBANK,EQ, 14-Jul-2026,182.6,181.75,182.2,176.73,178.2,177.4,178.64,3442411,6149.61,29309, 1100050, 31.96
JSFB,EQ, 14-Jul-2026,486.75,486.9,492.2,481.05,492.0,489.95,487.28,692361,3373.75,17139, 376396, 54.36
KARURVYSYA,EQ, 14-Jul-2026,308.4,309.0,309.3,299.0,299.6,299.55,302.77,1694808,5131.34,33709, 1016124, 59.96
KOTAKBANK,EQ, 14-Jul-2026,384.65,383.5,383.5,376.1,378.1,378.65,378.3,16237528,61427.04,169778, 8998783, 55.42
KTKBANK,EQ, 14-Jul-2026,278.95,278.1,278.1,273.1,274.5,274.15,274.92,1184808,3257.23,17423, 702002, 59.25
MAHABANK,EQ, 14-Jul-2026,82.56,82.0,82.15,79.35,79.49,79.47,80.23,27947281,22421.93,90384, 14704444, 52.61
PNB,EQ, 14-Jul-2026,106.34,106.0,106.3,104.6,104.9,105.0,105.09,9414016,9893.21,31631, 3784900, 40.20
PSB,EQ, 14-Jul-2026,25.08,24.98,25.04,24.7,24.87,24.81,24.83,576104,143.03,2392, 297919, 51.71
RBLBANK,EQ, 14-Jul-2026,380.6,379.4,381.05,374.6,376.95,377.95,378.18,6595796,24944.28,43343, 3575777, 54.21
SBIN,EQ, 14-Jul-2026,1037.0,1033.3,1033.7,1011.4,1012.7,1015.4,1019.22,11562326,117845.51,203315, 5845603, 50.56
SOUTHBANK,EQ, 14-Jul-2026,45.88,45.8,46.22,45.2,45.3,45.33,45.59,11111427,5066.17,28179, 5425550, 48.83
SURYODAY,EQ, 14-Jul-2026,191.57,190.0,192.9,186.0,187.55,187.27,189.44,444818,842.66,6865, 185119, 41.62
TMB,EQ, 14-Jul-2026,801.1,799.0,800.95,777.15,783.0,780.35,786.63,98226,772.68,8823, 48642, 49.52
UCOBANK,EQ, 14-Jul-2026,26.47,26.47,26.47,26.02,26.15,26.19,26.19,4091193,1071.65,11312, 1646024, 40.23
UJJIVANSFB,EQ, 14-Jul-2026,66.87,66.21,67.45,64.78,65.11,65.14,65.72,22162531,14564.5,75956, 9470607, 42.73
UNIONBANK,EQ, 14-Jul-2026,170.39,170.0,171.42,167.18,170.85,170.67,169.54,15703329,26623.29,65858, 5142692, 32.75
UTKARSHBNK,EQ, 14-Jul-2026,15.2,15.06,15.7,14.95,15.0,14.98,15.32,15564560,2384.91,24526, 7090838, 45.56
YESBANK,EQ, 14-Jul-2026,23.78,23.75,23.85,23.5,23.64,23.61,23.64,61791520,14604.96,65521, 32311887, 52.29
AUBANK,EQ, 15-Jul-2026,1038.3,1042.9,1052.7,1036.9,1037.9,1040.6,1044.29,464281,4848.43,31197, 177849, 38.31
AXISBANK,EQ, 15-Jul-2026,1317.6,1328.0,1348.0,1303.3,1311.9,1312.3,1326.94,9442403,125294.93,184887, 5077075, 53.77
BANDHANBNK,EQ, 15-Jul-2026,207.87,208.75,220.76,208.51,216.52,216.52,217.34,23750005,51618.06,110540, 7426228, 31.27
BANKBARODA,EQ, 15-Jul-2026,246.6,248.0,250.4,246.95,247.6,248.15,248.41,8127491,20189.45,50213, 3677055, 45.24
BANKINDIA,EQ, 15-Jul-2026,141.87,142.7,147.48,142.56,144.9,145.21,145.4,14148660,20572.57,51635, 5844826, 41.31
CANBK,EQ, 15-Jul-2026,125.74,126.5,128.2,126.1,126.49,126.47,127.0,24325901,30892.87,81023, 11773639, 48.40
CAPITALSFB,EQ, 15-Jul-2026,296.6,296.6,301.65,293.05,298.0,296.6,297.43,35841,106.6,1058, 25447, 71.00
CENTRALBK,EQ, 15-Jul-2026,32.23,32.41,32.95,32.36,32.74,32.72,32.7,11518453,3767.0,19107, 6058077, 52.59
CSBBANK,EQ, 15-Jul-2026,356.6,358.0,376.55,358.0,368.25,365.7,368.46,809428,2982.42,24643, 295696, 36.53
CUB,EQ, 15-Jul-2026,221.3,220.21,224.75,217.63,220.5,220.21,221.42,2595607,5747.11,44376, 1728628, 66.60
DCBBANK,EQ, 15-Jul-2026,187.38,187.38,192.39,187.38,189.7,190.3,190.35,1119478,2130.9,31182, 558820, 49.92
DHANBANK,EQ, 15-Jul-2026,34.0,34.03,34.35,33.47,34.15,33.89,33.96,1010911,343.3,3636, 423996, 41.94
EQUITASBNK,EQ, 15-Jul-2026,79.94,80.49,83.9,79.28,80.0,79.89,81.96,5774156,4732.39,27492, 2765425, 47.89
ESAFSFB,EQ, 15-Jul-2026,35.04,35.13,36.8,35.13,35.94,35.81,35.97,1591206,572.3,4841, 837606, 52.64
FEDERALBNK,EQ, 15-Jul-2026,327.5,328.5,330.7,325.6,327.3,327.55,327.9,2909042,9538.65,40293, 1549766, 53.27
FINOPB,EQ, 15-Jul-2026,176.4,178.9,185.5,168.3,169.4,170.77,175.7,15698915,27582.81,99794, 1146752, 7.30
HDFCBANK,EQ, 15-Jul-2026,809.4,811.0,819.7,809.7,815.0,815.45,815.46,21488739,175232.3,250860, 13642307, 63.49
ICICIBANK,EQ, 15-Jul-2026,1407.7,1412.9,1428.0,1409.2,1411.1,1416.2,1418.03,12961648,183800.61,203709, 8843263, 68.23
IDBI,EQ, 15-Jul-2026,86.54,87.5,89.94,85.52,85.95,86.23,87.88,47957138,42143.28,119898, 12275381, 25.60
IDFCFIRSTB,EQ, 15-Jul-2026,79.27,79.42,80.47,79.26,79.43,79.47,79.81,9684988,7729.88,56410, 4418490, 45.62
INDIANB,EQ, 15-Jul-2026,833.45,835.15,849.75,827.2,829.9,830.55,839.98,2550503,21423.59,62650, 1105616, 43.35
INDUSINDBK,EQ, 15-Jul-2026,997.35,998.4,1022.85,992.0,1014.0,1009.7,1012.82,1491258,15103.74,50156, 686087, 46.01
IOB,EQ, 15-Jul-2026,33.68,33.75,34.16,33.62,33.83,33.78,33.84,2217846,750.51,10759, 818980, 36.93
J&KBANK,EQ, 15-Jul-2026,177.4,179.2,188.39,178.99,183.8,182.63,183.83,11185388,20561.78,72740, 2194478, 19.62
JSFB,EQ, 15-Jul-2026,489.95,494.4,502.0,483.1,492.65,488.9,494.64,1196637,5919.0,26669, 570167, 47.65
KARURVYSYA,EQ, 15-Jul-2026,299.55,302.5,308.6,301.05,306.8,305.4,305.9,2108877,6451.09,46589, 1130380, 53.60
KOTAKBANK,EQ, 15-Jul-2026,378.65,379.35,382.8,376.25,378.45,378.4,378.76,8082156,30611.62,93507, 4507753, 55.77
KTKBANK,EQ, 15-Jul-2026,274.15,276.0,280.0,273.0,275.2,274.95,276.79,1376619,3810.37,20881, 574081, 41.70
MAHABANK,EQ, 15-Jul-2026,79.47,80.0,81.68,79.86,80.01,80.1,80.8,13776867,11131.13,52462, 5915364, 42.94
PNB,EQ, 15-Jul-2026,105.0,105.5,106.93,104.88,105.72,105.71,105.99,11898610,12611.28,39791, 3313284, 27.85
PSB,EQ, 15-Jul-2026,24.81,24.8,25.12,24.42,24.74,24.61,24.81,1351288,335.22,3629, 617088, 45.67
RBLBANK,EQ, 15-Jul-2026,377.95,378.0,382.35,372.1,372.85,372.8,377.79,3536899,13361.93,43857, 1377971, 38.96
SBIN,EQ, 15-Jul-2026,1015.4,1015.5,1036.0,1013.7,1030.8,1030.1,1028.13,14275394,146769.67,164713, 7105463, 49.77
SOUTHBANK,EQ, 15-Jul-2026,45.33,45.79,46.22,44.99,45.58,45.52,45.68,11975201,5470.65,28030, 4307411, 35.97
SURYODAY,EQ, 15-Jul-2026,187.27,186.0,193.38,186.0,190.45,189.21,190.97,365758,698.47,5438, 140908, 38.52
TMB,EQ, 15-Jul-2026,780.35,798.0,819.7,792.35,816.0,815.75,811.58,404554,3283.28,23443, 198038, 48.95
UCOBANK,EQ, 15-Jul-2026,26.19,26.19,26.74,26.08,26.25,26.24,26.35,6430063,1694.3,18060, 1178925, 18.33
UJJIVANSFB,EQ, 15-Jul-2026,65.14,65.35,66.74,64.5,65.42,65.51,65.99,14595011,9631.54,55584, 6234613, 42.72
UNIONBANK,EQ, 15-Jul-2026,170.67,171.21,177.49,168.7,172.3,172.38,173.83,60853488,105778.76,205063, 12430231, 20.43
UTKARSHBNK,EQ, 15-Jul-2026,14.98,14.98,15.31,14.84,14.95,14.97,15.08,5755444,868.0,8069, 2367455, 41.13
YESBANK,EQ, 15-Jul-2026,23.61,23.69,23.82,23.52,23.57,23.6,23.67,44964825,10644.19,61221, 14348864, 31.91
AUBANK,EQ, 16-Jul-2026,1040.6,1025.2,1045.0,1025.1,1034.0,1035.1,1034.77,610596,6318.24,27109, 284915, 46.66
AXISBANK,EQ, 16-Jul-2026,1312.3,1315.1,1315.5,1299.4,1308.5,1307.6,1305.33,5001226,65282.67,83210, 3052162, 61.03
BANDHANBNK,EQ, 16-Jul-2026,216.52,217.13,218.0,213.0,214.5,214.42,215.43,7387473,15915.06,42751, 2928720, 39.64
BANKBARODA,EQ, 16-Jul-2026,248.15,249.2,249.6,247.05,248.55,248.3,248.26,5277402,13101.46,40935, 2685224, 50.88
BANKINDIA,EQ, 16-Jul-2026,145.21,145.3,146.45,142.85,143.01,143.33,143.98,4441430,6394.95,39659, 1733945, 39.04
CANBK,EQ, 16-Jul-2026,126.47,127.0,127.19,125.35,125.81,125.9,126.18,11463126,14463.9,52791, 4815722, 42.01
CAPITALSFB,EQ, 16-Jul-2026,296.6,296.6,300.45,295.5,298.1,299.35,299.02,86348,258.2,1322, 67474, 78.14
CENTRALBK,EQ, 16-Jul-2026,32.72,32.85,32.97,32.5,32.68,32.61,32.72,7629432,2496.05,27430, 4404815, 57.73
CSBBANK,EQ, 16-Jul-2026,365.7,365.95,369.7,361.55,365.5,365.55,364.77,153642,560.45,7666, 70338, 45.78
CUB,EQ, 16-Jul-2026,220.21,222.37,225.44,220.01,221.0,220.88,221.47,882521,1954.52,25292, 428311, 48.53
DCBBANK,EQ, 16-Jul-2026,190.3,190.3,190.95,185.4,186.49,186.37,186.82,552226,1031.69,13108, 302466, 54.77
DHANBANK,EQ, 16-Jul-2026,33.89,33.92,34.75,33.27,34.5,34.1,34.0,1167300,396.83,5045, 421422, 36.10
EQUITASBNK,EQ, 16-Jul-2026,79.89,80.01,80.8,76.6,77.3,77.42,77.87,4334073,3375.03,27793, 1983762, 45.77
ESAFSFB,EQ, 16-Jul-2026,35.81,35.99,36.5,35.37,36.1,36.06,36.04,990635,357.02,3663, 571099, 57.65
FEDERALBNK,EQ, 16-Jul-2026,327.55,328.55,329.95,324.0,329.25,326.6,327.11,9916604,32438.08,90072, 6288466, 63.41
FINOPB,EQ, 16-Jul-2026,170.77,170.0,170.19,157.5,158.5,158.24,161.96,2276431,3686.91,20684, 529940, 23.28
HDFCBANK,EQ, 16-Jul-2026,815.45,814.5,818.0,806.5,808.35,808.3,810.8,18698186,151604.92,181496, 10473082, 56.01
ICICIBANK,EQ, 16-Jul-2026,1416.2,1420.1,1423.7,1406.2,1418.0,1418.2,1413.86,10165264,143722.71,133649, 5516502, 54.27
IDBI,EQ, 16-Jul-2026,86.23,86.65,86.8,85.2,85.6,85.54,85.62,8557863,7327.47,26037, 2861092, 33.43
IDFCFIRSTB,EQ, 16-Jul-2026,79.47,79.47,79.6,79.1,79.2,79.28,79.34,12618374,10011.87,56958, 8219128, 65.14
INDIANB,EQ, 16-Jul-2026,830.55,834.5,840.7,817.7,819.15,819.9,826.17,1629769,13464.65,52955, 900157, 55.23
INDUSINDBK,EQ, 16-Jul-2026,1009.7,1018.0,1019.0,1005.55,1013.15,1013.5,1011.73,695548,7037.09,27140, 306399, 44.05
IOB,EQ, 16-Jul-2026,33.78,33.78,33.88,33.64,33.75,33.79,33.76,1478585,499.11,11969, 799630, 54.08
J&KBANK,EQ, 16-Jul-2026,182.63,183.9,184.3,177.1,177.6,177.73,179.61,3303895,5934.22,32938, 1375018, 41.62
JSFB,EQ, 16-Jul-2026,488.9,502.0,521.05,494.15,498.05,497.7,506.73,6393862,32399.58,111066, 1877755, 29.37
KARURVYSYA,EQ, 16-Jul-2026,305.4,307.0,309.7,303.5,304.2,304.15,305.8,1481899,4531.61,28768, 854350, 57.65
KOTAKBANK,EQ, 16-Jul-2026,378.4,377.5,381.25,376.55,376.7,377.15,378.67,10889356,41234.3,121454, 7264811, 66.71
KTKBANK,EQ, 16-Jul-2026,274.95,275.35,279.9,272.05,272.05,273.55,275.37,1007231,2773.6,23371, 548479, 54.45
MAHABANK,EQ, 16-Jul-2026,80.1,80.15,80.39,79.12,79.47,79.49,79.58,9638994,7670.45,52901, 4623931, 47.97
PNB,EQ, 16-Jul-2026,105.71,106.09,106.09,104.9,105.15,105.22,105.33,11650044,12271.42,53829, 5763934, 49.48
PSB,EQ, 16-Jul-2026,24.61,24.61,24.91,24.51,24.72,24.72,24.71,1255156,310.2,3511, 589457, 46.96
RBLBANK,EQ, 16-Jul-2026,372.8,373.2,373.95,361.3,363.5,362.8,363.1,30740165,111618.43,135903, 22360934, 72.74
SBIN,EQ, 16-Jul-2026,1030.1,1030.1,1036.0,1027.3,1030.8,1031.2,1030.76,7708316,79454.31,133865, 3457065, 44.85
SOUTHBANK,EQ, 16-Jul-2026,45.52,45.74,46.59,43.94,45.3,45.39,45.35,35495538,16095.73,72109, 8013680, 22.58
SURYODAY,EQ, 16-Jul-2026,189.21,189.21,189.21,184.8,186.0,185.49,186.36,253515,472.44,5928, 141047, 55.64
TMB,EQ, 16-Jul-2026,815.75,819.6,821.2,795.0,799.5,797.5,806.07,172839,1393.21,10697, 100011, 57.86
UCOBANK,EQ, 16-Jul-2026,26.24,26.1,26.38,26.0,26.13,26.1,26.13,3197043,835.53,12377, 1084605, 33.93
UJJIVANSFB,EQ, 16-Jul-2026,65.51,65.52,66.16,64.1,65.83,65.62,65.37,11662798,7624.39,48828, 4669491, 40.04
UNIONBANK,EQ, 16-Jul-2026,172.38,175.05,175.09,168.05,168.65,168.77,170.76,13286469,22687.57,68463, 4689159, 35.29
UTKARSHBNK,EQ, 16-Jul-2026,14.97,14.97,15.15,14.8,14.96,15.05,14.95,3110309,464.88,4641, 1232284, 39.62
YESBANK,EQ, 16-Jul-2026,23.6,23.8,23.87,23.58,23.76,23.75,23.74,53414170,12680.19,70378, 23732109, 44.43
AUBANK,EQ, 17-Jul-2026,1035.1,1035.1,1037.0,1018.3,1028.0,1030.2,1026.72,748829,7688.4,28999, 383846, 51.26
AXISBANK,EQ, 17-Jul-2026,1307.6,1307.0,1333.0,1305.0,1329.4,1328.5,1325.25,11192836,148332.92,195617, 6894193, 61.59
BANDHANBNK,EQ, 17-Jul-2026,214.42,213.86,216.09,211.74,213.0,213.25,213.55,6777972,14474.36,40214, 3004526, 44.33
BANKBARODA,EQ, 17-Jul-2026,248.3,249.0,249.0,245.6,246.75,246.8,247.04,6785854,16763.92,47721, 3407678, 50.22
BANKINDIA,EQ, 17-Jul-2026,143.33,143.5,144.2,141.77,142.83,143.17,142.77,4520145,6453.59,32189, 1826790, 40.41
CANBK,EQ, 17-Jul-2026,125.9,125.9,126.09,124.3,125.15,125.01,125.01,19266430,24084.12,86936, 10740184, 55.75
CAPITALSFB,EQ, 17-Jul-2026,299.35,299.35,305.5,295.0,304.45,303.95,301.2,187364,564.33,2523, 133697, 71.36
CENTRALBK,EQ, 17-Jul-2026,32.61,32.6,33.3,31.56,31.7,31.66,32.16,33116552,10651.01,55049, 12214352, 36.88
CSBBANK,EQ, 17-Jul-2026,365.55,364.5,370.75,357.55,366.6,368.75,363.43,292306,1062.32,9936, 142505, 48.75
CUB,EQ, 17-Jul-2026,220.88,221.11,225.5,218.23,224.51,224.63,222.52,1792388,3988.41,24862, 1054457, 58.83
DCBBANK,EQ, 17-Jul-2026,186.37,186.37,190.1,185.0,190.0,189.93,188.61,741468,1398.5,13971, 420710, 56.74
DHANBANK,EQ, 17-Jul-2026,34.1,34.08,34.62,33.42,33.84,33.86,33.96,1279693,434.52,4201, 541469, 42.31
EQUITASBNK,EQ, 17-Jul-2026,77.42,77.42,78.45,76.71,77.7,77.72,77.47,2084940,1615.22,19011, 868747, 41.67
ESAFSFB,EQ, 17-Jul-2026,36.06,35.73,36.68,34.81,35.31,35.2,35.46,899746,319.08,3758, 311685, 34.64
FEDERALBNK,EQ, 17-Jul-2026,326.6,328.7,351.0,323.4,348.0,349.0,341.27,44155126,150689.42,272498, 9652330, 21.86
FINOPB,EQ, 17-Jul-2026,158.24,159.02,180.75,159.02,177.62,174.21,174.59,58714643,102509.46,315861, 1557192, 2.65
HDFCBANK,EQ, 17-Jul-2026,808.3,810.0,823.7,808.5,820.8,819.6,817.91,17415322,142441.32,252225, 10883338, 62.49
ICICIBANK,EQ, 17-Jul-2026,1418.2,1422.1,1455.1,1419.7,1454.0,1444.3,1438.3,11112550,159832.33,199474, 6835725, 61.51
IDBI,EQ, 17-Jul-2026,85.54,85.6,87.6,84.81,87.0,87.02,86.76,12364906,10727.23,36663, 4705182, 38.05
IDFCFIRSTB,EQ, 17-Jul-2026,79.28,79.28,80.8,78.78,80.0,80.35,79.73,12269443,9782.12,53643, 5350138, 43.61
INDIANB,EQ, 17-Jul-2026,819.9,821.0,835.75,816.0,831.0,832.4,829.83,2707156,22464.83,51937, 1724876, 63.72
INDUSINDBK,EQ, 17-Jul-2026,1013.5,1013.8,1031.2,1010.0,1026.1,1027.2,1024.72,2257757,23135.64,64390, 1231386, 54.54
IOB,EQ, 17-Jul-2026,33.79,33.8,33.95,33.55,33.91,33.85,33.74,1664896,561.75,7892, 784638, 47.13
J&KBANK,EQ, 17-Jul-2026,177.73,178.4,185.2,177.0,183.49,182.69,182.16,6437349,11725.98,54932, 1968221, 30.58
JSFB,EQ, 17-Jul-2026,497.7,502.25,504.55,487.85,492.0,493.0,496.11,626855,3109.9,14758, 262236, 41.83
KARURVYSYA,EQ, 17-Jul-2026,304.15,306.25,311.0,301.6,309.8,309.8,306.64,1820679,5582.85,28908, 826453, 45.39
KOTAKBANK,EQ, 17-Jul-2026,377.15,377.5,391.8,375.7,390.7,389.95,385.76,17847316,68847.02,168736, 10190959, 57.10
KTKBANK,EQ, 17-Jul-2026,273.55,271.5,276.9,268.35,273.4,273.15,272.06,1476777,4017.67,22768, 738860, 50.03
MAHABANK,EQ, 17-Jul-2026,79.49,79.6,80.59,79.15,79.91,79.9,79.87,7153493,5713.28,28833, 2897869, 40.51
PNB,EQ, 17-Jul-2026,105.22,105.25,106.1,104.59,106.01,105.77,105.25,14161891,14906.08,46420, 5852169, 41.32
PSB,EQ, 17-Jul-2026,24.72,24.74,24.85,24.55,24.75,24.77,24.69,1175775,290.35,3100, 423188, 35.99
RBLBANK,EQ, 17-Jul-2026,362.8,364.0,369.65,360.25,367.5,368.1,366.41,4268755,15641.16,42169, 1715237, 40.18
SBIN,EQ, 17-Jul-2026,1031.2,1030.6,1048.0,1028.3,1043.2,1044.3,1041.53,8452780,88037.94,203653, 4484419, 53.05
SOUTHBANK,EQ, 17-Jul-2026,45.39,45.53,45.75,44.11,44.63,44.6,44.59,16100153,7179.09,38820, 5592287, 34.73
SURYODAY,EQ, 17-Jul-2026,185.49,184.96,187.14,177.3,180.04,179.79,179.49,336383,603.76,5733, 176024, 52.33
TMB,EQ, 17-Jul-2026,797.5,804.8,804.8,787.1,795.5,797.35,793.16,99299,787.6,6969, 46392, 46.72
UCOBANK,EQ, 17-Jul-2026,26.1,26.06,26.19,25.92,26.1,26.06,26.06,2639502,687.73,8198, 937968, 35.54
UJJIVANSFB,EQ, 17-Jul-2026,65.62,65.64,66.6,64.32,64.9,64.88,65.61,19761879,12965.37,41144, 9397374, 47.55
UNIONBANK,EQ, 17-Jul-2026,168.77,169.0,169.42,166.25,167.95,168.46,168.06,10762360,18087.47,42384, 4306703, 40.02
UTKARSHBNK,EQ, 17-Jul-2026,15.05,15.06,15.18,14.83,15.02,14.99,15.0,5730508,859.36,5686, 2193657, 38.28
YESBANK,EQ, 17-Jul-2026,23.75,23.75,23.75,23.21,23.53,23.61,23.52,75453831,17743.55,65896, 24107539, 31.95
AUBANK,EQ, 17-Jul-2026,1035.1,1035.1,1037.0,1018.3,1028.0,1030.2,1026.72,748829,7688.4,28999, 383846, 51.26
AXISBANK,EQ, 17-Jul-2026,1307.6,1307.0,1333.0,1305.0,1329.4,1328.5,1325.25,11192836,148332.92,195617, 6894193, 61.59
BANDHANBNK,EQ, 17-Jul-2026,214.42,213.86,216.09,211.74,213.0,213.25,213.55,6777972,14474.36,40214, 3004526, 44.33
BANKBARODA,EQ, 17-Jul-2026,248.3,249.0,249.0,245.6,246.75,246.8,247.04,6785854,16763.92,47721, 3407678, 50.22
BANKINDIA,EQ, 17-Jul-2026,143.33,143.5,144.2,141.77,142.83,143.17,142.77,4520145,6453.59,32189, 1826790, 40.41
CANBK,EQ, 17-Jul-2026,125.9,125.9,126.09,124.3,125.15,125.01,125.01,19266430,24084.12,86936, 10740184, 55.75
CAPITALSFB,EQ, 17-Jul-2026,299.35,299.35,305.5,295.0,304.45,303.95,301.2,187364,564.33,2523, 133697, 71.36
CENTRALBK,EQ, 17-Jul-2026,32.61,32.6,33.3,31.56,31.7,31.66,32.16,33116552,10651.01,55049, 12214352, 36.88
CSBBANK,EQ, 17-Jul-2026,365.55,364.5,370.75,357.55,366.6,368.75,363.43,292306,1062.32,9936, 142505, 48.75
CUB,EQ, 17-Jul-2026,220.88,221.11,225.5,218.23,224.51,224.63,222.52,1792388,3988.41,24862, 1054457, 58.83
DCBBANK,EQ, 17-Jul-2026,186.37,186.37,190.1,185.0,190.0,189.93,188.61,741468,1398.5,13971, 420710, 56.74
DHANBANK,EQ, 17-Jul-2026,34.1,34.08,34.62,33.42,33.84,33.86,33.96,1279693,434.52,4201, 541469, 42.31
EQUITASBNK,EQ, 17-Jul-2026,77.42,77.42,78.45,76.71,77.7,77.72,77.47,2084940,1615.22,19011, 868747, 41.67
ESAFSFB,EQ, 17-Jul-2026,36.06,35.73,36.68,34.81,35.31,35.2,35.46,899746,319.08,3758, 311685, 34.64
FEDERALBNK,EQ, 17-Jul-2026,326.6,328.7,351.0,323.4,348.0,349.0,341.27,44155126,150689.42,272498, 9652330, 21.86
FINOPB,EQ, 17-Jul-2026,158.24,159.02,180.75,159.02,177.62,174.21,174.59,58714643,102509.46,315861, 1557192, 2.65
HDFCBANK,EQ, 17-Jul-2026,808.3,810.0,823.7,808.5,820.8,819.6,817.91,17415322,142441.32,252225, 10883338, 62.49
ICICIBANK,EQ, 17-Jul-2026,1418.2,1422.1,1455.1,1419.7,1454.0,1444.3,1438.3,11112550,159832.33,199474, 6835725, 61.51
IDBI,EQ, 17-Jul-2026,85.54,85.6,87.6,84.81,87.0,87.02,86.76,12364906,10727.23,36663, 4705182, 38.05
IDFCFIRSTB,EQ, 17-Jul-2026,79.28,79.28,80.8,78.78,80.0,80.35,79.73,12269443,9782.12,53643, 5350138, 43.61
INDIANB,EQ, 17-Jul-2026,819.9,821.0,835.75,816.0,831.0,832.4,829.83,2707156,22464.83,51937, 1724876, 63.72
INDUSINDBK,EQ, 17-Jul-2026,1013.5,1013.8,1031.2,1010.0,1026.1,1027.2,1024.72,2257757,23135.64,64390, 1231386, 54.54
IOB,EQ, 17-Jul-2026,33.79,33.8,33.95,33.55,33.91,33.85,33.74,1664896,561.75,7892, 784638, 47.13
J&KBANK,EQ, 17-Jul-2026,177.73,178.4,185.2,177.0,183.49,182.69,182.16,6437349,11725.98,54932, 1968221, 30.58
JSFB,EQ, 17-Jul-2026,497.7,502.25,504.55,487.85,492.0,493.0,496.11,626855,3109.9,14758, 262236, 41.83
KARURVYSYA,EQ, 17-Jul-2026,304.15,306.25,311.0,301.6,309.8,309.8,306.64,1820679,5582.85,28908, 826453, 45.39
KOTAKBANK,EQ, 17-Jul-2026,377.15,377.5,391.8,375.7,390.7,389.95,385.76,17847316,68847.02,168736, 10190959, 57.10
KTKBANK,EQ, 17-Jul-2026,273.55,271.5,276.9,268.35,273.4,273.15,272.06,1476777,4017.67,22768, 738860, 50.03
MAHABANK,EQ, 17-Jul-2026,79.49,79.6,80.59,79.15,79.91,79.9,79.87,7153493,5713.28,28833, 2897869, 40.51
PNB,EQ, 17-Jul-2026,105.22,105.25,106.1,104.59,106.01,105.77,105.25,14161891,14906.08,46420, 5852169, 41.32
PSB,EQ, 17-Jul-2026,24.72,24.74,24.85,24.55,24.75,24.77,24.69,1175775,290.35,3100, 423188, 35.99
RBLBANK,EQ, 17-Jul-2026,362.8,364.0,369.65,360.25,367.5,368.1,366.41,4268755,15641.16,42169, 1715237, 40.18
SBIN,EQ, 17-Jul-2026,1031.2,1030.6,1048.0,1028.3,1043.2,1044.3,1041.53,8452780,88037.94,203653, 4484419, 53.05
SOUTHBANK,EQ, 17-Jul-2026,45.39,45.53,45.75,44.11,44.63,44.6,44.59,16100153,7179.09,38820, 5592287, 34.73
SURYODAY,EQ, 17-Jul-2026,185.49,184.96,187.14,177.3,180.04,179.79,179.49,336383,603.76,5733, 176024, 52.33
TMB,EQ, 17-Jul-2026,797.5,804.8,804.8,787.1,795.5,797.35,793.16,99299,787.6,6969, 46392, 46.72
UCOBANK,EQ, 17-Jul-2026,26.1,26.06,26.19,25.92,26.1,26.06,26.06,2639502,687.73,8198, 937968, 35.54
UJJIVANSFB,EQ, 17-Jul-2026,65.62,65.64,66.6,64.32,64.9,64.88,65.61,19761879,12965.37,41144, 9397374, 47.55
UNIONBANK,EQ, 17-Jul-2026,168.77,169.0,169.42,166.25,167.95,168.46,168.06,10762360,18087.47,42384, 4306703, 40.02
UTKARSHBNK,EQ, 17-Jul-2026,15.05,15.06,15.18,14.83,15.02,14.99,15.0,5730508,859.36,5686, 2193657, 38.28
YESBANK,EQ, 17-Jul-2026,23.75,23.75,23.75,23.21,23.53,23.61,23.52,75453831,17743.55,65896, 24107539, 31.95
AUBANK,EQ, 20-Jul-2026,1030.2,1036.0,1038.6,989.6,994.0,993.3,999.96,3385647,33855.12,102644, 1791751, 52.92
AXISBANK,EQ, 20-Jul-2026,1328.5,1275.0,1284.0,1249.1,1257.1,1256.0,1261.54,25314148,319348.24,520105, 16693350, 65.94
BANDHANBNK,EQ, 20-Jul-2026,213.25,213.6,213.88,209.57,211.99,211.34,211.63,7759701,16421.87,52334, 3382964, 43.60
BANKBARODA,EQ, 20-Jul-2026,246.8,247.5,256.15,246.05,254.4,254.85,252.94,15040259,38043.56,156059, 8817058, 58.62
BANKINDIA,EQ, 20-Jul-2026,143.17,143.0,147.78,142.66,147.0,146.95,145.98,13068497,19076.75,61684, 5780920, 44.24
CANBK,EQ, 20-Jul-2026,125.01,125.15,129.6,125.06,128.7,128.82,128.14,44159205,56586.28,117833, 21931349, 49.66
CAPITALSFB,EQ, 20-Jul-2026,303.95,305.0,306.6,295.6,305.0,305.25,302.78,63177,191.29,2551, 40789, 64.56
CENTRALBK,EQ, 20-Jul-2026,31.66,31.79,32.22,31.41,32.0,32.05,31.81,15122013,4810.45,26367, 5906982, 39.06
CSBBANK,EQ, 20-Jul-2026,368.75,368.75,372.5,359.85,361.0,360.95,363.91,395286,1438.48,11354, 209794, 53.07
CUB,EQ, 20-Jul-2026,224.63,224.63,227.49,221.8,225.11,224.98,224.41,1092039,2450.6,26009, 479244, 43.89
DCBBANK,EQ, 20-Jul-2026,189.93,189.0,190.89,187.0,189.61,189.85,189.28,508875,963.18,11223, 261873, 51.46
DHANBANK,EQ, 20-Jul-2026,33.86,33.86,34.52,33.57,33.89,33.8,33.99,947706,322.08,2762, 360503, 38.04
EQUITASBNK,EQ, 20-Jul-2026,77.72,77.72,79.88,77.46,79.41,79.28,78.67,2704523,2127.66,23005, 1107137, 40.94
ESAFSFB,EQ, 20-Jul-2026,35.2,35.4,35.89,34.51,35.65,35.41,35.0,520577,182.21,2526, 217073, 41.70
FEDERALBNK,EQ, 20-Jul-2026,349.0,341.5,352.2,341.5,351.5,350.75,348.69,10483345,36554.47,99353, 4274213, 40.77
FINOPB,EQ, 20-Jul-2026,174.21,177.5,177.5,166.0,166.6,168.49,169.16,5229618,8846.35,37061, 588693, 11.26
HDFCBANK,EQ, 20-Jul-2026,819.6,790.0,790.0,774.55,777.95,777.6,780.64,56061789,437638.99,979171, 34725639, 61.94
ICICIBANK,EQ, 20-Jul-2026,1444.3,1444.5,1480.0,1439.5,1461.0,1460.2,1457.49,22236415,324094.55,293168, 13622393, 61.26
IDBI,EQ, 20-Jul-2026,87.02,87.02,87.61,84.8,85.19,85.03,85.86,13665967,11734.27,34667, 3888135, 28.45
IDFCFIRSTB,EQ, 20-Jul-2026,80.35,79.99,82.18,79.7,81.75,81.78,81.02,24353186,19730.29,65394, 12923620, 53.07
INDIANB,EQ, 20-Jul-2026,832.4,832.4,861.4,830.55,856.45,858.5,851.02,4753723,40455.01,70391, 2511393, 52.83
INDUSINDBK,EQ, 20-Jul-2026,1027.2,1029.0,1034.65,1017.15,1034.0,1032.85,1026.55,1686017,17307.75,78747, 786588, 46.65
IOB,EQ, 20-Jul-2026,33.85,34.0,35.5,33.92,35.06,35.0,34.88,30727238,10717.82,60294, 5036141, 16.39
J&KBANK,EQ, 20-Jul-2026,182.69,183.0,186.84,181.11,182.0,182.25,184.54,4482958,8272.86,45093, 1967327, 43.88
JSFB,EQ, 20-Jul-2026,493.0,496.7,536.0,493.25,529.0,531.6,526.58,4230317,22276.16,86088, 1128944, 26.69
KARURVYSYA,EQ, 20-Jul-2026,309.8,311.3,312.5,296.15,302.85,301.0,304.19,7930143,24123.01,89449, 2717238, 34.26
KOTAKBANK,EQ, 20-Jul-2026,389.95,382.0,383.75,376.1,382.3,382.05,380.64,32539419,123856.59,277488, 20659332, 63.49
KTKBANK,EQ, 20-Jul-2026,273.15,274.0,276.95,271.15,275.95,275.25,274.12,978081,2681.14,14390, 480262, 49.10
MAHABANK,EQ, 20-Jul-2026,79.9,79.89,80.7,79.55,80.6,80.52,80.19,13436452,10774.96,48738, 5772223, 42.96
PNB,EQ, 20-Jul-2026,105.77,108.26,111.95,107.4,111.7,111.76,110.68,118992976,131702.32,275963, 31832220, 26.75
PSB,EQ, 20-Jul-2026,24.77,25.15,25.22,24.61,24.82,24.84,24.88,4282569,1065.55,10356, 1726999, 40.33
RBLBANK,EQ, 20-Jul-2026,368.1,360.55,373.75,358.6,368.8,368.45,367.65,11000604,40443.6,78048, 4672934, 42.48
SBIN,EQ, 20-Jul-2026,1044.3,1041.6,1065.0,1038.3,1060.6,1060.0,1050.85,16540411,173815.55,236033, 8633636, 52.20
SOUTHBANK,EQ, 20-Jul-2026,44.6,44.6,46.5,44.1,46.21,46.18,45.2,25625417,11582.75,41066, 13894442, 54.22
SURYODAY,EQ, 20-Jul-2026,179.79,180.04,183.9,178.21,183.65,183.05,180.93,140233,253.73,2547, 55063, 39.27
TMB,EQ, 20-Jul-2026,797.35,789.0,812.95,786.0,808.5,806.05,799.45,116181,928.8,10412, 57981, 49.91
UCOBANK,EQ, 20-Jul-2026,26.06,26.0,26.73,25.93,26.65,26.64,26.39,5949497,1570.07,14307, 2175192, 36.56
UJJIVANSFB,EQ, 20-Jul-2026,64.88,64.69,65.9,64.51,65.61,65.61,65.24,6983041,4555.4,25806, 2987516, 42.78
UNIONBANK,EQ, 20-Jul-2026,168.46,168.0,177.29,167.77,175.81,175.93,174.14,36352077,63305.25,185417, 15583665, 42.87
UTKARSHBNK,EQ, 20-Jul-2026,14.99,14.85,15.16,14.76,14.97,15.01,15.02,3862092,580.23,5112, 1506898, 39.02
YESBANK,EQ, 20-Jul-2026,23.61,23.65,23.65,22.71,22.95,22.93,23.01,133383727,30688.76,121714, 40545035, 30.40
AUBANK,EQ, 21-Jul-2026,993.3,994.0,1006.8,994.0,1000.0,1003.3,1000.75,1082450,10832.66,43112, 609786, 56.33
AXISBANK,EQ, 21-Jul-2026,1256.0,1245.0,1267.7,1244.5,1256.5,1258.2,1256.51,15014867,188662.76,253560, 10747387, 71.58
BANDHANBNK,EQ, 21-Jul-2026,211.34,211.9,215.92,206.6,207.5,208.83,211.5,12313601,26043.62,71280, 5781660, 46.95
BANKBARODA,EQ, 21-Jul-2026,254.85,254.85,257.0,247.3,248.1,247.7,249.87,13458334,33628.23,96475, 6879348, 51.12
BANKINDIA,EQ, 21-Jul-2026,146.95,147.1,149.33,146.33,147.0,147.1,147.3,12651707,18635.95,45802, 5129885, 40.55
CANBK,EQ, 21-Jul-2026,128.82,128.82,131.2,127.19,127.6,127.52,128.51,24607108,31623.74,78860, 9854284, 40.05
CAPITALSFB,EQ, 21-Jul-2026,305.25,305.25,306.0,300.0,306.0,305.05,303.56,49659,150.74,2298, 29894, 60.20
CENTRALBK,EQ, 21-Jul-2026,32.05,32.0,32.4,31.92,32.03,32.02,32.12,8353203,2683.27,19890, 4230929, 50.65
CSBBANK,EQ, 21-Jul-2026,360.95,362.85,371.5,360.5,370.9,370.0,368.19,265894,979.0,8124, 148077, 55.69
CUB,EQ, 21-Jul-2026,224.98,224.91,234.4,224.5,228.9,229.83,231.33,4751678,10991.82,76383, 2411690, 50.75
DCBBANK,EQ, 21-Jul-2026,189.85,188.99,193.41,188.98,190.0,190.22,190.47,1471023,2801.81,12781, 945475, 64.27
DHANBANK,EQ, 21-Jul-2026,33.8,34.13,34.42,33.65,34.4,34.25,34.03,678618,230.92,2391, 330612, 48.72
EQUITASBNK,EQ, 21-Jul-2026,79.28,79.2,81.85,78.81,81.45,81.43,80.93,2744386,2220.93,19190, 1210865, 44.12
ESAFSFB,EQ, 21-Jul-2026,35.41,35.45,36.99,35.41,36.27,36.16,36.42,1433493,522.09,4665, 666800, 46.52
FEDERALBNK,EQ, 21-Jul-2026,350.75,351.1,356.75,350.95,356.5,356.05,353.9,6342305,22445.63,56620, 2984844, 47.06
FINOPB,EQ, 21-Jul-2026,168.49,168.49,186.12,165.21,171.7,172.8,173.17,4927438,8532.88,41175, 436121, 8.85
HDFCBANK,EQ, 21-Jul-2026,777.6,769.15,772.5,760.1,761.5,761.45,765.46,42246009,323378.26,644512, 26485261, 62.69
ICICIBANK,EQ, 21-Jul-2026,1460.2,1470.0,1473.9,1456.6,1463.1,1463.1,1463.91,18269907,267454.66,186971, 12974619, 71.02
IDBI,EQ, 21-Jul-2026,85.03,85.24,87.12,84.6,86.76,86.63,85.89,9815664,8430.21,36352, 3580525, 36.48
IDFCFIRSTB,EQ, 21-Jul-2026,81.78,81.78,82.7,81.52,81.56,81.66,81.98,17641320,14462.22,53212, 10937488, 62.00
INDIANB,EQ, 21-Jul-2026,858.5,856.45,867.85,845.15,851.85,855.35,856.11,1926861,16496.04,55404, 923415, 47.92
INDUSINDBK,EQ, 21-Jul-2026,1032.85,1037.8,1068.8,1031.45,1059.0,1063.45,1059.29,5124543,54283.85,121933, 2310161, 45.08
IOB,EQ, 21-Jul-2026,35.0,35.19,36.2,34.95,35.2,35.25,35.69,19127118,6826.42,40247, 5856990, 30.62
J&KBANK,EQ, 21-Jul-2026,182.25,183.25,192.0,182.3,188.8,186.93,185.89,9197714,17097.2,54765, 4261369, 46.33
JSFB,EQ, 21-Jul-2026,531.6,535.75,569.8,531.6,562.0,561.6,554.89,3046641,16905.37,54801, 876672, 28.78
KARURVYSYA,EQ, 21-Jul-2026,301.0,310.05,345.35,310.05,340.45,340.3,332.61,83899658,279061.38,669895, 11261206, 13.42
KOTAKBANK,EQ, 21-Jul-2026,382.05,383.0,386.95,381.05,386.0,385.95,384.65,17152911,65979.07,170325, 11308365, 65.93
KTKBANK,EQ, 21-Jul-2026,275.25,275.35,282.5,274.15,282.5,281.3,279.53,2605464,7283.13,22713, 1640985, 62.98
MAHABANK,EQ, 21-Jul-2026,80.52,80.59,82.19,80.36,81.75,81.75,81.43,9943559,8097.53,41330, 3703358, 37.24
PNB,EQ, 21-Jul-2026,111.76,111.7,113.38,111.31,112.1,112.08,112.44,28685665,32254.68,89742, 12102455, 42.19
PSB,EQ, 21-Jul-2026,24.84,24.42,24.91,24.37,24.78,24.73,24.71,1678386,414.65,4077, 588388, 35.06
RBLBANK,EQ, 21-Jul-2026,368.45,369.05,370.7,363.0,366.8,367.2,366.3,4362918,15981.34,58255, 2288738, 52.46
SBIN,EQ, 21-Jul-2026,1060.0,1056.2,1067.0,1042.8,1044.3,1044.4,1052.38,10514887,110656.17,239098, 5576852, 53.04
SOUTHBANK,EQ, 21-Jul-2026,46.18,46.0,47.55,45.6,47.5,47.28,46.96,34232233,16074.76,107386, 18217976, 53.22
SURYODAY,EQ, 21-Jul-2026,183.05,183.05,192.0,181.91,189.82,190.41,188.36,416648,784.79,6601, 210554, 50.54
TMB,EQ, 21-Jul-2026,806.05,809.9,847.0,806.05,819.95,818.45,828.91,465847,3861.44,21374, 172165, 36.96
UCOBANK,EQ, 21-Jul-2026,26.64,26.6,26.94,26.5,26.88,26.86,26.81,5244113,1405.86,17907, 2102151, 40.09
UJJIVANSFB,EQ, 21-Jul-2026,65.61,65.61,67.0,65.1,65.79,65.63,65.76,11307960,7435.57,45214, 5427214, 47.99
UNIONBANK,EQ, 21-Jul-2026,175.93,175.93,179.4,173.4,176.2,176.11,177.25,35646847,63182.86,98767, 19517376, 54.75
UTKARSHBNK,EQ, 21-Jul-2026,15.01,14.91,15.23,14.83,14.89,14.91,15.05,4264121,641.57,9678, 1788134, 41.93
YESBANK,EQ, 21-Jul-2026,22.93,22.95,23.31,22.95,23.21,23.14,23.19,76817417,17814.14,73008, 38194665, 49.72
AUBANK,EQ, 22-Jul-2026,1003.3,1004.0,1004.0,975.7,980.0,980.2,983.25,1427212,14033.11,42266, 743614, 52.10
AXISBANK,EQ, 22-Jul-2026,1258.2,1258.2,1258.2,1230.5,1233.5,1238.4,1239.18,8358923,103582.3,190224, 6508706, 77.87
BANDHANBNK,EQ, 22-Jul-2026,208.83,187.95,192.22,169.56,174.1,173.5,178.49,156943419,280126.34,422439, 52638057, 33.54
BANKBARODA,EQ, 22-Jul-2026,247.7,247.95,247.95,244.4,246.0,245.75,245.66,8257873,20286.63,67024, 4386743, 53.12
BANKINDIA,EQ, 22-Jul-2026,147.1,147.08,147.08,142.45,144.1,143.99,143.77,9684026,13922.75,40700, 4324608, 44.66
CANBK,EQ, 22-Jul-2026,127.52,127.5,127.5,125.25,126.6,126.46,126.36,13596346,17179.8,64406, 5345478, 39.32
CAPITALSFB,EQ, 22-Jul-2026,305.05,305.05,305.05,297.1,300.0,300.7,299.94,48156,144.44,1727, 34636, 71.92
CENTRALBK,EQ, 22-Jul-2026,32.02,32.0,32.05,31.09,31.27,31.18,31.4,10035685,3150.91,21403, 6108422, 60.87
CSBBANK,EQ, 22-Jul-2026,370.0,370.9,371.8,340.05,343.2,345.3,349.51,3734150,13051.06,78752, 779859, 20.88
CUB,EQ, 22-Jul-2026,229.83,228.41,229.03,223.15,224.0,223.53,224.61,1247485,2802.0,20286, 728861, 58.43
DCBBANK,EQ, 22-Jul-2026,190.22,190.22,194.29,186.42,188.45,188.65,190.65,1288924,2457.37,18588, 671866, 52.13
DHANBANK,EQ, 22-Jul-2026,34.25,34.6,36.8,33.61,33.92,34.04,35.26,5761477,2031.67,18194, 1258452, 21.84
EQUITASBNK,EQ, 22-Jul-2026,81.43,81.43,81.5,78.3,79.1,79.02,79.74,2555215,2037.49,25475, 1123611, 43.97
ESAFSFB,EQ, 22-Jul-2026,36.16,36.28,37.4,35.01,35.7,35.71,36.03,1757282,633.21,7299, 623850, 35.50
FEDERALBNK,EQ, 22-Jul-2026,356.05,354.1,357.25,351.5,352.85,353.25,353.83,4288304,15173.48,62146, 2296368, 53.55
FINOPB,EQ, 22-Jul-2026,172.8,171.98,174.5,167.52,169.35,171.04,169.77,1412364,2397.8,12029, 219023, 15.51
HDFCBANK,EQ, 22-Jul-2026,761.45,760.25,761.35,750.35,753.9,753.15,753.56,23385446,176222.37,396951, 15379763, 65.77
ICICIBANK,EQ, 22-Jul-2026,1463.1,1466.4,1466.4,1438.4,1439.7,1440.7,1444.85,8345136,120574.82,212805, 6143864, 73.62
IDBI,EQ, 22-Jul-2026,86.63,86.45,86.46,84.41,86.0,85.93,85.32,6387699,5449.68,22227, 2217630, 34.72
IDFCFIRSTB,EQ, 22-Jul-2026,81.66,81.35,81.4,79.72,80.55,80.72,80.43,13767011,11072.25,44182, 7294142, 52.98
INDIANB,EQ, 22-Jul-2026,855.35,850.5,853.9,824.25,829.05,827.55,831.53,1611184,13397.49,39507, 782839, 48.59
INDUSINDBK,EQ, 22-Jul-2026,1063.45,1058.0,1077.85,1055.65,1072.0,1069.3,1066.88,5069159,54081.8,129586, 2625590, 51.80
IOB,EQ, 22-Jul-2026,35.25,35.34,35.36,34.49,34.55,34.59,34.78,3920420,1363.5,12281, 1849736, 47.18
J&KBANK,EQ, 22-Jul-2026,186.93,187.0,188.53,177.3,178.0,179.82,182.38,5189606,9464.94,27249, 3246244, 62.55
JSFB,EQ, 22-Jul-2026,561.6,562.0,564.4,544.3,556.0,552.25,553.99,760115,4210.93,20447, 357809, 47.07
KARURVYSYA,EQ, 22-Jul-2026,340.3,342.1,347.9,337.0,337.0,339.15,342.02,16009675,54756.12,147545, 3212533, 20.07
KOTAKBANK,EQ, 22-Jul-2026,385.95,384.3,390.0,378.15,382.0,381.15,381.2,11688952,44557.9,118284, 8391083, 71.79
KTKBANK,EQ, 22-Jul-2026,281.3,281.95,284.9,272.4,275.15,276.25,277.15,2902371,8043.83,34040, 1231944, 42.45
MAHABANK,EQ, 22-Jul-2026,81.75,81.2,81.5,79.02,79.28,79.17,79.6,11928863,9495.85,54398, 6766976, 56.73
PNB,EQ, 22-Jul-2026,112.08,112.08,112.82,110.35,110.41,110.73,111.08,20951785,23273.49,89090, 11530838, 55.04
PSB,EQ, 22-Jul-2026,24.73,24.7,24.79,24.3,24.42,24.43,24.44,985734,240.86,3316, 486851, 49.39
RBLBANK,EQ, 22-Jul-2026,367.2,367.0,367.0,353.4,356.6,355.5,357.92,4420773,15822.73,42441, 1909129, 43.19
SBIN,EQ, 22-Jul-2026,1044.4,1044.4,1044.4,1019.2,1025.0,1025.0,1025.14,11227214,115094.47,175482, 6584040, 58.64
SOUTHBANK,EQ, 22-Jul-2026,47.28,47.38,48.39,47.1,48.0,48.0,47.99,24456012,11737.17,38975, 13874969, 56.73
SURYODAY,EQ, 22-Jul-2026,190.41,191.5,191.54,179.79,181.93,181.27,184.72,348844,644.38,7132, 197222, 56.54
TMB,EQ, 22-Jul-2026,818.45,824.85,828.8,804.5,810.0,810.65,811.15,105650,856.98,8857, 54853, 51.92
UCOBANK,EQ, 22-Jul-2026,26.86,26.92,26.94,26.46,26.55,26.55,26.61,4163323,1107.91,10943, 1697487, 40.77
UJJIVANSFB,EQ, 22-Jul-2026,65.63,65.98,66.09,64.51,64.82,65.05,65.19,8397651,5474.07,28008, 3915117, 46.62
UNIONBANK,EQ, 22-Jul-2026,176.11,175.79,175.97,170.1,171.0,170.64,171.89,10788134,18543.26,51798, 4779486, 44.30
UTKARSHBNK,EQ, 22-Jul-2026,14.91,14.92,14.93,14.3,14.45,14.45,14.55,4482615,652.19,6563, 2403520, 53.62
YESBANK,EQ, 22-Jul-2026,23.14,23.16,23.75,23.0,23.23,23.24,23.42,167363949,39189.4,102258, 88802001, 53.06
AUBANK,EQ, 23-Jul-2026,980.2,980.0,989.3,960.0,980.0,978.7,971.1,2396795,23275.29,56608, 1396987, 58.29
AXISBANK,EQ, 23-Jul-2026,1238.4,1230.1,1239.4,1219.2,1223.3,1223.0,1226.76,8240787,101094.87,217517, 5784370, 70.19
BANDHANBNK,EQ, 23-Jul-2026,173.5,173.55,176.0,164.85,166.11,165.84,169.1,44729469,75635.39,218534, 18776723, 41.98
BANKBARODA,EQ, 23-Jul-2026,245.75,245.0,246.0,242.25,243.2,243.15,243.51,6041550,14711.7,38271, 2776037, 45.95
BANKINDIA,EQ, 23-Jul-2026,143.99,143.34,143.81,141.52,142.75,142.2,142.49,5841420,8323.72,26400, 2276441, 38.97
CANBK,EQ, 23-Jul-2026,126.46,126.02,127.42,124.9,125.12,125.22,125.9,13708492,17258.47,49700, 6061233, 44.22
CAPITALSFB,EQ, 23-Jul-2026,300.7,297.0,306.1,297.0,298.15,299.55,302.52,155623,470.78,2894, 88093, 56.61
CENTRALBK,EQ, 23-Jul-2026,31.18,31.13,31.18,30.78,30.98,30.95,30.96,8795743,2722.76,17851, 4688998, 53.31
CSBBANK,EQ, 23-Jul-2026,345.3,343.2,343.6,330.35,339.7,338.15,336.58,1046679,3522.95,31568, 361879, 34.57
CUB,EQ, 23-Jul-2026,223.53,222.5,223.6,219.01,220.0,219.89,220.8,1718303,3794.06,26914, 1042562, 60.67
DCBBANK,EQ, 23-Jul-2026,188.65,187.2,190.82,186.4,189.87,189.72,188.61,667031,1258.07,9612, 306728, 45.98
DHANBANK,EQ, 23-Jul-2026,34.04,34.14,34.8,33.82,34.38,34.36,34.29,1297725,445.0,4396, 440684, 33.96
EQUITASBNK,EQ, 23-Jul-2026,79.02,78.4,79.72,75.75,78.7,78.42,77.75,5065633,3938.71,38338, 2824163, 55.75
ESAFSFB,EQ, 23-Jul-2026,35.71,35.48,36.74,34.62,35.51,35.55,35.74,1415031,505.72,5990, 380912, 26.92
FEDERALBNK,EQ, 23-Jul-2026,353.25,352.0,355.45,351.55,354.0,354.4,353.65,4025719,14236.86,67102, 2301649, 57.17
FINOPB,EQ, 23-Jul-2026,171.04,169.99,175.1,167.1,167.79,170.04,170.97,1415401,2419.85,14333, 209874, 14.83
HDFCBANK,EQ, 23-Jul-2026,753.15,749.4,751.0,743.25,745.85,747.25,746.39,32532090,242817.39,415811, 21273440, 65.39
ICICIBANK,EQ, 23-Jul-2026,1440.7,1432.5,1446.0,1426.6,1433.4,1434.6,1435.23,12409328,178102.98,166912, 8491180, 68.43
IDBI,EQ, 23-Jul-2026,85.93,85.12,85.5,84.2,84.61,85.06,84.93,6688699,5680.84,22803, 3075456, 45.98
IDFCFIRSTB,EQ, 23-Jul-2026,80.72,80.21,81.18,79.7,80.0,79.9,80.31,11292250,9069.35,47615, 5075646, 44.95
INDIANB,EQ, 23-Jul-2026,827.55,827.0,834.5,820.5,824.9,827.3,827.92,1734978,14364.25,31690, 881940, 50.83
INDUSINDBK,EQ, 23-Jul-2026,1069.3,1036.6,1042.2,998.15,1004.5,1005.5,1012.63,7505583,76004.15,142015, 2687005, 35.80
IOB,EQ, 23-Jul-2026,34.59,34.6,34.64,33.65,33.81,33.82,33.99,3873045,1316.38,12981, 1734782, 44.79
J&KBANK,EQ, 23-Jul-2026,179.82,178.0,180.06,171.85,174.0,173.41,174.69,3879020,6776.34,30782, 1806708, 46.58
JSFB,EQ, 23-Jul-2026,552.25,554.4,559.75,537.5,540.95,541.6,544.9,538396,2933.7,19498, 231224, 42.95
KARURVYSYA,EQ, 23-Jul-2026,339.15,337.0,340.9,334.4,337.9,336.9,337.51,3613532,12196.18,77182, 1491009, 41.26
KOTAKBANK,EQ, 23-Jul-2026,381.15,379.7,386.1,378.85,383.0,383.35,383.13,12720546,48735.66,119490, 8993389, 70.70
KTKBANK,EQ, 23-Jul-2026,276.25,275.75,284.4,272.6,281.55,281.8,280.32,3483006,9763.59,32205, 1968271, 56.51
MAHABANK,EQ, 23-Jul-2026,79.17,79.0,80.1,78.06,78.6,78.48,78.95,9836339,7765.52,47470, 4609673, 46.86
PNB,EQ, 23-Jul-2026,110.73,110.0,111.0,109.55,110.0,110.15,110.22,10137716,11174.03,33960, 5067174, 49.98
PSB,EQ, 23-Jul-2026,24.43,24.42,24.42,24.04,24.2,24.14,24.18,913889,220.96,3074, 491698, 53.80
RBLBANK,EQ, 23-Jul-2026,355.5,356.2,356.7,352.0,353.2,353.85,354.29,3924221,13903.17,42725, 1879347, 47.89
SBIN,EQ, 23-Jul-2026,1025.0,1022.0,1023.1,1006.5,1013.5,1012.6,1014.42,8910230,90387.28,174030, 4395700, 49.33
SOUTHBANK,EQ, 23-Jul-2026,48.0,48.0,48.1,46.75,47.44,47.5,47.63,19258708,9172.89,58186, 10414722, 54.08
SURYODAY,EQ, 23-Jul-2026,181.27,181.9,197.34,180.72,197.0,194.31,193.42,3204329,6197.83,38570, 721145, 22.51
TMB,EQ, 23-Jul-2026,810.65,810.65,814.9,795.0,801.75,799.4,802.67,130426,1046.88,10884, 68773, 52.73
UCOBANK,EQ, 23-Jul-2026,26.55,26.49,26.49,25.85,25.96,26.0,26.09,7101549,1852.58,16058, 2697707, 37.99
UJJIVANSFB,EQ, 23-Jul-2026,65.05,65.05,72.24,61.75,68.75,68.78,68.14,150100120,102281.57,323104, 44580793, 29.70
UNIONBANK,EQ, 23-Jul-2026,170.64,171.0,171.25,167.4,168.69,168.4,168.79,6099755,10295.9,33952, 2164970, 35.49
UTKARSHBNK,EQ, 23-Jul-2026,14.45,14.31,14.72,14.2,14.5,14.46,14.41,4932561,710.75,6236, 1692704, 34.32
YESBANK,EQ, 23-Jul-2026,23.24,23.2,23.2,22.83,22.94,22.93,23.0,58895018,13546.72,67006, 24834703, 42.17
AUBANK,EQ, 24-Jul-2026,978.7,969.0,1015.9,967.4,1013.1,1004.0,988.72,1826523,18059.21,48487, 791852, 43.35
AXISBANK,EQ, 24-Jul-2026,1223.0,1216.8,1233.9,1210.6,1230.0,1227.3,1223.57,8088828,98972.63,129314, 5835161, 72.14
BANDHANBNK,EQ, 24-Jul-2026,165.84,165.5,167.71,161.95,165.85,165.93,164.88,29585433,48780.75,135448, 8770743, 29.65
BANKBARODA,EQ, 24-Jul-2026,243.15,242.0,247.1,239.25,246.25,246.45,244.17,8475748,20695.54,51323, 3091334, 36.47
BANKINDIA,EQ, 24-Jul-2026,142.2,142.0,143.2,139.82,142.7,142.62,141.62,7635246,10813.31,40651, 2294589, 30.05
CANBK,EQ, 24-Jul-2026,125.22,124.22,126.83,123.0,125.85,125.65,125.34,36714624,46016.84,88888, 19828955, 54.01
CAPITALSFB,EQ, 24-Jul-2026,299.55,298.15,298.15,287.0,291.6,292.0,292.81,92246,270.1,2959, 42783, 46.38
CENTRALBK,EQ, 24-Jul-2026,30.95,30.72,31.17,30.52,31.04,31.03,30.81,7107736,2190.13,15294, 2861385, 40.26
CSBBANK,EQ, 24-Jul-2026,338.15,335.3,342.2,331.45,339.0,340.9,336.83,366137,1233.26,14293, 100200, 27.37
CUB,EQ, 24-Jul-2026,219.89,219.4,220.99,217.01,220.86,219.75,218.54,1635177,3573.53,35451, 987359, 60.38
DCBBANK,EQ, 24-Jul-2026,189.72,189.6,189.6,184.75,187.33,186.24,186.51,1034468,1929.37,22245, 461607, 44.62
DHANBANK,EQ, 24-Jul-2026,34.36,34.0,34.62,33.26,34.2,34.29,34.03,1076129,366.24,3691, 385330, 35.81
EQUITASBNK,EQ, 24-Jul-2026,78.42,77.99,78.8,76.55,78.25,78.34,77.6,1477032,1146.21,16550, 625504, 42.35
ESAFSFB,EQ, 24-Jul-2026,35.55,35.77,39.0,35.12,38.69,38.69,37.8,11588732,4380.31,37213, 3083202, 26.61
FEDERALBNK,EQ, 24-Jul-2026,354.4,352.1,354.9,349.9,354.6,354.3,352.23,3590425,12646.71,57571, 2071204, 57.69
FINOPB,EQ, 24-Jul-2026,170.04,167.79,168.44,163.07,167.4,167.06,165.91,1195595,1983.65,11068, 138024, 11.54
HDFCBANK,EQ, 24-Jul-2026,747.25,738.5,748.25,737.25,743.5,742.8,742.56,23837859,177010.8,385478, 15523990, 65.12
ICICIBANK,EQ, 24-Jul-2026,1434.6,1428.0,1440.0,1415.4,1436.0,1432.9,1428.15,10870914,155252.54,215086, 8246114, 75.85
IDBI,EQ, 24-Jul-2026,85.06,84.2,85.49,82.66,84.65,84.93,83.93,7500047,6294.6,27750, 2585856, 34.48
IDFCFIRSTB,EQ, 24-Jul-2026,79.9,79.7,81.09,78.88,80.95,80.79,80.14,16260314,13030.91,44109, 7846801, 48.26
INDIANB,EQ, 24-Jul-2026,827.3,819.0,828.85,814.55,825.5,826.1,821.47,1435233,11789.96,31065, 581107, 40.49
INDUSINDBK,EQ, 24-Jul-2026,1005.5,1000.0,1003.45,984.05,997.45,996.05,994.78,1995292,19848.77,62688, 665959, 33.38
IOB,EQ, 24-Jul-2026,33.82,33.73,34.0,33.23,34.0,33.88,33.63,2789486,938.02,10388, 1007934, 36.13
J&KBANK,EQ, 24-Jul-2026,173.41,172.9,174.99,170.12,172.7,172.57,172.52,2341658,4039.88,21443, 915986, 39.12
JSFB,EQ, 24-Jul-2026,541.6,539.7,545.0,525.0,541.65,536.95,533.87,589753,3148.49,24325, 262776, 44.56
KARURVYSYA,EQ, 24-Jul-2026,336.9,334.0,340.0,331.3,338.95,338.9,335.37,3587695,12031.9,71731, 1947166, 54.27
KOTAKBANK,EQ, 24-Jul-2026,383.35,378.6,386.5,378.6,384.6,384.75,383.77,13308317,51073.03,130244, 9897843, 74.37
KTKBANK,EQ, 24-Jul-2026,281.8,278.6,282.4,274.2,279.9,279.7,278.78,1964088,5475.54,19979, 913592, 46.51
MAHABANK,EQ, 24-Jul-2026,78.48,78.1,81.49,78.02,80.5,81.03,80.22,18251458,14640.88,51807, 7511986, 41.16
PNB,EQ, 24-Jul-2026,110.15,109.0,110.64,108.71,110.35,110.38,109.88,11902256,13078.1,47652, 5117101, 42.99
PSB,EQ, 24-Jul-2026,24.14,24.01,24.05,23.41,23.94,23.77,23.66,1249417,295.57,5032, 592511, 47.42
RBLBANK,EQ, 24-Jul-2026,353.85,348.0,354.6,347.85,352.4,352.9,350.92,2705750,9495.11,40584, 1117404, 41.30
SBIN,EQ, 24-Jul-2026,1012.6,1006.0,1017.8,1000.8,1012.0,1015.0,1009.14,13797053,139231.68,251434, 8399248, 60.88
SOUTHBANK,EQ, 24-Jul-2026,47.5,47.5,47.5,45.9,46.45,46.52,46.54,11314533,5265.52,27758, 4111112, 36.33
SURYODAY,EQ, 24-Jul-2026,194.31,197.6,218.0,189.05,190.83,193.1,205.99,78669391,162052.15,482656, 4302701, 5.47
TMB,EQ, 24-Jul-2026,799.4,799.0,808.95,788.0,802.85,804.5,799.25,100157,800.5,7045, 40831, 40.77
UCOBANK,EQ, 24-Jul-2026,26.0,25.6,25.95,25.28,25.94,25.88,25.63,4743797,1215.98,11744, 1363914, 28.75
UJJIVANSFB,EQ, 24-Jul-2026,68.78,71.5,71.5,67.91,70.75,70.72,69.58,68534652,47689.58,180877, 23045170, 33.63
UNIONBANK,EQ, 24-Jul-2026,168.4,167.89,171.5,165.81,170.52,170.5,168.72,13551971,22864.79,67844, 6018877, 44.41
UTKARSHBNK,EQ, 24-Jul-2026,14.46,14.4,14.53,14.15,14.46,14.45,14.37,3841832,552.18,6500, 1820105, 47.38
YESBANK,EQ, 24-Jul-2026,22.93,22.82,23.02,22.64,23.0,22.95,22.83,53804519,12281.19,65217, 20411670, 37.94
AUBANK,EQ, 24-Jul-2026,978.7,969.0,1015.9,967.4,1013.1,1004.0,988.72,1826523,18059.21,48487, 791852, 43.35
AXISBANK,EQ, 24-Jul-2026,1223.0,1216.8,1233.9,1210.6,1230.0,1227.3,1223.57,8088828,98972.63,129314, 5835161, 72.14
BANDHANBNK,EQ, 24-Jul-2026,165.84,165.5,167.71,161.95,165.85,165.93,164.88,29585433,48780.75,135448, 8770743, 29.65
BANKBARODA,EQ, 24-Jul-2026,243.15,242.0,247.1,239.25,246.25,246.45,244.17,8475748,20695.54,51323, 3091334, 36.47
BANKINDIA,EQ, 24-Jul-2026,142.2,142.0,143.2,139.82,142.7,142.62,141.62,7635246,10813.31,40651, 2294589, 30.05
CANBK,EQ, 24-Jul-2026,125.22,124.22,126.83,123.0,125.85,125.65,125.34,36714624,46016.84,88888, 19828955, 54.01
CAPITALSFB,EQ, 24-Jul-2026,299.55,298.15,298.15,287.0,291.6,292.0,292.81,92246,270.1,2959, 42783, 46.38
CENTRALBK,EQ, 24-Jul-2026,30.95,30.72,31.17,30.52,31.04,31.03,30.81,7107736,2190.13,15294, 2861385, 40.26
CSBBANK,EQ, 24-Jul-2026,338.15,335.3,342.2,331.45,339.0,340.9,336.83,366137,1233.26,14293, 100200, 27.37
CUB,EQ, 24-Jul-2026,219.89,219.4,220.99,217.01,220.86,219.75,218.54,1635177,3573.53,35451, 987359, 60.38
DCBBANK,EQ, 24-Jul-2026,189.72,189.6,189.6,184.75,187.33,186.24,186.51,1034468,1929.37,22245, 461607, 44.62
DHANBANK,EQ, 24-Jul-2026,34.36,34.0,34.62,33.26,34.2,34.29,34.03,1076129,366.24,3691, 385330, 35.81
EQUITASBNK,EQ, 24-Jul-2026,78.42,77.99,78.8,76.55,78.25,78.34,77.6,1477032,1146.21,16550, 625504, 42.35
ESAFSFB,EQ, 24-Jul-2026,35.55,35.77,39.0,35.12,38.69,38.69,37.8,11588732,4380.31,37213, 3083202, 26.61
FEDERALBNK,EQ, 24-Jul-2026,354.4,352.1,354.9,349.9,354.6,354.3,352.23,3590425,12646.71,57571, 2071204, 57.69
FINOPB,EQ, 24-Jul-2026,170.04,167.79,168.44,163.07,167.4,167.06,165.91,1195595,1983.65,11068, 138024, 11.54
HDFCBANK,EQ, 24-Jul-2026,747.25,738.5,748.25,737.25,743.5,742.8,742.56,23837859,177010.8,385478, 15523990, 65.12
ICICIBANK,EQ, 24-Jul-2026,1434.6,1428.0,1440.0,1415.4,1436.0,1432.9,1428.15,10870914,155252.54,215086, 8246114, 75.85
IDBI,EQ, 24-Jul-2026,85.06,84.2,85.49,82.66,84.65,84.93,83.93,7500047,6294.6,27750, 2585856, 34.48
IDFCFIRSTB,EQ, 24-Jul-2026,79.9,79.7,81.09,78.88,80.95,80.79,80.14,16260314,13030.91,44109, 7846801, 48.26
INDIANB,EQ, 24-Jul-2026,827.3,819.0,828.85,814.55,825.5,826.1,821.47,1435233,11789.96,31065, 581107, 40.49
INDUSINDBK,EQ, 24-Jul-2026,1005.5,1000.0,1003.45,984.05,997.45,996.05,994.78,1995292,19848.77,62688, 665959, 33.38
IOB,EQ, 24-Jul-2026,33.82,33.73,34.0,33.23,34.0,33.88,33.63,2789486,938.02,10388, 1007934, 36.13
J&KBANK,EQ, 24-Jul-2026,173.41,172.9,174.99,170.12,172.7,172.57,172.52,2341658,4039.88,21443, 915986, 39.12
JSFB,EQ, 24-Jul-2026,541.6,539.7,545.0,525.0,541.65,536.95,533.87,589753,3148.49,24325, 262776, 44.56
KARURVYSYA,EQ, 24-Jul-2026,336.9,334.0,340.0,331.3,338.95,338.9,335.37,3587695,12031.9,71731, 1947166, 54.27
KOTAKBANK,EQ, 24-Jul-2026,383.35,378.6,386.5,378.6,384.6,384.75,383.77,13308317,51073.03,130244, 9897843, 74.37
KTKBANK,EQ, 24-Jul-2026,281.8,278.6,282.4,274.2,279.9,279.7,278.78,1964088,5475.54,19979, 913592, 46.51
MAHABANK,EQ, 24-Jul-2026,78.48,78.1,81.49,78.02,80.5,81.03,80.22,18251458,14640.88,51807, 7511986, 41.16
PNB,EQ, 24-Jul-2026,110.15,109.0,110.64,108.71,110.35,110.38,109.88,11902256,13078.1,47652, 5117101, 42.99
PSB,EQ, 24-Jul-2026,24.14,24.01,24.05,23.41,23.94,23.77,23.66,1249417,295.57,5032, 592511, 47.42
RBLBANK,EQ, 24-Jul-2026,353.85,348.0,354.6,347.85,352.4,352.9,350.92,2705750,9495.11,40584, 1117404, 41.30
SBIN,EQ, 24-Jul-2026,1012.6,1006.0,1017.8,1000.8,1012.0,1015.0,1009.14,13797053,139231.68,251434, 8399248, 60.88
SOUTHBANK,EQ, 24-Jul-2026,47.5,47.5,47.5,45.9,46.45,46.52,46.54,11314533,5265.52,27758, 4111112, 36.33
SURYODAY,EQ, 24-Jul-2026,194.31,197.6,218.0,189.05,190.83,193.1,205.99,78669391,162052.15,482656, 4302701, 5.47
TMB,EQ, 24-Jul-2026,799.4,799.0,808.95,788.0,802.85,804.5,799.25,100157,800.5,7045, 40831, 40.77
UCOBANK,EQ, 24-Jul-2026,26.0,25.6,25.95,25.28,25.94,25.88,25.63,4743797,1215.98,11744, 1363914, 28.75
UJJIVANSFB,EQ, 24-Jul-2026,68.78,71.5,71.5,67.91,70.75,70.72,69.58,68534652,47689.58,180877, 23045170, 33.63
UNIONBANK,EQ, 24-Jul-2026,168.4,167.89,171.5,165.81,170.52,170.5,168.72,13551971,22864.79,67844, 6018877, 44.41
UTKARSHBNK,EQ, 24-Jul-2026,14.46,14.4,14.53,14.15,14.46,14.45,14.37,3841832,552.18,6500, 1820105, 47.38
YESBANK,EQ, 24-Jul-2026,22.93,22.82,23.02,22.64,23.0,22.95,22.83,53804519,12281.19,65217, 20411670, 37.94
AUBANK,EQ, 27-Jul-2026,1004.0,1021.0,1062.0,1021.0,1055.0,1052.2,1045.37,5047131,52761.04,82667, 2173580, 43.07
AXISBANK,EQ, 27-Jul-2026,1227.3,1237.0,1237.0,1221.6,1229.0,1227.5,1226.94,5967502,73217.65,142736, 4070389, 68.21
BANDHANBNK,EQ, 27-Jul-2026,165.93,167.5,170.64,166.82,169.4,169.43,169.36,13639409,23099.23,65610, 4596177, 33.70
BANKBARODA,EQ, 27-Jul-2026,246.45,243.5,247.7,241.9,244.2,244.0,244.93,14707217,36021.84,76555, 4807796, 32.69
BANKINDIA,EQ, 27-Jul-2026,142.62,145.0,145.39,136.55,137.9,137.87,139.33,26282058,36618.75,86656, 10991295, 41.82
CANBK,EQ, 27-Jul-2026,125.65,126.5,129.7,125.78,127.01,127.26,127.76,48778366,62317.12,120692, 13433105, 27.54
CAPITALSFB,EQ, 27-Jul-2026,292.0,293.45,303.0,293.45,301.0,299.85,298.61,75000,223.96,2470, 43926, 58.57
CENTRALBK,EQ, 27-Jul-2026,31.03,31.3,31.61,31.16,31.27,31.25,31.32,7486343,2345.08,14677, 3694626, 49.35
CSBBANK,EQ, 27-Jul-2026,340.9,341.2,346.55,336.0,337.0,337.25,340.06,489401,1664.27,14150, 262125, 53.56
CUB,EQ, 27-Jul-2026,219.75,221.0,226.99,220.6,220.99,221.45,222.84,1372673,3058.83,22711, 727865, 53.03
DCBBANK,EQ, 27-Jul-2026,186.24,193.16,204.74,189.74,191.4,190.26,196.32,10927140,21452.07,94576, 2568624, 23.51
DHANBANK,EQ, 27-Jul-2026,34.29,34.3,35.9,34.12,35.35,35.4,35.23,3148881,1109.25,8801, 1044296, 33.16
EQUITASBNK,EQ, 27-Jul-2026,78.34,79.61,80.29,78.61,78.75,79.0,79.37,2138413,1697.28,19397, 1078801, 50.45
ESAFSFB,EQ, 27-Jul-2026,38.69,39.99,40.2,37.5,38.16,38.29,39.04,4228358,1650.77,15823, 1429733, 33.81
FEDERALBNK,EQ, 27-Jul-2026,354.3,355.05,357.7,354.3,356.9,356.5,355.97,6585012,23440.84,67540, 4583960, 69.61
FINOPB,EQ, 27-Jul-2026,167.06,169.89,171.68,165.0,165.43,166.46,167.8,745288,1250.57,8254, 171778, 23.05
HDFCBANK,EQ, 27-Jul-2026,742.8,746.1,747.95,738.1,740.25,739.55,740.88,29678752,219884.22,333807, 20696690, 69.74
ICICIBANK,EQ, 27-Jul-2026,1432.9,1435.7,1449.0,1428.8,1445.5,1445.7,1439.49,10608300,152705.62,195530, 7110516, 67.03
IDBI,EQ, 27-Jul-2026,84.93,85.6,85.9,84.16,84.32,84.48,84.91,4321340,3669.04,17996, 1331035, 30.80
IDFCFIRSTB,EQ, 27-Jul-2026,80.79,86.3,88.76,84.7,84.83,84.88,86.41,177923165,153742.33,319208, 61724504, 34.69
INDIANB,EQ, 27-Jul-2026,826.1,835.0,838.6,826.1,829.8,831.25,832.08,936950,7796.15,21342, 461936, 49.30
INDUSINDBK,EQ, 27-Jul-2026,996.05,1003.0,1015.6,1000.1,1005.0,1006.65,1007.2,1979222,19934.75,49523, 1004700, 50.76
IOB,EQ, 27-Jul-2026,33.88,34.35,34.53,34.02,34.16,34.12,34.23,2152227,736.67,10638, 1018550, 47.33
J&KBANK,EQ, 27-Jul-2026,172.57,174.0,178.05,172.0,177.04,177.51,175.67,3410387,5990.93,29691, 1563845, 45.86
JSFB,EQ, 27-Jul-2026,536.95,544.0,559.6,532.0,537.0,537.25,541.04,428226,2316.88,16980, 185745, 43.38
KARURVYSYA,EQ, 27-Jul-2026,338.9,341.0,344.75,335.7,339.0,339.65,339.87,2727470,9269.9,60308, 1521706, 55.79
KOTAKBANK,EQ, 27-Jul-2026,384.75,386.0,388.75,383.55,386.0,384.65,385.05,16710096,64342.61,208906, 12419233, 74.32
KTKBANK,EQ, 27-Jul-2026,279.7,280.0,287.0,280.0,286.5,285.55,284.61,3550008,10103.5,30100, 2017248, 56.82
MAHABANK,EQ, 27-Jul-2026,81.03,81.54,82.29,79.94,80.8,80.63,80.83,13344525,10786.28,61392, 6667788, 49.97
PNB,EQ, 27-Jul-2026,110.38,111.25,112.23,110.76,111.53,111.62,111.48,12850732,14326.02,49165, 6156107, 47.90
PSB,EQ, 27-Jul-2026,23.77,23.91,24.7,23.32,23.88,23.89,24.28,1506830,365.9,3938, 540039, 35.84
RBLBANK,EQ, 27-Jul-2026,352.9,352.9,364.1,352.9,363.05,362.85,360.81,6318621,22798.2,61323, 3487986, 55.20
SBIN,EQ, 27-Jul-2026,1015.0,1020.3,1023.7,1015.9,1019.8,1020.6,1020.06,6093002,62152.44,162737, 3410763, 55.98
SOUTHBANK,EQ, 27-Jul-2026,46.52,47.0,48.26,46.8,47.95,47.9,47.89,15756388,7545.56,30912, 7300472, 46.33
SURYODAY,EQ, 27-Jul-2026,193.1,191.2,197.2,183.4,183.6,184.62,191.69,7154365,13714.43,51762, 824699, 11.53
TMB,EQ, 27-Jul-2026,804.5,811.0,917.0,808.95,911.0,893.65,879.88,7671271,67498.32,214629, 645880, 8.42
UCOBANK,EQ, 27-Jul-2026,25.88,26.25,27.09,26.21,26.6,26.66,26.83,16555999,4442.17,29729, 7076807, 42.74
UJJIVANSFB,EQ, 27-Jul-2026,70.72,71.5,73.29,71.1,71.42,71.57,72.28,49027357,35434.73,136129, 20866167, 42.56
UNIONBANK,EQ, 27-Jul-2026,170.5,172.0,173.46,169.5,170.09,170.11,170.93,13706219,23428.23,74828, 7260536, 52.97
UTKARSHBNK,EQ, 27-Jul-2026,14.45,14.48,14.85,14.48,14.5,14.51,14.65,3379362,495.21,12361, 1389909, 41.13
YESBANK,EQ, 27-Jul-2026,22.95,23.05,23.18,22.9,22.95,22.94,23.01,47752439,10987.92,59381, 24060076, 50.39
AUBANK,EQ, 28-Jul-2026,1052.2,1051.9,1059.6,1043.9,1051.0,1047.7,1050.59,1569390,16487.87,45095, 868980, 55.37
AXISBANK,EQ, 28-Jul-2026,1227.5,1222.5,1233.9,1219.7,1223.9,1223.5,1226.04,6093182,74704.75,131642, 3455395, 56.71
BANDHANBNK,EQ, 28-Jul-2026,169.43,169.0,169.97,166.61,168.82,168.84,168.4,9940396,16739.88,54982, 3336773, 33.57
BANKBARODA,EQ, 28-Jul-2026,244.0,242.8,244.7,238.45,239.2,239.2,240.36,8526492,20494.49,66617, 3604103, 42.27
BANKINDIA,EQ, 28-Jul-2026,137.87,138.0,138.2,135.62,136.29,136.32,136.69,8337190,11396.14,36583, 3375614, 40.49
CANBK,EQ, 28-Jul-2026,127.26,127.17,127.17,124.0,124.55,124.24,124.87,31317720,39107.49,96687, 13782956, 44.01
CAPITALSFB,EQ, 28-Jul-2026,299.85,299.85,304.65,294.2,296.95,296.3,296.76,37775,112.1,896, 24369, 64.51
CENTRALBK,EQ, 28-Jul-2026,31.25,31.25,31.26,30.85,30.94,30.89,30.99,5729843,1775.93,15395, 3274081, 57.14
CSBBANK,EQ, 28-Jul-2026,337.25,337.25,340.2,334.3,339.0,339.2,337.88,295517,998.49,14543, 150159, 50.81
CUB,EQ, 28-Jul-2026,221.45,221.1,245.38,217.95,239.11,238.14,236.71,20864618,49389.46,208246, 7095696, 34.01
DCBBANK,EQ, 28-Jul-2026,190.26,191.25,196.85,191.25,196.84,195.1,193.69,1691460,3276.22,18445, 851430, 50.34
DHANBANK,EQ, 28-Jul-2026,35.4,35.4,35.5,34.03,34.1,34.13,34.56,1926469,665.81,6269, 840407, 43.62
EQUITASBNK,EQ, 28-Jul-2026,79.0,79.55,79.59,73.26,75.2,74.63,76.29,15652653,11941.64,77570, 4478827, 28.61
ESAFSFB,EQ, 28-Jul-2026,38.29,38.68,38.74,36.55,37.4,37.25,37.72,1815530,684.75,6012, 865027, 47.65
FEDERALBNK,EQ, 28-Jul-2026,356.5,357.0,358.7,354.5,356.6,357.25,357.19,6332047,22617.16,95841, 4057805, 64.08
FINOPB,EQ, 28-Jul-2026,166.46,165.81,165.81,161.41,162.4,163.05,162.79,520726,847.69,5879, 127922, 24.57
HDFCBANK,EQ, 28-Jul-2026,739.55,732.0,740.25,732.0,736.75,735.4,736.47,33886037,249561.03,438835, 22542741, 66.53
ICICIBANK,EQ, 28-Jul-2026,1445.7,1442.3,1445.9,1417.6,1417.6,1430.8,1431.3,19486209,278907.08,245191, 10305281, 52.88
IDBI,EQ, 28-Jul-2026,84.48,84.8,87.44,83.81,85.03,85.37,86.03,17708455,15234.06,44177, 3636697, 20.54
IDFCFIRSTB,EQ, 28-Jul-2026,84.88,84.79,86.8,84.54,85.9,85.75,85.92,51450994,44207.63,115060, 23550350, 45.77
INDIANB,EQ, 28-Jul-2026,831.25,834.0,841.3,824.45,835.0,834.25,834.97,1432863,11964.03,30951, 792245, 55.29
INDUSINDBK,EQ, 28-Jul-2026,1006.65,1001.0,1006.0,989.2,991.0,991.95,995.51,1643112,16357.32,46348, 734458, 44.70
IOB,EQ, 28-Jul-2026,34.12,34.0,34.2,33.81,33.95,33.84,33.89,1513331,512.94,8185, 640241, 42.31
J&KBANK,EQ, 28-Jul-2026,177.51,177.39,180.0,173.73,177.99,177.3,176.77,3784227,6689.37,32280, 1847904, 48.83
JSFB,EQ, 28-Jul-2026,537.25,539.95,544.95,527.85,534.6,531.1,534.96,410878,2198.05,13886, 192749, 46.91
KARURVYSYA,EQ, 28-Jul-2026,339.65,338.0,340.4,334.0,337.85,338.4,337.78,2548741,8609.05,89534, 1452951, 57.01
KOTAKBANK,EQ, 28-Jul-2026,384.65,383.05,387.3,383.05,385.7,385.3,385.58,14247981,54937.97,305962, 8888531, 62.38
KTKBANK,EQ, 28-Jul-2026,285.55,286.95,287.0,275.7,278.1,276.75,279.23,2855837,7974.29,30551, 1569935, 54.97
MAHABANK,EQ, 28-Jul-2026,80.63,80.63,80.97,79.96,80.51,80.2,80.37,7527183,6049.86,43248, 4109848, 54.60
PNB,EQ, 28-Jul-2026,111.62,111.62,112.33,111.18,111.79,111.65,111.81,15684441,17537.41,52706, 8451253, 53.88
PSB,EQ, 28-Jul-2026,23.89,23.89,23.99,23.63,23.78,23.71,23.71,767510,182.0,2632, 321435, 41.88
RBLBANK,EQ, 28-Jul-2026,362.85,363.0,367.6,361.25,364.3,364.9,364.12,3630371,13218.93,35845, 1573183, 43.33
SBIN,EQ, 28-Jul-2026,1020.6,1018.0,1022.0,1008.3,1014.4,1013.2,1014.13,9873370,100128.79,181378, 4386852, 44.43
SOUTHBANK,EQ, 28-Jul-2026,47.9,48.0,48.04,47.02,47.11,47.13,47.33,7738124,3662.44,20083, 3789684, 48.97
SURYODAY,EQ, 28-Jul-2026,184.62,184.0,184.43,164.17,167.0,165.68,170.64,6673624,11388.04,50623, 1659343, 24.86
TMB,EQ, 28-Jul-2026,893.65,900.0,908.8,857.6,876.65,880.8,880.73,2559460,22542.06,79339, 382082, 14.93
UCOBANK,EQ, 28-Jul-2026,26.66,26.7,27.02,26.4,26.63,26.67,26.74,8710410,2329.06,15538, 2806696, 32.22
UJJIVANSFB,EQ, 28-Jul-2026,71.57,70.03,73.03,69.73,70.3,70.12,71.28,42462662,30268.33,125066, 21517689, 50.67
UNIONBANK,EQ, 28-Jul-2026,170.11,170.68,171.4,167.7,167.7,168.24,169.69,10776044,18286.33,48587, 4386914, 40.71
UTKARSHBNK,EQ, 28-Jul-2026,14.51,14.64,14.72,14.21,14.29,14.27,14.35,2493172,357.86,7602, 1294309, 51.91
YESBANK,EQ, 28-Jul-2026,22.94,22.94,22.98,22.76,22.81,22.81,22.86,71668089,16386.23,62888, 41194063, 57.48
AUBANK,EQ, 29-Jul-2026,1047.7,1067.9,1068.8,1040.0,1043.8,1042.3,1047.63,1383599,14495.01,41372, 898576, 64.94
AXISBANK,EQ, 29-Jul-2026,1223.5,1229.5,1237.1,1214.4,1235.9,1235.4,1224.6,10110233,123810.22,200117, 6142410, 60.75
BANDHANBNK,EQ, 29-Jul-2026,168.84,169.0,174.06,168.05,173.4,173.58,171.8,19391311,33313.41,85580, 9016132, 46.50
BANKBARODA,EQ, 29-Jul-2026,239.2,239.9,244.9,239.35,243.2,243.35,243.21,10011406,24348.4,46529, 5872597, 58.66
BANKINDIA,EQ, 29-Jul-2026,136.32,137.0,138.3,136.44,137.68,137.65,137.34,8293430,11389.94,41407, 3718360, 44.84
CANBK,EQ, 29-Jul-2026,124.24,124.6,125.55,124.0,124.5,124.72,124.84,17108935,21358.3,61379, 8058738, 47.10
CAPITALSFB,EQ, 29-Jul-2026,296.3,298.45,300.1,295.0,299.0,298.3,298.25,15543,46.36,540, 7390, 47.55
CENTRALBK,EQ, 29-Jul-2026,30.89,31.2,31.27,30.96,31.2,31.19,31.16,4099225,1277.44,8946, 2097039, 51.16
CSBBANK,EQ, 29-Jul-2026,339.2,339.9,341.1,332.5,333.5,333.0,335.78,420485,1411.89,11081, 221505, 52.68
CUB,EQ, 29-Jul-2026,238.14,236.0,236.0,224.69,230.0,228.86,228.81,7988538,18278.75,94948, 3476312, 43.52
DCBBANK,EQ, 29-Jul-2026,195.1,195.1,195.35,190.64,192.59,192.56,192.8,1048964,2022.41,18598, 514069, 49.01
DHANBANK,EQ, 29-Jul-2026,34.13,34.8,35.97,31.11,32.36,31.98,33.2,11854112,3935.71,36851, 2051331, 17.30
EQUITASBNK,EQ, 29-Jul-2026,74.63,73.7,74.29,70.61,73.45,73.13,72.51,9385579,6805.13,69142, 3731404, 39.76
ESAFSFB,EQ, 29-Jul-2026,37.25,37.1,38.5,35.7,37.4,37.43,37.19,2663369,990.62,12318, 938211, 35.23
FEDERALBNK,EQ, 29-Jul-2026,357.25,359.0,359.9,356.45,359.5,359.15,358.52,5713345,20483.75,84882, 3803476, 66.57
FINOPB,EQ, 29-Jul-2026,163.05,163.95,164.29,160.63,163.2,163.03,162.22,529965,859.7,4882, 82371, 15.54
HDFCBANK,EQ, 29-Jul-2026,735.4,743.0,751.25,740.8,748.3,748.2,747.8,20460659,153004.01,256480, 13846743, 67.67
ICICIBANK,EQ, 29-Jul-2026,1430.8,1442.5,1448.5,1428.5,1437.8,1437.9,1438.32,10856166,156146.05,155779, 7381756, 68.00
IDBI,EQ, 29-Jul-2026,85.37,85.1,85.53,83.89,84.16,84.14,84.66,4781984,4048.33,17261, 2316647, 48.45
IDFCFIRSTB,EQ, 29-Jul-2026,85.75,85.75,86.1,84.57,85.0,85.02,85.39,19050886,16268.09,56654, 9004509, 47.27
INDIANB,EQ, 29-Jul-2026,834.25,834.25,839.15,826.05,826.05,827.7,832.44,772928,6434.13,27635, 331334, 42.87
INDUSINDBK,EQ, 29-Jul-2026,991.95,995.05,1015.0,993.55,1011.2,1012.3,1007.03,1232625,12412.86,41164, 645719, 52.39
IOB,EQ, 29-Jul-2026,33.84,34.0,34.07,33.72,33.8,33.79,33.84,1478850,500.42,9470, 811551, 54.88
J&KBANK,EQ, 29-Jul-2026,177.3,178.7,182.29,153.2,155.0,154.63,160.78,36982212,59458.71,239013, 11295161, 30.54
JSFB,EQ, 29-Jul-2026,531.1,534.7,581.0,527.2,573.0,572.35,554.57,3307725,18343.7,63988, 1511905, 45.71
KARURVYSYA,EQ, 29-Jul-2026,338.4,341.0,342.75,338.0,339.65,340.1,340.68,1528804,5208.25,33493, 935325, 61.18
KOTAKBANK,EQ, 29-Jul-2026,385.3,387.0,392.25,385.15,389.3,390.2,389.3,9190194,35777.29,143697, 6579861, 71.60
KTKBANK,EQ, 29-Jul-2026,276.75,278.05,283.0,276.1,278.8,279.0,279.73,3157848,8833.51,26756, 1984183, 62.83
MAHABANK,EQ, 29-Jul-2026,80.2,80.2,81.23,80.05,80.82,80.73,80.6,9380013,7560.26,35990, 5807466, 61.91
PNB,EQ, 29-Jul-2026,111.65,112.3,112.3,110.89,111.07,111.08,111.39,8304814,9251.06,39558, 3838477, 46.22
PSB,EQ, 29-Jul-2026,23.71,23.85,23.91,23.63,23.65,23.67,23.74,1033148,245.23,3034, 520488, 50.38
RBLBANK,EQ, 29-Jul-2026,364.9,366.2,372.4,363.9,370.5,371.15,367.57,4168194,15321.03,56223, 2501034, 60.00
SBIN,EQ, 29-Jul-2026,1013.2,1020.0,1020.2,1012.0,1014.0,1013.7,1014.99,4792964,48648.18,98762, 2593665, 54.11
SOUTHBANK,EQ, 29-Jul-2026,47.13,47.21,47.47,46.36,46.55,46.49,46.66,9021635,4209.84,24295, 3709136, 41.11
SURYODAY,EQ, 29-Jul-2026,165.68,169.0,172.3,161.15,163.22,162.33,165.74,4190252,6944.72,33524, 936372, 22.35
TMB,EQ, 29-Jul-2026,880.8,879.7,879.7,860.05,868.0,865.2,867.21,257127,2229.82,12711, 102894, 40.02
UCOBANK,EQ, 29-Jul-2026,26.67,26.7,26.8,26.45,26.49,26.51,26.62,4294029,1143.0,10340, 1848047, 43.04
UJJIVANSFB,EQ, 29-Jul-2026,70.12,70.5,70.92,68.9,70.3,70.37,69.98,12337108,8633.95,37684, 5141804, 41.68
UNIONBANK,EQ, 29-Jul-2026,168.24,168.24,171.94,168.14,171.1,171.08,170.78,12582530,21487.89,50839, 7174749, 57.02
UTKARSHBNK,EQ, 29-Jul-2026,14.27,14.27,14.51,14.23,14.44,14.45,14.34,2622194,376.06,6975, 1358266, 51.80
YESBANK,EQ, 29-Jul-2026,22.81,22.87,23.0,22.75,22.84,22.84,22.87,45390757,10379.49,54672, 19603587, 43.19
AUBANK,EQ, 30-Jul-2026,1042.3,1040.0,1040.3,1022.6,1033.0,1030.7,1028.67,1294208,13313.11,56387, 575845, 44.49
AXISBANK,EQ, 30-Jul-2026,1235.4,1229.0,1232.2,1220.2,1230.8,1228.9,1225.48,6878684,84297.07,129058, 4351894, 63.27
BANDHANBNK,EQ, 30-Jul-2026,173.58,173.2,174.23,171.44,172.85,172.72,172.78,9336125,16131.17,71242, 3988363, 42.72
BANKBARODA,EQ, 30-Jul-2026,243.35,243.0,243.0,240.1,241.95,241.65,241.74,9423237,22779.42,53149, 4456349, 47.29
BANKINDIA,EQ, 30-Jul-2026,137.65,137.05,137.69,136.05,137.4,137.22,137.1,5363657,7353.69,31481, 2520482, 46.99
CANBK,EQ, 30-Jul-2026,124.72,124.7,124.89,123.66,124.59,124.28,124.19,13652920,16955.95,51149, 5749259, 42.11
CAPITALSFB,EQ, 30-Jul-2026,298.3,298.3,298.5,295.0,296.0,296.05,296.61,17707,52.52,560, 10482, 59.20
CENTRALBK,EQ, 30-Jul-2026,31.19,31.15,31.15,30.91,31.1,31.02,31.02,2570287,797.42,10308, 1309335, 50.94
CSBBANK,EQ, 30-Jul-2026,333.0,333.0,333.5,326.0,328.0,326.95,328.68,676930,2224.95,15011, 364034, 53.78
CUB,EQ, 30-Jul-2026,228.86,227.7,228.0,214.44,216.2,215.48,219.0,5918636,12961.95,71760, 3167158, 53.51
DCBBANK,EQ, 30-Jul-2026,192.56,191.51,192.05,187.01,187.32,187.55,188.85,823881,1555.89,15725, 507083, 61.55
DHANBANK,EQ, 30-Jul-2026,31.98,32.5,32.94,31.98,32.45,32.34,32.34,1810193,585.49,6431, 538778, 29.76
EQUITASBNK,EQ, 30-Jul-2026,73.13,73.54,73.98,72.31,72.56,72.58,73.05,2801392,2046.55,27570, 1539587, 54.96
ESAFSFB,EQ, 30-Jul-2026,37.43,37.43,37.74,36.27,36.47,36.48,36.89,1207299,445.35,4784, 657409, 54.45
FEDERALBNK,EQ, 30-Jul-2026,359.15,359.05,359.35,352.85,354.05,354.15,354.58,6259452,22194.54,69365, 3652159, 58.35
FINOPB,EQ, 30-Jul-2026,163.03,163.0,163.0,159.12,159.12,160.74,160.62,356471,572.55,4546, 81220, 22.78
HDFCBANK,EQ, 30-Jul-2026,748.2,752.8,757.9,745.5,753.4,753.95,750.92,35844392,269163.53,356030, 20668475, 57.66
ICICIBANK,EQ, 30-Jul-2026,1437.9,1431.1,1442.2,1422.6,1430.0,1433.9,1430.78,14141173,202329.72,180054, 6425371, 45.44
IDBI,EQ, 30-Jul-2026,84.14,84.14,85.3,83.7,83.99,84.04,84.39,6678966,5636.16,33607, 2473084, 37.03
IDFCFIRSTB,EQ, 30-Jul-2026,85.02,84.93,85.0,83.7,84.7,84.76,84.48,19103686,16139.16,68969, 8315764, 43.53
INDIANB,EQ, 30-Jul-2026,827.7,825.75,832.5,817.75,826.55,827.25,827.14,816477,6753.45,38965, 408416, 50.02
INDUSINDBK,EQ, 30-Jul-2026,1012.3,1012.3,1013.6,999.0,1010.8,1011.45,1006.81,1237239,12456.61,35361, 482548, 39.00
IOB,EQ, 30-Jul-2026,33.79,33.8,33.87,33.5,33.78,33.73,33.65,2100415,706.87,11990, 1056047, 50.28
J&KBANK,EQ, 30-Jul-2026,154.63,155.0,155.72,146.7,153.75,153.74,150.75,13733288,20703.06,89017, 3158001, 23.00
JSFB,EQ, 30-Jul-2026,572.35,561.8,580.0,561.2,562.0,563.35,570.0,1104483,6295.53,30031, 475058, 43.01
KARURVYSYA,EQ, 30-Jul-2026,340.1,340.0,344.5,339.0,340.5,340.3,341.6,2148256,7338.42,60201, 1089892, 50.73
KOTAKBANK,EQ, 30-Jul-2026,390.2,385.7,390.2,385.7,387.6,389.4,388.59,12205963,47430.63,189710, 8285872, 67.88
KTKBANK,EQ, 30-Jul-2026,279.0,280.0,292.5,279.0,292.0,290.75,288.27,9422179,27160.9,93200, 3544774, 37.62
MAHABANK,EQ, 30-Jul-2026,80.73,80.73,80.73,79.1,79.3,79.26,79.68,8039880,6406.08,41056, 4052038, 50.40
PNB,EQ, 30-Jul-2026,111.08,111.05,111.9,110.32,111.8,111.64,111.31,10292180,11456.02,45571, 5383095, 52.30
PSB,EQ, 30-Jul-2026,23.67,23.67,23.67,22.88,22.99,22.97,23.14,2837017,656.51,6703, 1905135, 67.15
RBLBANK,EQ, 30-Jul-2026,371.15,371.15,383.45,367.35,377.7,378.05,377.78,14577462,55070.56,181795, 7855349, 53.89
SBIN,EQ, 30-Jul-2026,1013.7,1013.5,1028.3,1007.6,1024.0,1025.3,1020.37,6847458,69869.67,137559, 2773301, 40.50
SOUTHBANK,EQ, 30-Jul-2026,46.49,46.6,47.1,46.28,46.9,46.89,46.75,5193772,2428.19,19417, 2184897, 42.07
SURYODAY,EQ, 30-Jul-2026,162.33,163.5,164.49,158.52,161.46,161.65,160.92,1396933,2248.01,12606, 339586, 24.31
TMB,EQ, 30-Jul-2026,865.2,874.9,878.3,844.9,852.0,851.75,859.28,414923,3565.34,17567, 175805, 42.37
UCOBANK,EQ, 30-Jul-2026,26.51,26.51,26.57,25.69,25.92,25.82,26.05,7438918,1938.06,15875, 4463069, 60.00
UJJIVANSFB,EQ, 30-Jul-2026,70.37,70.45,71.32,69.72,70.32,70.33,70.36,11155624,7849.65,39144, 4283571, 38.40
UNIONBANK,EQ, 30-Jul-2026,171.08,171.08,171.08,167.9,170.65,170.4,169.5,9365956,15874.91,44491, 4183460, 44.67
UTKARSHBNK,EQ, 30-Jul-2026,14.45,14.49,14.49,14.23,14.36,14.31,14.31,2411158,344.96,6856, 1391338, 57.70
YESBANK,EQ, 30-Jul-2026,22.84,22.84,22.88,22.46,22.54,22.54,22.59,56345653,12729.37,71788, 21655531, 38.43
AUBANK,EQ, 31-Jul-2026,1030.7,1035.0,1057.4,1034.9,1046.0,1047.3,1045.49,2215780,23165.77,59241, 1405536, 63.43
AXISBANK,EQ, 31-Jul-2026,1228.9,1226.2,1239.7,1226.0,1227.1,1229.5,1229.73,7487936,92081.48,132001, 5670614, 75.73
BANDHANBNK,EQ, 31-Jul-2026,172.72,173.4,175.4,173.28,173.9,174.13,174.45,7033133,12269.08,35907, 3397026, 48.30
BANKBARODA,EQ, 31-Jul-2026,241.65,243.0,244.5,242.1,242.8,242.6,243.04,7775343,18897.03,34620, 4911070, 63.16
BANKINDIA,EQ, 31-Jul-2026,137.22,138.0,138.68,136.87,137.72,137.95,137.81,5768166,7949.15,27043, 2546391, 44.15
CANBK,EQ, 31-Jul-2026,124.28,124.99,125.44,124.25,124.9,124.98,124.86,13392650,16722.58,54705, 7312395, 54.60
CAPITALSFB,EQ, 31-Jul-2026,296.05,298.2,298.2,290.05,291.65,291.7,292.59,44957,131.54,1166, 26462, 58.86
CENTRALBK,EQ, 31-Jul-2026,31.02,31.04,31.14,30.93,30.99,30.97,30.99,4785076,1483.11,11368, 2852017, 59.60
CSBBANK,EQ, 31-Jul-2026,326.95,328.6,331.7,327.0,330.5,329.9,328.99,503673,1657.04,9438, 268438, 53.30
CUB,EQ, 31-Jul-2026,215.48,214.7,216.84,205.51,206.0,206.5,209.44,5323234,11148.76,56033, 2642128, 49.63
DCBBANK,EQ, 31-Jul-2026,187.55,187.6,188.72,186.0,186.0,186.09,186.88,815067,1523.23,14796, 537953, 66.00
DHANBANK,EQ, 31-Jul-2026,32.34,32.32,32.64,32.0,32.05,32.07,32.17,820036,263.83,3475, 453036, 55.25
EQUITASBNK,EQ, 31-Jul-2026,72.58,72.59,75.5,72.45,75.02,75.21,74.25,4701887,3491.24,34272, 2630214, 55.94
ESAFSFB,EQ, 31-Jul-2026,36.48,37.88,43.0,35.75,42.7,42.05,40.35,43578126,17583.06,138302, 5030162, 11.54
FEDERALBNK,EQ, 31-Jul-2026,354.15,355.4,359.7,354.75,358.65,358.85,358.03,3907564,13990.44,59375, 2429595, 62.18
FINOPB,EQ, 31-Jul-2026,160.74,161.98,162.1,158.05,158.6,159.09,160.19,428122,685.8,4362, 127504, 29.78
HDFCBANK,EQ, 31-Jul-2026,753.95,753.95,757.55,747.2,748.0,748.15,749.63,25522483,191323.31,296777, 19081002, 74.76
ICICIBANK,EQ, 31-Jul-2026,1433.9,1434.3,1441.9,1431.4,1433.9,1435.4,1434.95,8752440,125593.02,100099, 5861291, 66.97
IDBI,EQ, 31-Jul-2026,84.04,84.5,84.74,83.6,83.95,83.75,84.02,4088488,3435.25,14509, 1770289, 43.30
IDFCFIRSTB,EQ, 31-Jul-2026,84.76,84.76,85.74,84.51,84.84,84.68,85.13,13981195,11902.59,49924, 5639960, 40.34
INDIANB,EQ, 31-Jul-2026,827.25,828.0,840.9,828.0,834.1,836.5,834.63,1312076,10950.94,49841, 797862, 60.81
INDUSINDBK,EQ, 31-Jul-2026,1011.45,1011.45,1017.9,996.4,1011.0,1012.45,1010.25,2922821,29527.93,101251, 1878781, 64.28
IOB,EQ, 31-Jul-2026,33.73,33.85,34.18,33.67,33.87,33.9,33.89,1581741,536.05,8306, 817214, 51.67
J&KBANK,EQ, 31-Jul-2026,153.74,154.4,157.24,153.2,156.25,156.0,155.76,4737115,7378.46,33479, 2069609, 43.69
JSFB,EQ, 31-Jul-2026,563.35,564.0,583.95,563.0,573.0,575.0,576.66,840142,4844.76,24101, 379689, 45.19
KARURVYSYA,EQ, 31-Jul-2026,340.3,342.45,346.75,340.6,342.55,342.45,343.6,2390096,8212.44,62865, 1385082, 57.95
KOTAKBANK,EQ, 31-Jul-2026,389.4,390.2,391.85,388.0,388.85,390.3,390.07,7014637,27361.8,173745, 5240267, 74.70
KTKBANK,EQ, 31-Jul-2026,290.75,293.0,295.4,283.1,283.9,284.75,288.44,4082393,11775.07,40719, 1663679, 40.75
MAHABANK,EQ, 31-Jul-2026,79.26,79.8,80.2,78.96,79.3,79.33,79.38,7563638,6003.87,42821, 4050779, 53.56
PNB,EQ, 31-Jul-2026,111.64,112.0,113.0,111.69,112.65,112.71,112.5,11559072,13004.04,39087, 6106728, 52.83
PSB,EQ, 31-Jul-2026,22.97,23.05,23.39,23.0,23.16,23.19,23.22,1086603,252.34,2675, 413851, 38.09
RBLBANK,EQ, 31-Jul-2026,378.05,380.0,381.8,373.0,373.55,375.5,376.5,5846031,22010.47,104698, 3172971, 54.28
SBIN,EQ, 31-Jul-2026,1025.3,1028.1,1034.3,1023.5,1027.6,1027.4,1027.66,10921417,112234.54,168921, 6811175, 62.37
SOUTHBANK,EQ, 31-Jul-2026,46.89,47.0,47.47,46.55,46.84,46.7,47.01,7682155,3611.49,31244, 3262343, 42.47
SURYODAY,EQ, 31-Jul-2026,161.65,164.5,165.8,161.07,162.35,161.92,163.16,1134741,1851.4,11607, 360102, 31.73
TMB,EQ, 31-Jul-2026,851.75,855.95,870.0,838.2,854.0,851.7,853.64,477854,4079.16,28210, 190586, 39.88
UCOBANK,EQ, 31-Jul-2026,25.82,25.94,26.26,25.88,26.18,26.17,26.07,4036886,1052.45,9364, 1408317, 34.89
UJJIVANSFB,EQ, 31-Jul-2026,70.33,70.02,72.8,69.88,71.8,71.75,72.03,18147741,13070.96,52378, 9095166, 50.12
UNIONBANK,EQ, 31-Jul-2026,170.4,171.06,172.8,169.82,170.76,171.24,171.28,5557534,9518.78,31073, 2225205, 40.04
UTKARSHBNK,EQ, 31-Jul-2026,14.31,14.31,14.7,14.22,14.69,14.62,14.5,3650606,529.47,7602, 2204514, 60.39
YESBANK,EQ, 31-Jul-2026,22.54,22.54,22.85,22.48,22.78,22.77,22.72,37775562,8583.16,56947, 18381645, 48.66
AUBANK,EQ, 03-Aug-2026,1047.3,1054.1,1060.0,1038.4,1060.0,1060.0,1046.61,1367532,14312.76,33222, 807923, 59.08
AXISBANK,EQ, 03-Aug-2026,1229.5,1236.9,1272.0,1230.5,1272.0,1272.0,1248.41,6713421,83811.21,121530, 4182291, 62.30
BANDHANBNK,EQ, 03-Aug-2026,174.13,175.14,176.25,172.59,173.65,173.65,174.97,5621918,9836.84,58612, 2691355, 47.87
BANKBARODA,EQ, 03-Aug-2026,242.6,244.05,248.48,244.0,247.25,247.25,246.77,8511143,21003.28,72513, 4770016, 56.04
BANKINDIA,EQ, 03-Aug-2026,137.95,139.01,141.66,139.01,140.5,140.5,140.33,8509334,11940.83,38866, 3749147, 44.06
CANBK,EQ, 03-Aug-2026,124.98,125.95,127.59,125.5,127.1,127.1,126.92,18180646,23074.25,84292, 9870583, 54.29
CAPITALSFB,EQ, 03-Aug-2026,291.7,292.0,298.9,292.0,293.7,295.65,294.89,18503,54.56,691, 9499, 51.34
CENTRALBK,EQ, 03-Aug-2026,30.97,31.11,31.6,31.09,31.43,31.46,31.41,6387087,2006.08,14922, 3297091, 51.62
CSBBANK,EQ, 03-Aug-2026,329.9,330.1,334.75,329.65,332.1,332.8,332.69,211279,702.91,6141, 119874, 56.74
CUB,EQ, 03-Aug-2026,206.5,208.5,210.48,202.6,204.0,204.65,206.51,2349845,4852.78,34009, 1239084, 52.73
DCBBANK,EQ, 03-Aug-2026,186.09,189.0,191.89,187.16,191.4,191.09,190.92,801482,1530.16,9628, 382068, 47.67
DHANBANK,EQ, 03-Aug-2026,32.07,32.6,33.66,32.27,32.85,32.73,32.87,1294688,425.54,5156, 495803, 38.30
EQUITASBNK,EQ, 03-Aug-2026,75.21,75.0,77.0,75.0,75.09,76.26,76.45,3338159,2551.99,30133, 2272920, 68.09
ESAFSFB,EQ, 03-Aug-2026,42.05,41.0,42.49,40.0,41.12,40.92,41.34,9790624,4047.1,34998, 2158645, 22.05
FEDERALBNK,EQ, 03-Aug-2026,358.85,359.45,371.7,357.3,371.7,371.7,360.34,4384044,15797.27,65646, 2799253, 63.85
FINOPB,EQ, 03-Aug-2026,159.09,160.05,166.16,160.05,162.5,162.25,163.21,594852,970.88,7669, 166606, 28.01
HDFCBANK,EQ, 03-Aug-2026,748.15,753.05,756.85,750.05,753.0,753.0,752.96,14827841,111647.88,392396, 9318631, 62.85
ICICIBANK,EQ, 03-Aug-2026,1435.4,1442.0,1460.0,1433.0,1460.0,1460.0,1445.87,7706747,111429.59,185170, 5215640, 67.68
IDBI,EQ, 03-Aug-2026,83.75,84.8,86.23,84.51,84.8,84.71,85.29,4244574,3620.28,16692, 1717293, 40.46
IDFCFIRSTB,EQ, 03-Aug-2026,84.68,85.31,86.5,84.69,86.0,86.0,85.43,12814087,10946.96,53877, 5434561, 42.41
INDIANB,EQ, 03-Aug-2026,836.5,841.95,853.8,838.0,845.0,845.0,847.1,1497239,12683.07,44304, 584681, 39.05
INDUSINDBK,EQ, 03-Aug-2026,1012.45,1019.0,1028.9,1013.3,1028.9,1028.9,1019.65,887652,9050.91,30372, 430526, 48.50
IOB,EQ, 03-Aug-2026,33.9,34.29,34.6,34.01,34.07,34.1,34.31,2431701,834.44,11008, 1095028, 45.03
J&KBANK,EQ, 03-Aug-2026,156.0,155.0,158.7,152.55,155.8,156.12,157.01,6169987,9687.46,53526, 2966634, 48.08
JSFB,EQ, 03-Aug-2026,575.0,579.0,593.0,573.6,585.0,584.85,584.35,673070,3933.08,24389, 320101, 47.56
KARURVYSYA,EQ, 03-Aug-2026,342.45,343.5,351.8,342.5,349.0,348.1,348.06,3406254,11855.66,57118, 1827123, 53.64
KOTAKBANK,EQ, 03-Aug-2026,390.3,392.0,397.5,391.05,397.5,397.5,393.2,11247062,44223.97,198837, 8110295, 72.11
KTKBANK,EQ, 03-Aug-2026,284.75,288.0,294.0,286.0,289.05,289.45,291.64,3342740,9748.86,32818, 1752295, 52.42
MAHABANK,EQ, 03-Aug-2026,79.33,80.0,80.76,78.97,79.4,79.57,79.81,11500933,9178.88,69474, 6443371, 56.02
PNB,EQ, 03-Aug-2026,112.71,113.01,114.47,112.66,113.0,113.0,113.61,12088257,13733.87,47490, 5299697, 43.84
PSB,EQ, 03-Aug-2026,23.19,23.4,23.9,23.4,23.82,23.76,23.72,1577094,374.15,4628, 773407, 49.04
RBLBANK,EQ, 03-Aug-2026,375.5,379.5,382.4,376.35,379.95,379.95,378.74,3413992,12930.32,43289, 1784152, 52.26
SBIN,EQ, 03-Aug-2026,1027.4,1035.0,1051.5,1031.6,1045.0,1045.0,1041.98,10507450,109485.08,167075, 6160621, 58.63
SOUTHBANK,EQ, 03-Aug-2026,46.7,47.0,47.87,46.93,47.03,47.07,47.4,8220206,3895.98,25215, 3839174, 46.70
SURYODAY,EQ, 03-Aug-2026,161.92,163.1,166.75,162.3,166.0,163.73,164.61,659356,1085.37,7440, 218835, 33.19
TMB,EQ, 03-Aug-2026,851.7,864.9,879.4,855.45,860.2,861.55,867.85,226900,1969.15,17410, 106206, 46.81
UCOBANK,EQ, 03-Aug-2026,26.17,26.4,26.58,26.28,26.29,26.31,26.42,3408343,900.42,10111, 1576947, 46.27
UJJIVANSFB,EQ, 03-Aug-2026,71.75,72.89,73.1,71.0,71.1,71.14,72.19,13435710,9699.25,44012, 7203524, 53.61
UNIONBANK,EQ, 03-Aug-2026,171.24,171.4,175.74,171.4,174.0,174.0,174.29,8353185,14559.04,42709, 3600747, 43.11
UTKARSHBNK,EQ, 03-Aug-2026,14.62,15.0,15.14,14.3,14.57,14.56,14.63,14520349,2124.99,29183, 6011579, 41.40
YESBANK,EQ, 03-Aug-2026,22.77,22.8,23.0,22.75,23.0,23.0,22.87,35072952,8021.11,58792, 14992162, 42.75
AUBANK,EQ, 04-Aug-2026,1060.0,1055.0,1059.0,1035.2,1059.0,1059.0,1043.56,774989,8087.48,27986, 456521, 58.91
AXISBANK,EQ, 04-Aug-2026,1272.0,1264.0,1264.0,1244.0,1261.8,1261.8,1252.9,5694891,71351.24,101832, 3275996, 57.53
BANDHANBNK,EQ, 04-Aug-2026,173.65,174.44,175.22,173.12,173.6,173.6,174.03,8403143,14623.92,85855, 4124942, 49.09
BANKBARODA,EQ, 04-Aug-2026,247.25,247.19,249.15,245.0,245.0,245.0,246.85,4143561,10228.23,36858, 1878899, 45.35
BANKINDIA,EQ, 04-Aug-2026,140.5,140.29,141.25,138.92,140.44,140.44,139.92,5544174,7757.37,28444, 2666331, 48.09
CANBK,EQ, 04-Aug-2026,127.1,127.09,128.95,126.26,128.0,128.0,128.06,21657270,27735.02,75644, 11128502, 51.38
CAPITALSFB,EQ, 04-Aug-2026,295.65,299.5,299.5,293.75,294.9,295.3,296.11,26721,79.12,772, 14011, 52.43
CENTRALBK,EQ, 04-Aug-2026,31.46,31.46,31.5,31.17,31.27,31.23,31.32,4894350,1533.03,13260, 2692606, 55.01
CSBBANK,EQ, 04-Aug-2026,332.8,333.4,333.4,327.95,328.45,329.9,330.34,217303,717.83,7491, 112553, 51.80
CUB,EQ, 04-Aug-2026,204.65,204.0,205.0,200.74,201.0,201.47,202.28,4808855,9727.57,32419, 3536485, 73.54
DCBBANK,EQ, 04-Aug-2026,191.09,191.85,192.3,189.61,191.01,191.8,191.18,441045,843.19,6577, 236754, 53.68
DHANBANK,EQ, 04-Aug-2026,32.73,32.8,32.88,32.09,32.3,32.15,32.45,751760,243.97,2303, 412138, 54.82
EQUITASBNK,EQ, 04-Aug-2026,76.26,76.0,76.8,75.35,76.64,76.38,76.0,1695743,1288.76,12172, 911823, 53.77
ESAFSFB,EQ, 04-Aug-2026,40.92,40.92,43.5,40.77,41.8,41.98,42.22,8115114,3425.98,27125, 1878178, 23.14
FEDERALBNK,EQ, 04-Aug-2026,371.7,364.55,364.55,357.1,362.45,362.45,359.48,5569382,20020.94,64034, 2598191, 46.65
FINOPB,EQ, 04-Aug-2026,162.25,163.06,163.75,159.36,160.77,161.03,160.8,324513,521.8,3551, 125123, 38.56
HDFCBANK,EQ, 04-Aug-2026,753.0,753.2,753.2,738.0,742.0,742.0,742.63,31559802,234373.41,423043, 19491117, 61.76
ICICIBANK,EQ, 04-Aug-2026,1460.0,1452.0,1454.6,1430.8,1454.6,1454.6,1441.86,11458963,165222.17,141775, 5522328, 48.19
IDBI,EQ, 04-Aug-2026,84.71,85.0,85.0,83.91,84.64,84.55,84.46,2999829,2533.64,12953, 1383862, 46.13
IDFCFIRSTB,EQ, 04-Aug-2026,86.0,85.87,86.13,84.45,86.0,86.0,85.59,12931033,11067.77,46449, 6606105, 51.09
INDIANB,EQ, 04-Aug-2026,845.0,845.8,852.75,837.3,845.0,845.0,843.21,885832,7469.45,33037, 393629, 44.44
INDUSINDBK,EQ, 04-Aug-2026,1028.9,1028.9,1028.9,1014.6,1026.0,1026.0,1020.24,720413,7349.96,22372, 338014, 46.92
IOB,EQ, 04-Aug-2026,34.1,34.11,34.49,34.05,34.3,34.29,34.27,1709183,585.74,9128, 952882, 55.75
J&KBANK,EQ, 04-Aug-2026,156.12,156.12,158.55,155.19,158.0,157.81,157.21,4665962,7335.51,32605, 2429813, 52.08
JSFB,EQ, 04-Aug-2026,584.85,589.0,590.4,570.0,576.5,573.9,578.06,454156,2625.31,19312, 234698, 51.68
KARURVYSYA,EQ, 04-Aug-2026,348.1,349.5,349.7,340.8,341.55,341.45,344.92,1754151,6050.36,32964, 1104728, 62.98
KOTAKBANK,EQ, 04-Aug-2026,397.5,395.5,398.25,392.1,398.0,398.0,394.69,9131231,36040.44,111010, 5362082, 58.72
KTKBANK,EQ, 04-Aug-2026,289.45,290.1,297.5,286.6,296.0,296.05,293.28,3234907,9487.24,57624, 1792285, 55.40
MAHABANK,EQ, 04-Aug-2026,79.57,79.6,79.89,78.3,78.5,78.42,78.78,7746114,6102.57,42429, 4387953, 56.65
PNB,EQ, 04-Aug-2026,113.0,113.49,114.0,112.64,113.99,113.99,113.6,7961139,9044.15,35351, 4047940, 50.85
PSB,EQ, 04-Aug-2026,23.76,23.79,23.97,23.56,23.9,23.87,23.81,795748,189.48,3044, 345690, 43.44
RBLBANK,EQ, 04-Aug-2026,379.95,379.95,384.5,377.2,380.55,380.55,381.68,2210039,8435.19,32598, 789432, 35.72
SBIN,EQ, 04-Aug-2026,1045.0,1047.6,1047.6,1030.9,1042.7,1042.7,1036.36,8544184,88548.5,163836, 4533215, 53.06
SOUTHBANK,EQ, 04-Aug-2026,47.07,47.07,47.25,46.76,46.8,46.86,46.99,4904547,2304.53,19786, 2414143, 49.22
SURYODAY,EQ, 04-Aug-2026,163.73,164.5,164.67,161.17,161.56,162.76,162.64,824515,1340.96,9364, 330694, 40.11
TMB,EQ, 04-Aug-2026,861.55,865.8,868.05,851.0,855.0,856.8,858.02,184830,1585.87,12923, 96340, 52.12
UCOBANK,EQ, 04-Aug-2026,26.31,26.45,26.45,26.2,26.39,26.33,26.32,2213528,582.57,7435, 861877, 38.94
UJJIVANSFB,EQ, 04-Aug-2026,71.14,70.95,71.76,68.52,69.0,70.35,70.37,22530135,15854.37,44269, 10560719, 46.87
UNIONBANK,EQ, 04-Aug-2026,174.0,174.37,175.2,172.44,174.0,174.0,173.76,6867862,11933.82,51988, 3389931, 49.36
UTKARSHBNK,EQ, 04-Aug-2026,14.56,14.45,14.66,14.37,14.45,14.54,14.47,2928114,423.81,11529, 1456201, 49.73
YESBANK,EQ, 04-Aug-2026,23.0,23.0,23.01,22.78,23.0,23.0,22.9,41667544,9543.01,55879, 17759980, 42.62
AUBANK,EQ, 05-Aug-2026,1059.0,1057.6,1057.6,1042.3,1051.3,1051.3,1047.47,957572,10030.29,33189, 506957, 52.94
AXISBANK,EQ, 05-Aug-2026,1261.8,1260.0,1263.0,1246.2,1253.9,1253.9,1252.35,4295407,53793.55,87650, 2361339, 54.97
BANDHANBNK,EQ, 05-Aug-2026,173.6,174.8,176.15,170.46,170.46,170.46,174.65,7569963,13220.95,59816, 4351482, 57.48
BANKBARODA,EQ, 05-Aug-2026,245.0,247.5,249.84,245.6,245.6,245.6,247.52,9244171,22881.24,63752, 4998613, 54.07
BANKINDIA,EQ, 05-Aug-2026,140.44,140.99,142.8,140.56,141.0,141.0,141.49,6726554,9517.67,37333, 2870715, 42.68
CANBK,EQ, 05-Aug-2026,128.0,129.0,130.1,128.11,128.91,128.91,129.08,19170625,24744.84,78046, 9205586, 48.02
CAPITALSFB,EQ, 05-Aug-2026,295.3,295.4,298.7,292.0,295.9,296.35,294.8,39211,115.59,1226, 27076, 69.05
CENTRALBK,EQ, 05-Aug-2026,31.23,31.4,31.73,31.25,31.34,31.29,31.43,5101445,1603.45,12861, 2392810, 46.90
CSBBANK,EQ, 05-Aug-2026,329.9,333.0,333.0,325.0,327.5,326.55,328.55,222007,729.41,6349, 129796, 58.46
CUB,EQ, 05-Aug-2026,201.47,201.49,205.68,201.49,204.0,204.56,203.24,3142532,6386.88,46537, 1776109, 56.52
DCBBANK,EQ, 05-Aug-2026,191.8,191.5,193.96,188.2,189.0,189.12,190.81,857059,1635.35,10600, 406987, 47.49
DHANBANK,EQ, 05-Aug-2026,32.15,32.5,32.99,32.26,32.61,32.7,32.56,670942,218.43,1753, 408408, 60.87
EQUITASBNK,EQ, 05-Aug-2026,76.38,76.78,77.09,75.5,75.6,75.76,76.03,1633622,1242.07,11908, 915707, 56.05
ESAFSFB,EQ, 05-Aug-2026,41.98,42.01,44.25,41.51,41.71,41.72,42.77,5029074,2150.98,14430, 1669291, 33.19
FEDERALBNK,EQ, 05-Aug-2026,362.45,361.95,361.95,354.2,356.45,356.45,356.57,5018889,17895.69,59324, 3304575, 65.84
FINOPB,EQ, 05-Aug-2026,161.03,161.9,164.52,161.0,161.99,161.47,162.6,340374,553.44,4147, 108923, 32.00
HDFCBANK,EQ, 05-Aug-2026,742.0,733.8,741.95,732.6,735.0,735.0,736.21,60050538,442100.02,453005, 42940980, 71.51
ICICIBANK,EQ, 05-Aug-2026,1454.6,1454.6,1454.6,1431.2,1450.1,1450.1,1442.5,11723296,169108.3,169434, 5881584, 50.17
IDBI,EQ, 05-Aug-2026,84.55,84.84,85.25,84.1,84.32,84.32,84.63,2660894,2251.94,12973, 1023483, 38.46
IDFCFIRSTB,EQ, 05-Aug-2026,86.0,86.0,86.25,84.72,85.3,85.3,85.4,15014901,12822.83,40918, 7671235, 51.09
INDIANB,EQ, 05-Aug-2026,845.0,851.9,864.5,845.2,854.0,854.0,854.54,1605357,13718.37,71084, 724936, 45.16
INDUSINDBK,EQ, 05-Aug-2026,1026.0,1025.0,1038.0,1013.1,1019.0,1019.0,1024.69,1367377,14011.39,35535, 669044, 48.93
IOB,EQ, 05-Aug-2026,34.29,34.49,34.74,34.06,34.19,34.2,34.37,2322568,798.24,12870, 1093379, 47.08
J&KBANK,EQ, 05-Aug-2026,157.81,158.31,158.87,155.34,156.6,156.46,157.33,3149970,4955.73,24180, 1189761, 37.77
JSFB,EQ, 05-Aug-2026,573.9,581.9,581.9,570.0,570.0,572.55,574.87,239088,1374.45,9800, 127088, 53.16
KARURVYSYA,EQ, 05-Aug-2026,341.45,341.85,346.25,336.65,337.0,337.65,341.33,1582416,5401.2,32122, 831090, 52.52
KOTAKBANK,EQ, 05-Aug-2026,398.0,397.0,400.0,393.85,400.0,400.0,396.6,11842327,46966.85,116647, 8518386, 71.93
KTKBANK,EQ, 05-Aug-2026,296.05,295.7,300.55,292.4,298.4,299.65,297.55,2923154,8697.72,28951, 1847829, 63.21
MAHABANK,EQ, 05-Aug-2026,78.42,79.02,80.1,78.4,79.21,79.2,79.14,9813088,7766.01,40937, 4579936, 46.67
PNB,EQ, 05-Aug-2026,113.99,114.16,115.2,113.3,113.55,113.55,114.24,10371553,11848.21,48424, 3725181, 35.92
PSB,EQ, 05-Aug-2026,23.87,23.97,24.15,23.75,23.87,23.8,23.93,907930,217.26,3187, 417819, 46.02
RBLBANK,EQ, 05-Aug-2026,380.55,382.6,392.7,379.85,389.8,389.8,386.82,7256562,28069.49,71595, 3193351, 44.01
SBIN,EQ, 05-Aug-2026,1042.7,1043.0,1055.0,1040.3,1055.0,1055.0,1050.19,8707119,91441.63,148072, 4538901, 52.13
SOUTHBANK,EQ, 05-Aug-2026,46.86,47.18,47.4,46.8,46.99,46.92,47.08,4470613,2104.69,19446, 1848512, 41.35
SURYODAY,EQ, 05-Aug-2026,162.76,164.05,164.9,161.81,162.6,162.68,162.95,755461,1231.06,8202, 370276, 49.01
TMB,EQ, 05-Aug-2026,856.8,861.55,865.95,853.05,854.2,854.65,858.37,149674,1284.75,11700, 79618, 53.19
UCOBANK,EQ, 05-Aug-2026,26.33,26.5,26.77,26.41,26.48,26.49,26.57,3883691,1031.76,10867, 1407901, 36.25
UJJIVANSFB,EQ, 05-Aug-2026,70.35,70.29,71.0,68.72,69.6,69.59,69.84,11303955,7894.47,37418, 6115160, 54.10
UNIONBANK,EQ, 05-Aug-2026,174.0,175.0,178.2,174.22,175.8,175.8,176.06,12655212,22280.85,62195, 4764539, 37.65
UTKARSHBNK,EQ, 05-Aug-2026,14.54,14.56,14.67,14.39,14.44,14.46,14.49,3770967,546.27,10199, 2166191, 57.44
YESBANK,EQ, 05-Aug-2026,23.0,23.0,23.15,22.82,22.97,22.97,22.97,69932112,16062.67,79687, 32450722, 46.40
AUBANK,EQ, 06-Aug-2026,1051.3,1051.3,1105.9,1045.7,1087.6,1087.6,1085.45,4756035,51624.27,82712, 2203746, 46.34
AXISBANK,EQ, 06-Aug-2026,1253.9,1256.1,1259.9,1248.3,1256.0,1256.0,1255.6,4845792,60843.8,104659, 2997190, 61.85
BANDHANBNK,EQ, 06-Aug-2026,170.46,173.0,176.8,173.0,174.66,174.66,175.58,28299072,49686.4,121545, 15303357, 54.08
BANKBARODA,EQ, 06-Aug-2026,245.6,246.11,251.0,245.6,251.0,251.0,248.62,9633422,23950.94,60833, 5025615, 52.17
BANKINDIA,EQ, 06-Aug-2026,141.0,141.7,143.17,140.61,142.66,142.66,142.17,6155628,8751.37,29028, 3173893, 51.56
CANBK,EQ, 06-Aug-2026,128.91,129.0,131.74,128.33,131.7,131.7,130.27,23441604,30538.55,85444, 13805920, 58.89
CAPITALSFB,EQ, 06-Aug-2026,296.35,295.9,298.2,294.05,295.85,295.85,295.73,27025,79.92,448, 18342, 67.87
CENTRALBK,EQ, 06-Aug-2026,31.29,31.25,31.58,31.22,31.51,31.51,31.41,5567744,1748.8,22102, 2979956, 53.52
CSBBANK,EQ, 06-Aug-2026,326.55,327.6,330.5,321.2,324.9,323.95,326.66,446301,1457.91,8342, 288456, 64.63
CUB,EQ, 06-Aug-2026,204.56,205.0,210.1,203.22,208.25,208.39,207.4,3131786,6495.24,36412, 1579505, 50.43
DCBBANK,EQ, 06-Aug-2026,189.12,189.12,196.71,189.12,194.95,194.93,194.17,2804380,5445.14,21524, 1766376, 62.99
DHANBANK,EQ, 06-Aug-2026,32.7,32.75,33.18,32.32,32.52,32.74,32.73,950556,311.13,3767, 411256, 43.26
EQUITASBNK,EQ, 06-Aug-2026,75.76,76.4,76.7,75.21,75.9,76.09,75.9,1197409,908.86,12409, 677427, 56.57
ESAFSFB,EQ, 06-Aug-2026,41.72,41.72,43.43,41.13,42.6,42.54,42.48,3800131,1614.11,11173, 1208117, 31.79
FEDERALBNK,EQ, 06-Aug-2026,356.45,356.45,356.45,351.6,353.55,353.55,353.37,3780768,13360.27,52222, 2291827, 60.62
FINOPB,EQ, 06-Aug-2026,161.47,161.99,162.54,159.04,159.05,159.68,160.17,248911,398.67,3106, 95283, 38.28
HDFCBANK,EQ, 06-Aug-2026,735.0,739.0,740.5,733.55,734.3,734.3,735.7,44772122,329388.33,392473, 29490980, 65.87
ICICIBANK,EQ, 06-Aug-2026,1450.1,1460.0,1460.0,1448.3,1457.5,1457.5,1455.71,14954726,217697.67,191250, 8826942, 59.02
IDBI,EQ, 06-Aug-2026,84.32,84.32,84.99,84.1,84.44,84.54,84.57,2634487,2227.91,14126, 1004746, 38.14
IDFCFIRSTB,EQ, 06-Aug-2026,85.3,85.21,85.54,84.65,85.35,85.35,85.08,10687868,9092.81,36675, 6315064, 59.09
INDIANB,EQ, 06-Aug-2026,854.0,856.0,879.4,849.3,877.9,877.9,868.98,2583415,22449.42,58533, 1130284, 43.75
INDUSINDBK,EQ, 06-Aug-2026,1019.0,1016.0,1033.9,1011.0,1016.2,1016.2,1022.59,769423,7868.07,26595, 358927, 46.65
IOB,EQ, 06-Aug-2026,34.2,34.37,35.0,34.01,34.78,34.8,34.52,3157439,1090.03,11866, 1652115, 52.32
J&KBANK,EQ, 06-Aug-2026,156.46,157.0,164.3,157.0,160.0,160.08,161.05,6458285,10401.26,47743, 2330387, 36.08
JSFB,EQ, 06-Aug-2026,572.55,574.95,581.8,557.2,557.2,560.95,568.74,486432,2766.52,13371, 277594, 57.07
KARURVYSYA,EQ, 06-Aug-2026,337.65,339.9,343.75,332.0,333.8,337.5,339.46,1675844,5688.86,32781, 748319, 44.65
KOTAKBANK,EQ, 06-Aug-2026,400.0,397.25,398.8,393.75,394.0,394.0,395.75,10378024,41071.47,122453, 6841370, 65.92
KTKBANK,EQ, 06-Aug-2026,299.65,299.55,316.8,297.3,304.65,306.8,308.74,7797697,24074.45,78228, 3748412, 48.07
MAHABANK,EQ, 06-Aug-2026,79.2,79.59,79.59,77.75,78.29,78.17,78.29,9359746,7328.15,81024, 5068323, 54.15
PNB,EQ, 06-Aug-2026,113.55,113.55,114.85,113.2,114.3,114.3,114.33,11910351,13616.8,48462, 6543305, 54.94
PSB,EQ, 06-Aug-2026,23.8,23.85,24.09,23.72,23.9,23.98,23.97,1120347,268.5,3357, 554827, 49.52
RBLBANK,EQ, 06-Aug-2026,389.8,390.0,392.0,387.45,392.0,392.0,389.72,2903774,11316.5,35410, 1494013, 51.45
SBIN,EQ, 06-Aug-2026,1055.0,1052.5,1088.1,1052.5,1085.0,1085.0,1073.4,13822265,148368.47,221340, 5839404, 42.25
SOUTHBANK,EQ, 06-Aug-2026,46.92,46.97,47.76,46.93,47.5,47.43,47.39,10025026,4751.13,22581, 3942045, 39.32
SURYODAY,EQ, 06-Aug-2026,162.68,163.7,165.0,161.9,161.9,162.62,163.07,668778,1090.6,6799, 335793, 50.21
TMB,EQ, 06-Aug-2026,854.65,862.95,875.0,855.0,875.0,873.4,867.07,215771,1870.89,10769, 104660, 48.51
UCOBANK,EQ, 06-Aug-2026,26.49,26.49,26.77,26.4,26.59,26.64,26.58,3699848,983.35,9495, 2040600, 55.15
UJJIVANSFB,EQ, 06-Aug-2026,69.59,70.34,72.58,70.0,71.28,72.05,71.54,16057454,11486.71,41105, 7746642, 48.24
UNIONBANK,EQ, 06-Aug-2026,175.8,176.8,182.5,175.21,182.5,182.5,179.71,19962851,35874.96,73149, 10249368, 51.34
UTKARSHBNK,EQ, 06-Aug-2026,14.46,14.56,14.56,14.3,14.36,14.37,14.37,2923982,420.12,7169, 1498612, 51.25
YESBANK,EQ, 06-Aug-2026,22.97,22.97,23.06,22.68,22.68,22.68,22.88,37986003,8691.74,57402, 22096596, 58.17
AUBANK,EQ, 07-Aug-2026,1087.6,1084.9,1088.1,1067.0,1067.0,1067.0,1077.61,752130,8105.05,34004, 398565, 52.99
AXISBANK,EQ, 07-Aug-2026,1256.0,1252.1,1256.0,1238.0,1238.0,1238.0,1244.14,3628823,45147.68,86489, 2285598, 62.98
BANDHANBNK,EQ, 07-Aug-2026,174.66,174.66,177.2,173.52,176.02,176.02,175.83,10729624,18866.24,91669, 5185531, 48.33
BANKBARODA,EQ, 07-Aug-2026,251.0,249.99,251.25,248.02,250.7,250.7,249.86,7479873,18689.07,54716, 3587184, 47.96
BANKINDIA,EQ, 07-Aug-2026,142.66,142.95,145.14,142.0,145.0,145.0,143.57,8569425,12303.45,34434, 4023223, 46.95
CANBK,EQ, 07-Aug-2026,131.7,130.98,132.48,130.43,131.95,131.95,131.68,22576580,29729.01,82118, 10345235, 45.82
CAPITALSFB,EQ, 07-Aug-2026,295.85,298.8,298.8,294.8,295.8,296.2,297.04,20503,60.9,527, 14890, 72.62
CENTRALBK,EQ, 07-Aug-2026,31.51,31.4,31.51,31.26,31.37,31.36,31.37,3574624,1121.43,10752, 2039806, 57.06
CSBBANK,EQ, 07-Aug-2026,323.95,324.0,325.8,315.25,317.95,316.95,319.45,473828,1513.64,11849, 323711, 68.32
CUB,EQ, 07-Aug-2026,208.39,209.0,215.0,207.49,212.75,212.0,211.74,3440800,7285.64,57358, 1675198, 48.69
DCBBANK,EQ, 07-Aug-2026,194.93,195.0,196.76,190.81,192.0,192.62,192.51,1323169,2547.22,13958, 829811, 62.71
DHANBANK,EQ, 07-Aug-2026,32.74,32.4,33.0,31.86,32.85,32.8,32.53,926578,301.38,3574, 398868, 43.05
EQUITASBNK,EQ, 07-Aug-2026,76.09,75.5,76.05,75.0,75.4,75.22,75.42,1307127,985.79,10534, 715122, 54.71
ESAFSFB,EQ, 07-Aug-2026,42.54,41.7,42.4,39.35,40.22,40.27,41.0,4836492,1983.17,15282, 1877586, 38.82
FEDERALBNK,EQ, 07-Aug-2026,353.55,353.2,359.8,350.85,356.25,356.25,356.48,4924276,17554.18,49865, 2715352, 55.14
FINOPB,EQ, 07-Aug-2026,159.68,161.0,161.3,153.15,154.5,154.96,156.72,436058,683.38,5419, 186413, 42.75
HDFCBANK,EQ, 07-Aug-2026,734.3,733.0,736.0,728.2,731.0,731.0,732.24,19382042,141922.25,314352, 13185891, 68.03
ICICIBANK,EQ, 07-Aug-2026,1457.5,1451.0,1455.0,1418.2,1421.0,1421.0,1433.17,14395789,206315.54,155386, 10066071, 69.92
IDBI,EQ, 07-Aug-2026,84.54,84.55,84.79,84.0,84.1,84.22,84.31,2347275,1979.02,12820, 1130123, 48.15
IDFCFIRSTB,EQ, 07-Aug-2026,85.35,85.0,85.14,84.35,84.62,84.62,84.81,9539702,8091.07,45972, 5865909, 61.49
INDIANB,EQ, 07-Aug-2026,877.9,879.35,899.0,878.1,889.5,889.5,889.52,4024185,35796.04,94213, 1740883, 43.26
INDUSINDBK,EQ, 07-Aug-2026,1016.2,1010.3,1024.9,1004.4,1022.0,1022.0,1014.03,1727371,17516.07,30202, 985644, 57.06
IOB,EQ, 07-Aug-2026,34.8,34.8,34.8,34.15,34.3,34.26,34.41,2285872,786.64,10205, 1057715, 46.27
J&KBANK,EQ, 07-Aug-2026,160.08,160.0,161.4,158.3,159.46,159.24,159.84,2238919,3578.61,23515, 1214325, 54.24
JSFB,EQ, 07-Aug-2026,560.95,560.95,572.0,543.2,545.05,549.4,560.43,287311,1610.19,10083, 150811, 52.49
KARURVYSYA,EQ, 07-Aug-2026,337.5,336.0,339.2,334.05,335.5,335.55,336.73,816142,2748.17,21535, 403586, 49.45
KOTAKBANK,EQ, 07-Aug-2026,394.0,393.0,394.85,387.75,390.75,390.75,390.2,7315232,28543.95,110230, 5158775, 70.52
KTKBANK,EQ, 07-Aug-2026,306.8,306.7,313.95,305.6,311.0,310.0,309.92,5176455,16043.02,39605, 3075841, 59.42
MAHABANK,EQ, 07-Aug-2026,78.17,78.05,78.55,77.2,78.48,78.28,77.85,9248212,7200.02,100279, 4545553, 49.15
PNB,EQ, 07-Aug-2026,114.3,114.01,115.37,113.6,114.81,114.81,114.46,11202537,12822.93,41187, 4848524, 43.28
PSB,EQ, 07-Aug-2026,23.98,23.98,23.98,23.71,23.8,23.79,23.85,786849,187.68,3009, 334532, 42.52
RBLBANK,EQ, 07-Aug-2026,392.0,390.0,390.25,384.15,389.8,389.8,386.87,1693465,6551.5,23214, 788461, 46.56
SBIN,EQ, 07-Aug-2026,1085.0,1080.1,1124.5,1075.7,1097.2,1097.2,1103.71,29410622,324607.37,439578, 9937122, 33.79
SOUTHBANK,EQ, 07-Aug-2026,47.43,47.5,47.52,47.07,47.15,47.17,47.26,3899463,1842.81,12386, 1816588, 46.59
SURYODAY,EQ, 07-Aug-2026,162.62,163.14,164.9,161.16,161.51,162.02,162.6,577727,939.4,6493, 227443, 39.37
TMB,EQ, 07-Aug-2026,873.4,873.4,885.1,865.4,872.8,875.95,874.89,142977,1250.89,9025, 70427, 49.26
UCOBANK,EQ, 07-Aug-2026,26.64,26.5,26.54,26.35,26.4,26.4,26.45,2882482,762.43,8768, 1275752, 44.26
UJJIVANSFB,EQ, 07-Aug-2026,72.05,71.98,71.98,69.75,70.0,70.11,70.53,8655583,6104.68,31333, 5058162, 58.44
UNIONBANK,EQ, 07-Aug-2026,182.5,182.2,184.9,180.0,183.6,183.6,182.91,22186841,40581.78,90463, 10851570, 48.91
UTKARSHBNK,EQ, 07-Aug-2026,14.37,14.4,14.4,14.15,14.22,14.19,14.26,2519954,359.27,5443, 1675794, 66.50
YESBANK,EQ, 07-Aug-2026,22.68,22.68,22.8,22.63,22.69,22.69,22.71,25521116,5794.88,47329, 13704942, 53.70
AUBANK,EQ, 07-Aug-2026,1087.6,1084.9,1088.1,1067.0,1067.0,1067.0,1077.61,752130,8105.05,34004, 398565, 52.99
AXISBANK,EQ, 07-Aug-2026,1256.0,1252.1,1256.0,1238.0,1238.0,1238.0,1244.14,3628823,45147.68,86489, 2285598, 62.98
BANDHANBNK,EQ, 07-Aug-2026,174.66,174.66,177.2,173.52,176.02,176.02,175.83,10729624,18866.24,91669, 5185531, 48.33
BANKBARODA,EQ, 07-Aug-2026,251.0,249.99,251.25,248.02,250.7,250.7,249.86,7479873,18689.07,54716, 3587184, 47.96
BANKINDIA,EQ, 07-Aug-2026,142.66,142.95,145.14,142.0,145.0,145.0,143.57,8569425,12303.45,34434, 4023223, 46.95
CANBK,EQ, 07-Aug-2026,131.7,130.98,132.48,130.43,131.95,131.95,131.68,22576580,29729.01,82118, 10345235, 45.82
CAPITALSFB,EQ, 07-Aug-2026,295.85,298.8,298.8,294.8,295.8,296.2,297.04,20503,60.9,527, 14890, 72.62
CENTRALBK,EQ, 07-Aug-2026,31.51,31.4,31.51,31.26,31.37,31.36,31.37,3574624,1121.43,10752, 2039806, 57.06
CSBBANK,EQ, 07-Aug-2026,323.95,324.0,325.8,315.25,317.95,316.95,319.45,473828,1513.64,11849, 323711, 68.32
CUB,EQ, 07-Aug-2026,208.39,209.0,215.0,207.49,212.75,212.0,211.74,3440800,7285.64,57358, 1675198, 48.69
DCBBANK,EQ, 07-Aug-2026,194.93,195.0,196.76,190.81,192.0,192.62,192.51,1323169,2547.22,13958, 829811, 62.71
DHANBANK,EQ, 07-Aug-2026,32.74,32.4,33.0,31.86,32.85,32.8,32.53,926578,301.38,3574, 398868, 43.05
EQUITASBNK,EQ, 07-Aug-2026,76.09,75.5,76.05,75.0,75.4,75.22,75.42,1307127,985.79,10534, 715122, 54.71
ESAFSFB,EQ, 07-Aug-2026,42.54,41.7,42.4,39.35,40.22,40.27,41.0,4836492,1983.17,15282, 1877586, 38.82
FEDERALBNK,EQ, 07-Aug-2026,353.55,353.2,359.8,350.85,356.25,356.25,356.48,4924276,17554.18,49865, 2715352, 55.14
FINOPB,EQ, 07-Aug-2026,159.68,161.0,161.3,153.15,154.5,154.96,156.72,436058,683.38,5419, 186413, 42.75
HDFCBANK,EQ, 07-Aug-2026,734.3,733.0,736.0,728.2,731.0,731.0,732.24,19382042,141922.25,314352, 13185891, 68.03
ICICIBANK,EQ, 07-Aug-2026,1457.5,1451.0,1455.0,1418.2,1421.0,1421.0,1433.17,14395789,206315.54,155386, 10066071, 69.92
IDBI,EQ, 07-Aug-2026,84.54,84.55,84.79,84.0,84.1,84.22,84.31,2347275,1979.02,12820, 1130123, 48.15
IDFCFIRSTB,EQ, 07-Aug-2026,85.35,85.0,85.14,84.35,84.62,84.62,84.81,9539702,8091.07,45972, 5865909, 61.49
INDIANB,EQ, 07-Aug-2026,877.9,879.35,899.0,878.1,889.5,889.5,889.52,4024185,35796.04,94213, 1740883, 43.26
INDUSINDBK,EQ, 07-Aug-2026,1016.2,1010.3,1024.9,1004.4,1022.0,1022.0,1014.03,1727371,17516.07,30202, 985644, 57.06
IOB,EQ, 07-Aug-2026,34.8,34.8,34.8,34.15,34.3,34.26,34.41,2285872,786.64,10205, 1057715, 46.27
J&KBANK,EQ, 07-Aug-2026,160.08,160.0,161.4,158.3,159.46,159.24,159.84,2238919,3578.61,23515, 1214325, 54.24
JSFB,EQ, 07-Aug-2026,560.95,560.95,572.0,543.2,545.05,549.4,560.43,287311,1610.19,10083, 150811, 52.49
KARURVYSYA,EQ, 07-Aug-2026,337.5,336.0,339.2,334.05,335.5,335.55,336.73,816142,2748.17,21535, 403586, 49.45
KOTAKBANK,EQ, 07-Aug-2026,394.0,393.0,394.85,387.75,390.75,390.75,390.2,7315232,28543.95,110230, 5158775, 70.52
KTKBANK,EQ, 07-Aug-2026,306.8,306.7,313.95,305.6,311.0,310.0,309.92,5176455,16043.02,39605, 3075841, 59.42
MAHABANK,EQ, 07-Aug-2026,78.17,78.05,78.55,77.2,78.48,78.28,77.85,9248212,7200.02,100279, 4545553, 49.15
PNB,EQ, 07-Aug-2026,114.3,114.01,115.37,113.6,114.81,114.81,114.46,11202537,12822.93,41187, 4848524, 43.28
PSB,EQ, 07-Aug-2026,23.98,23.98,23.98,23.71,23.8,23.79,23.85,786849,187.68,3009, 334532, 42.52
RBLBANK,EQ, 07-Aug-2026,392.0,390.0,390.25,384.15,389.8,389.8,386.87,1693465,6551.5,23214, 788461, 46.56
SBIN,EQ, 07-Aug-2026,1085.0,1080.1,1124.5,1075.7,1097.2,1097.2,1103.71,29410622,324607.37,439578, 9937122, 33.79
SOUTHBANK,EQ, 07-Aug-2026,47.43,47.5,47.52,47.07,47.15,47.17,47.26,3899463,1842.81,12386, 1816588, 46.59
SURYODAY,EQ, 07-Aug-2026,162.62,163.14,164.9,161.16,161.51,162.02,162.6,577727,939.4,6493, 227443, 39.37
TMB,EQ, 07-Aug-2026,873.4,873.4,885.1,865.4,872.8,875.95,874.89,142977,1250.89,9025, 70427, 49.26
UCOBANK,EQ, 07-Aug-2026,26.64,26.5,26.54,26.35,26.4,26.4,26.45,2882482,762.43,8768, 1275752, 44.26
UJJIVANSFB,EQ, 07-Aug-2026,72.05,71.98,71.98,69.75,70.0,70.11,70.53,8655583,6104.68,31333, 5058162, 58.44
UNIONBANK,EQ, 07-Aug-2026,182.5,182.2,184.9,180.0,183.6,183.6,182.91,22186841,40581.78,90463, 10851570, 48.91
UTKARSHBNK,EQ, 07-Aug-2026,14.37,14.4,14.4,14.15,14.22,14.19,14.26,2519954,359.27,5443, 1675794, 66.50
YESBANK,EQ, 07-Aug-2026,22.68,22.68,22.8,22.63,22.69,22.69,22.71,25521116,5794.88,47329, 13704942, 53.70
AUBANK,EQ, 10-Aug-2026,1067.0,1068.3,1071.9,1061.0,1068.0,1068.0,1066.39,812656,8666.09,30568, 491379, 60.47
AXISBANK,EQ, 10-Aug-2026,1238.0,1235.0,1250.0,1235.0,1247.3,1247.3,1244.19,3661847,45560.26,123536, 2381673, 65.04
BANDHANBNK,EQ, 10-Aug-2026,176.02,176.05,176.67,172.3,172.62,172.62,173.98,6631422,11537.34,54300, 3868378, 58.33
BANKBARODA,EQ, 10-Aug-2026,250.7,250.11,250.98,246.17,247.81,247.81,248.75,6890654,17140.47,79322, 3700598, 53.70
BANKINDIA,EQ, 10-Aug-2026,145.0,145.0,145.34,140.5,141.0,141.0,142.26,6552285,9321.24,31364, 3010008, 45.94
CANBK,EQ, 10-Aug-2026,131.95,132.4,132.55,128.65,129.0,129.0,130.53,21940289,28638.62,77736, 9424436, 42.95
CAPITALSFB,EQ, 10-Aug-2026,296.2,307.0,307.0,285.5,289.55,289.55,295.86,67294,199.09,1721, 38323, 56.95
CENTRALBK,EQ, 10-Aug-2026,31.36,31.42,31.42,31.0,31.04,31.02,31.14,6245893,1945.15,16550, 3911948, 62.63
CSBBANK,EQ, 10-Aug-2026,316.95,321.35,326.0,317.0,325.95,325.1,322.07,344242,1108.71,8646, 163311, 47.44
CUB,EQ, 10-Aug-2026,212.0,213.06,217.25,212.86,216.48,216.42,216.04,2880002,6222.01,35311, 1777211, 61.71
DCBBANK,EQ, 10-Aug-2026,192.62,192.62,193.94,187.0,187.1,187.43,189.45,1263085,2392.94,14430, 825704, 65.37
DHANBANK,EQ, 10-Aug-2026,32.8,32.9,33.99,32.41,32.65,33.22,33.01,1482628,489.48,3884, 477926, 32.24
EQUITASBNK,EQ, 10-Aug-2026,75.22,75.23,76.9,72.4,75.02,75.49,75.54,2353457,1777.78,18633, 1238377, 52.62
ESAFSFB,EQ, 10-Aug-2026,40.27,40.9,40.92,39.28,39.83,39.85,39.9,2056717,820.72,7025, 838729, 40.78
FEDERALBNK,EQ, 10-Aug-2026,356.25,357.0,358.6,353.95,358.35,358.35,355.25,2848547,10119.38,76528, 1794980, 63.01
FINOPB,EQ, 10-Aug-2026,154.96,154.9,158.99,153.31,157.01,157.57,156.97,304253,477.57,4652, 89063, 29.27
HDFCBANK,EQ, 10-Aug-2026,731.0,731.5,737.55,728.5,731.0,731.0,732.79,23660590,173383.18,375251, 15810637, 66.82
ICICIBANK,EQ, 10-Aug-2026,1421.0,1428.1,1441.9,1415.5,1431.8,1431.8,1426.2,12749354,181831.54,142995, 8608372, 67.52
IDBI,EQ, 10-Aug-2026,84.22,84.11,84.35,82.55,82.73,83.0,83.5,2836319,2368.42,16253, 1624780, 57.28
IDFCFIRSTB,EQ, 10-Aug-2026,84.62,84.34,85.17,84.34,85.1,85.1,84.89,12170856,10331.7,52685, 8039913, 66.06
INDIANB,EQ, 10-Aug-2026,889.5,889.5,901.8,880.0,884.15,884.15,887.53,2609542,23160.55,61850, 1377778, 52.80
INDUSINDBK,EQ, 10-Aug-2026,1022.0,1022.0,1028.0,1012.0,1027.3,1027.3,1020.85,1042293,10640.29,31561, 485792, 46.61
IOB,EQ, 10-Aug-2026,34.26,34.35,34.35,33.81,33.92,33.88,33.99,2258377,767.7,12724, 1016022, 44.99
J&KBANK,EQ, 10-Aug-2026,159.24,158.55,158.9,153.95,155.0,155.15,155.84,3028250,4719.11,31042, 1408225, 46.50
JSFB,EQ, 10-Aug-2026,549.4,547.0,551.65,538.0,538.65,539.75,542.95,245505,1332.97,7194, 130515, 53.16
KARURVYSYA,EQ, 10-Aug-2026,335.55,335.55,339.8,330.3,331.4,331.2,333.26,1562822,5208.26,36120, 883833, 56.55
KOTAKBANK,EQ, 10-Aug-2026,390.75,388.0,393.5,386.5,393.5,393.5,389.7,11662079,45446.84,137291, 7737422, 66.35
KTKBANK,EQ, 10-Aug-2026,310.0,311.0,315.0,304.05,305.8,305.25,307.5,1598287,4914.73,22869, 883866, 55.30
MAHABANK,EQ, 10-Aug-2026,78.28,78.28,79.2,78.05,78.61,78.88,78.72,9208278,7248.61,98042, 5263964, 57.17
PNB,EQ, 10-Aug-2026,114.81,114.81,115.19,113.2,113.5,113.5,113.92,11111923,12658.96,42227, 5901028, 53.11
PSB,EQ, 10-Aug-2026,23.79,23.99,24.0,23.64,23.7,23.67,23.75,776355,184.4,3348, 411702, 53.03
RBLBANK,EQ, 10-Aug-2026,389.8,388.85,392.0,386.7,391.0,391.0,389.52,1906856,7427.67,38469, 1013921, 53.17
SBIN,EQ, 10-Aug-2026,1097.2,1108.0,1113.3,1068.6,1071.0,1071.0,1083.95,16623448,180189.88,299377, 7568799, 45.53
SOUTHBANK,EQ, 10-Aug-2026,47.17,47.17,47.23,45.83,45.95,46.0,46.3,10928785,5059.74,31655, 6045160, 55.31
SURYODAY,EQ, 10-Aug-2026,162.02,162.5,163.04,160.0,160.0,161.32,161.67,341973,552.88,4362, 148160, 43.33
TMB,EQ, 10-Aug-2026,875.95,880.0,895.65,871.25,886.95,890.2,888.18,181662,1613.48,12506, 104118, 57.31
UCOBANK,EQ, 10-Aug-2026,26.4,26.39,26.39,26.05,26.12,26.12,26.21,2808351,736.0,9890, 1615655, 57.53
UJJIVANSFB,EQ, 10-Aug-2026,70.11,70.7,71.59,69.6,69.72,69.76,70.7,6802649,4809.57,32882, 3296796, 48.46
UNIONBANK,EQ, 10-Aug-2026,183.6,183.69,185.74,179.94,181.14,181.14,182.55,8941327,16322.02,49035, 4045047, 45.24
UTKARSHBNK,EQ, 10-Aug-2026,14.19,14.35,14.35,14.0,14.02,14.02,14.11,3175283,448.12,4333, 2062300, 64.95
YESBANK,EQ, 10-Aug-2026,22.69,22.69,22.75,22.53,22.75,22.75,22.65,37889332,8581.27,55768, 20529996, 54.18
AUBANK,EQ, 11-Aug-2026,1068.0,1068.0,1072.0,1048.3,1070.9,1070.9,1062.71,1875527,19931.49,39359, 1030530, 54.95
AXISBANK,EQ, 11-Aug-2026,1247.3,1242.0,1243.0,1225.4,1229.8,1229.8,1230.32,5843702,71896.01,91006, 3523233, 60.29
BANDHANBNK,EQ, 11-Aug-2026,172.62,172.62,175.3,171.0,174.0,174.0,173.39,5260473,9121.01,32582, 2135629, 40.60
BANKBARODA,EQ, 11-Aug-2026,247.81,247.0,247.47,243.6,246.2,246.2,245.68,13598893,33410.22,86018, 8844804, 65.04
BANKINDIA,EQ, 11-Aug-2026,141.0,141.0,143.09,139.37,142.9,142.9,141.6,6783716,9605.41,32943, 3192565, 47.06
CANBK,EQ, 11-Aug-2026,129.0,129.0,130.48,127.86,130.3,130.3,129.42,11765490,15227.31,65510, 4877924, 41.46
CAPITALSFB,EQ, 11-Aug-2026,289.55,291.3,297.0,288.55,296.3,295.2,291.98,19501,56.94,682, 10436, 53.52
CENTRALBK,EQ, 11-Aug-2026,31.02,31.12,31.27,30.87,31.2,31.19,31.11,4663038,1450.55,13588, 2486603, 53.33
CSBBANK,EQ, 11-Aug-2026,325.1,325.55,326.95,318.8,325.3,324.55,323.35,256584,829.67,8351, 132469, 51.63
CUB,EQ, 11-Aug-2026,216.42,215.34,215.67,210.1,213.74,213.69,213.11,2247321,4789.21,38722, 1110368, 49.41
DCBBANK,EQ, 11-Aug-2026,187.43,187.99,188.8,182.08,187.0,185.02,184.17,1791504,3299.35,19813, 936333, 52.27
DHANBANK,EQ, 11-Aug-2026,33.22,33.22,33.22,32.6,32.65,32.73,32.79,352934,115.73,1370, 219518, 62.20
EQUITASBNK,EQ, 11-Aug-2026,75.49,75.5,75.98,74.6,74.6,74.78,75.17,1308205,983.44,24859, 690592, 52.79
FEDERALBNK,EQ, 11-Aug-2026,358.35,357.2,357.2,352.2,354.55,354.55,354.14,4843398,17152.31,45584, 3513990, 72.55
FINOPB,EQ, 11-Aug-2026,157.57,158.73,164.25,155.06,162.05,162.47,161.25,658071,1061.16,8551, 167498, 25.45
HDFCBANK,EQ, 11-Aug-2026,731.0,730.5,730.85,726.55,729.0,729.0,728.77,29154365,212468.16,386461, 16648262, 57.10
ICICIBANK,EQ, 11-Aug-2026,1431.8,1432.1,1434.0,1412.2,1429.6,1429.6,1421.41,10471914,148848.71,218784, 5257604, 50.21
IDBI,EQ, 11-Aug-2026,83.0,83.05,83.1,82.08,82.43,82.44,82.43,4318156,3559.26,20033, 2119634, 49.09
IDFCFIRSTB,EQ, 11-Aug-2026,85.1,84.76,84.96,84.07,84.27,84.27,84.45,5693150,4807.8,36182, 3056236, 53.68
INDIANB,EQ, 11-Aug-2026,884.15,888.85,889.0,874.9,875.6,875.6,880.74,1060250,9338.03,34891, 506627, 47.78
INDUSINDBK,EQ, 11-Aug-2026,1027.3,1023.0,1024.0,1005.0,1008.9,1008.9,1010.28,1400560,14149.59,39579, 714694, 51.03
IOB,EQ, 11-Aug-2026,33.88,33.88,34.25,33.59,34.23,34.21,34.01,3194255,1086.26,14623, 1521673, 47.64
J&KBANK,EQ, 11-Aug-2026,155.15,155.2,157.36,153.3,156.9,156.86,155.55,1631465,2537.7,22046, 568664, 34.86
JSFB,EQ, 11-Aug-2026,539.75,537.1,540.0,524.2,526.0,526.6,529.12,187993,994.7,9941, 108196, 57.55
KARURVYSYA,EQ, 11-Aug-2026,331.2,334.0,335.45,330.25,333.2,334.2,333.57,1149581,3834.64,38181, 611360, 53.18
KOTAKBANK,EQ, 11-Aug-2026,393.5,392.1,392.9,388.3,392.9,392.9,390.07,7853813,30635.04,105475, 4704747, 59.90
KTKBANK,EQ, 11-Aug-2026,305.25,305.25,305.95,298.6,301.5,302.85,301.75,2752855,8306.62,27218, 1531076, 55.62
MAHABANK,EQ, 11-Aug-2026,78.88,79.2,79.2,77.3,79.0,78.95,78.59,11170926,8779.72,141488, 5779012, 51.73
PNB,EQ, 11-Aug-2026,113.5,113.5,114.3,112.3,114.03,114.03,113.58,14258368,16194.55,50735, 8027936, 56.30
PSB,EQ, 11-Aug-2026,23.67,23.68,23.84,23.52,23.84,23.74,23.71,981423,232.68,4177, 469138, 47.80
RBLBANK,EQ, 11-Aug-2026,391.0,391.0,391.0,385.25,389.7,389.7,388.25,1413494,5487.9,17794, 627067, 44.36
SBIN,EQ, 11-Aug-2026,1071.0,1071.0,1071.0,1060.4,1066.0,1066.0,1066.31,9456913,100839.86,247374, 4388088, 46.40
SOUTHBANK,EQ, 11-Aug-2026,46.0,46.0,46.04,45.37,45.78,45.81,45.74,6729091,3077.73,24838, 3294423, 48.96
SURYODAY,EQ, 11-Aug-2026,161.32,162.5,164.75,160.86,163.45,163.66,163.38,497920,813.5,9102, 261683, 52.56
TMB,EQ, 11-Aug-2026,890.2,881.5,886.25,862.55,868.0,867.0,869.06,125939,1094.49,10132, 70654, 56.10
UCOBANK,EQ, 11-Aug-2026,26.12,26.02,26.23,25.92,26.14,26.12,26.1,2845024,742.46,11265, 1392336, 48.94
UJJIVANSFB,EQ, 11-Aug-2026,69.76,70.4,70.98,69.6,70.15,70.14,70.28,9888564,6949.28,33369, 5148222, 52.06
UNIONBANK,EQ, 11-Aug-2026,181.14,181.94,184.85,179.88,182.5,182.5,182.48,14742300,26901.41,92914, 7748767, 52.56
UTKARSHBNK,EQ, 11-Aug-2026,14.02,14.09,14.09,13.87,14.04,14.0,13.96,2835435,395.74,3348, 2012003, 70.96
YESBANK,EQ, 11-Aug-2026,22.75,22.75,22.79,22.58,22.75,22.75,22.67,31365174,7111.69,49939, 17860777, 56.94
AUBANK,EQ, 12-Aug-2026,1070.9,1070.9,1091.4,1062.0,1091.4,1091.4,1076.62,1572313,16927.76,31900, 880352, 55.99
AXISBANK,EQ, 12-Aug-2026,1229.8,1230.0,1234.9,1216.9,1230.0,1230.0,1223.55,7218881,88326.48,145880, 5242824, 72.63
BANDHANBNK,EQ, 12-Aug-2026,174.0,173.82,176.79,172.57,176.0,176.0,175.48,7049218,12369.75,29367, 3790190, 53.77
BANKBARODA,EQ, 12-Aug-2026,246.2,246.0,251.4,245.5,251.0,251.0,249.79,8298917,20730.22,63174, 4088851, 49.27
BANKINDIA,EQ, 12-Aug-2026,142.9,142.4,146.12,141.9,145.5,145.5,144.89,8946785,12962.86,37691, 3716726, 41.54
CANBK,EQ, 12-Aug-2026,130.3,130.0,133.11,129.6,132.0,132.0,131.88,26542679,35004.85,89675, 12142662, 45.75
CAPITALSFB,EQ, 12-Aug-2026,295.2,296.9,296.9,291.0,291.5,291.8,291.99,7573,22.11,346, 4995, 65.96
CENTRALBK,EQ, 12-Aug-2026,31.19,31.23,31.66,31.0,31.3,31.28,31.36,8874627,2782.97,14800, 3259940, 36.73
CSBBANK,EQ, 12-Aug-2026,324.55,326.05,326.2,317.0,319.0,319.2,318.93,247247,788.54,10728, 138315, 55.94
CUB,EQ, 12-Aug-2026,213.69,214.0,218.6,212.38,214.75,215.85,216.66,1867608,4046.34,34260, 879759, 47.11
DCBBANK,EQ, 12-Aug-2026,185.02,186.05,191.73,186.0,187.7,188.24,189.28,984286,1863.01,13403, 445082, 45.22
DHANBANK,EQ, 12-Aug-2026,32.73,32.73,32.93,32.41,32.6,32.5,32.56,271833,88.5,1173, 142989, 52.60
EQUITASBNK,EQ, 12-Aug-2026,74.78,74.6,74.78,73.5,74.53,74.57,74.27,1185790,880.65,9868, 643747, 54.29
FEDERALBNK,EQ, 12-Aug-2026,354.55,354.55,357.65,353.8,356.85,356.85,355.47,3369817,11978.63,39975, 2264923, 67.21
FINOPB,EQ, 12-Aug-2026,162.47,163.65,164.65,159.1,159.5,160.46,161.57,374355,604.86,6203, 105539, 28.19
HDFCBANK,EQ, 12-Aug-2026,729.0,729.0,730.65,722.0,729.0,729.0,725.18,26993177,195747.77,525619, 17623358, 65.29
ICICIBANK,EQ, 12-Aug-2026,1429.6,1429.4,1435.0,1418.6,1431.7,1431.7,1425.7,8201733,116932.09,131055, 4500597, 54.87
IDBI,EQ, 12-Aug-2026,82.44,82.44,83.44,82.2,82.69,82.46,82.67,3078680,2545.28,16845, 1366448, 44.38
IDFCFIRSTB,EQ, 12-Aug-2026,84.27,83.61,85.8,83.61,85.8,85.8,85.06,16618607,14135.8,51557, 10853891, 65.31
INDIANB,EQ, 12-Aug-2026,875.6,875.6,897.65,873.1,897.0,897.0,892.19,2076183,18523.44,59300, 794315, 38.26
INDUSINDBK,EQ, 12-Aug-2026,1008.9,1009.0,1022.7,1006.5,1017.5,1017.5,1015.17,915131,9290.16,23325, 467037, 51.03
IOB,EQ, 12-Aug-2026,34.21,34.3,34.51,33.71,33.9,33.84,34.14,3192118,1089.82,10776, 1162044, 36.40
J&KBANK,EQ, 12-Aug-2026,156.86,157.19,157.94,155.26,157.4,157.48,156.9,1408763,2210.4,16733, 565592, 40.15
JSFB,EQ, 12-Aug-2026,526.6,528.0,555.05,519.0,548.75,546.35,533.5,500850,2672.03,17561, 237327, 47.38
KARURVYSYA,EQ, 12-Aug-2026,334.2,332.5,340.0,332.4,339.7,338.8,336.78,1752090,5900.74,35318, 982884, 56.10
KOTAKBANK,EQ, 12-Aug-2026,392.9,391.0,394.25,387.5,390.5,390.5,390.35,10733474,41898.03,103522, 6837543, 63.70
KTKBANK,EQ, 12-Aug-2026,302.85,303.5,314.0,301.2,313.25,313.7,310.47,3017208,9367.42,32420, 1631565, 54.08
MAHABANK,EQ, 12-Aug-2026,78.95,78.85,81.99,78.75,81.9,81.87,81.26,26570514,21592.1,73541, 12739699, 47.95
PNB,EQ, 12-Aug-2026,114.03,113.95,119.5,113.72,118.98,118.98,118.01,51235935,60461.02,146329, 17035561, 33.25
PSB,EQ, 12-Aug-2026,23.74,23.72,24.13,23.64,23.81,23.73,23.85,1383232,329.93,3025, 628503, 45.44
RBLBANK,EQ, 12-Aug-2026,389.7,389.7,390.2,384.45,389.8,389.8,387.64,2289848,8876.33,26436, 1185294, 51.76
SBIN,EQ, 12-Aug-2026,1066.0,1066.0,1085.5,1066.0,1082.0,1082.0,1079.4,17673922,190772.3,202405, 9745081, 55.14
SOUTHBANK,EQ, 12-Aug-2026,45.81,45.81,46.56,45.6,46.26,46.22,46.23,6627720,3063.88,25695, 3087323, 46.58
SURYODAY,EQ, 12-Aug-2026,163.66,163.65,163.65,159.54,160.99,160.89,160.89,417814,672.23,4820, 178986, 42.84
TMB,EQ, 12-Aug-2026,867.0,832.95,871.95,832.95,857.0,858.1,859.1,140341,1205.67,11148, 74578, 53.14
UCOBANK,EQ, 12-Aug-2026,26.12,25.92,26.45,25.92,26.15,26.17,26.23,3124920,819.62,9458, 930823, 29.79
UJJIVANSFB,EQ, 12-Aug-2026,70.14,70.39,72.68,70.23,72.35,72.38,71.94,18062565,12993.59,60573, 9276276, 51.36
UNIONBANK,EQ, 12-Aug-2026,182.5,182.5,187.6,181.82,187.0,187.0,186.01,22005359,40932.57,98990, 10269142, 46.67
UTKARSHBNK,EQ, 12-Aug-2026,14.0,14.05,14.24,13.95,14.24,14.11,14.07,3007783,423.07,5263, 1797862, 59.77
YESBANK,EQ, 12-Aug-2026,22.75,22.75,22.98,22.62,22.98,22.98,22.82,68269921,15579.94,60772, 43204304, 63.28
AUBANK,EQ, 13-Aug-2026,1091.4,1091.0,1101.1,1081.1,1098.0,1098.0,1089.44,1643565,17905.71,30574, 1004250, 61.10
AXISBANK,EQ, 13-Aug-2026,1230.0,1224.5,1224.8,1215.6,1221.8,1221.8,1219.56,5284300,64445.06,228581, 3862336, 73.09
BANDHANBNK,EQ, 13-Aug-2026,176.0,176.0,176.78,175.16,175.9,175.9,176.0,2979357,5243.53,17330, 1515212, 50.86
BANKBARODA,EQ, 13-Aug-2026,251.0,250.99,250.99,247.64,248.0,248.0,248.61,3547993,8820.58,38366, 2158961, 60.85
BANKINDIA,EQ, 13-Aug-2026,145.5,145.33,146.25,144.3,144.87,144.87,144.94,2627478,3808.31,18106, 1111708, 42.31
CANBK,EQ, 13-Aug-2026,132.0,132.0,132.6,130.5,131.8,131.8,131.66,11698154,15402.0,45773, 5451283, 46.60
CAPITALSFB,EQ, 13-Aug-2026,291.8,291.8,293.6,290.8,291.5,291.65,292.01,7215,21.07,320, 3458, 47.93
CENTRALBK,EQ, 13-Aug-2026,31.28,31.3,31.59,31.23,31.39,31.36,31.4,3533180,1109.26,8293, 1988838, 56.29
CSBBANK,EQ, 13-Aug-2026,319.2,319.2,325.45,315.0,324.25,323.75,320.95,307001,985.32,11121, 154454, 50.31
CUB,EQ, 13-Aug-2026,215.85,215.85,216.0,207.25,208.51,210.52,212.05,1974875,4187.73,34687, 1164768, 58.98
DCBBANK,EQ, 13-Aug-2026,188.24,188.24,188.89,184.0,186.4,187.1,186.59,495323,924.22,6847, 258913, 52.27
DHANBANK,EQ, 13-Aug-2026,32.5,32.34,32.8,32.11,32.29,32.26,32.31,480964,155.42,1554, 353920, 73.59
EQUITASBNK,EQ, 13-Aug-2026,74.57,74.53,76.3,73.7,76.0,75.95,75.26,1863919,1402.78,22745, 1037527, 55.66
FEDERALBNK,EQ, 13-Aug-2026,356.85,356.5,356.5,352.0,352.45,352.45,353.09,2690529,9500.0,41134, 1803633, 67.04
FINOPB,EQ, 13-Aug-2026,160.46,160.6,165.5,160.0,164.74,163.7,163.31,421407,688.19,7230, 112394, 26.67
HDFCBANK,EQ, 13-Aug-2026,729.0,726.9,729.0,724.5,725.0,725.0,726.89,22129893,160860.59,290871, 13265986, 59.95
ICICIBANK,EQ, 13-Aug-2026,1431.7,1429.0,1429.0,1406.4,1406.8,1406.8,1411.89,11408206,161070.93,161325, 7032860, 61.65
IDBI,EQ, 13-Aug-2026,82.46,82.95,83.3,82.32,82.99,82.88,82.84,3131737,2594.38,16319, 1413741, 45.14
IDFCFIRSTB,EQ, 13-Aug-2026,85.8,85.7,86.67,85.26,86.55,86.55,86.14,15202426,13094.67,56904, 9155472, 60.22
INDIANB,EQ, 13-Aug-2026,897.0,897.0,903.8,883.15,897.0,897.0,895.44,840646,7527.49,22338, 344002, 40.92
INDUSINDBK,EQ, 13-Aug-2026,1017.5,1015.0,1024.7,1009.0,1024.7,1024.7,1017.46,674807,6865.92,18384, 332353, 49.25
IOB,EQ, 13-Aug-2026,33.84,34.0,34.1,33.67,33.7,33.73,33.83,1557352,526.82,7030, 899396, 57.75
J&KBANK,EQ, 13-Aug-2026,157.48,157.5,158.64,155.0,157.0,157.78,156.81,1547681,2426.88,19316, 578115, 37.35
JSFB,EQ, 13-Aug-2026,546.35,546.4,581.0,542.55,569.05,571.15,567.07,1193623,6768.64,33533, 450864, 37.77
KARURVYSYA,EQ, 13-Aug-2026,338.8,340.0,340.0,334.2,335.5,335.95,335.9,1147978,3856.09,25946, 715705, 62.34
KOTAKBANK,EQ, 13-Aug-2026,390.5,390.4,392.4,388.55,392.4,392.4,391.06,5726518,22393.98,90874, 3614363, 63.12
KTKBANK,EQ, 13-Aug-2026,313.7,314.7,314.8,310.7,312.8,312.75,312.37,1143552,3572.14,23331, 582068, 50.90
MAHABANK,EQ, 13-Aug-2026,81.87,81.87,83.1,81.14,81.53,81.65,82.03,10281635,8434.27,39321, 4993215, 48.56
PNB,EQ, 13-Aug-2026,118.98,118.62,119.35,117.31,117.59,117.59,118.36,10028318,11869.6,42936, 4436793, 44.24
PSB,EQ, 13-Aug-2026,23.73,23.69,23.9,23.62,23.7,23.67,23.73,767005,182.03,3003, 348691, 45.46
RBLBANK,EQ, 13-Aug-2026,389.8,389.5,389.5,385.4,387.25,387.25,387.35,1120844,4341.56,21887, 589013, 52.55
SBIN,EQ, 13-Aug-2026,1082.0,1083.0,1086.8,1073.0,1083.0,1083.0,1080.83,9502483,102705.83,135454, 4868392, 51.23
SOUTHBANK,EQ, 13-Aug-2026,46.22,46.0,46.16,45.41,45.63,45.66,45.67,7199181,3287.81,21262, 3507082, 48.72
SURYODAY,EQ, 13-Aug-2026,160.89,160.98,161.0,155.27,156.35,156.39,157.93,619916,979.04,7337, 307061, 49.53
TMB,EQ, 13-Aug-2026,858.1,858.0,858.5,840.3,848.0,845.85,847.72,114796,973.15,8659, 69069, 60.17
UCOBANK,EQ, 13-Aug-2026,26.17,26.25,26.31,26.05,26.09,26.09,26.15,1804221,471.85,7179, 932704, 51.70
UJJIVANSFB,EQ, 13-Aug-2026,72.38,72.5,72.5,70.91,71.18,71.19,71.4,7792102,5563.82,28444, 3237415, 41.55
UNIONBANK,EQ, 13-Aug-2026,187.0,187.0,188.7,185.32,186.5,186.5,186.93,7551665,14116.01,40375, 3553796, 47.06
UTKARSHBNK,EQ, 13-Aug-2026,14.11,14.15,14.33,14.01,14.25,14.25,14.2,2318031,329.06,4934, 1299878, 56.08
YESBANK,EQ, 13-Aug-2026,22.98,22.97,23.04,22.81,22.98,22.98,22.94,37644646,8635.1,56144, 18874602, 50.14
AUBANK,EQ, 14-Aug-2026,1098.0,1098.0,1098.0,1078.6,1081.9,1081.9,1085.21,1009455,10954.75,23248, 613221, 60.75
AXISBANK,EQ, 14-Aug-2026,1221.8,1216.0,1218.7,1208.6,1217.4,1217.4,1213.81,5557745,67460.22,231929, 4071987, 73.27
BANDHANBNK,EQ, 14-Aug-2026,175.9,175.5,176.3,173.51,174.55,174.55,174.67,2509360,4383.05,15411, 922626, 36.77
BANKBARODA,EQ, 14-Aug-2026,248.0,248.0,250.79,247.5,248.22,248.22,249.1,7812221,19460.53,51381, 3585584, 45.90
BANKINDIA,EQ, 14-Aug-2026,144.87,145.0,145.0,143.11,144.1,144.1,144.14,3859204,5562.64,32706, 1828800, 47.39
CANBK,EQ, 14-Aug-2026,131.8,131.8,131.8,127.77,131.25,131.25,130.61,10082358,13168.51,46710, 2986464, 29.62
CAPITALSFB,EQ, 14-Aug-2026,291.65,291.5,293.7,283.05,285.9,285.7,288.88,35013,101.15,773, 24968, 71.31
CENTRALBK,EQ, 14-Aug-2026,31.36,31.36,31.48,31.3,31.4,31.4,31.39,3453194,1083.92,12257, 2261989, 65.50
CSBBANK,EQ, 14-Aug-2026,323.75,323.75,324.55,319.0,319.5,319.8,320.86,197144,632.56,17850, 114758, 58.21
CUB,EQ, 14-Aug-2026,210.52,209.25,212.0,208.01,208.73,208.64,209.85,1351730,2836.54,37091, 667653, 49.39
DCBBANK,EQ, 14-Aug-2026,187.1,186.23,187.77,181.49,182.05,182.04,183.5,1196744,2196.02,10308, 755414, 63.12
DHANBANK,EQ, 14-Aug-2026,32.26,32.4,32.5,32.17,32.23,32.34,32.35,463383,149.89,1479, 285288, 61.57
EQUITASBNK,EQ, 14-Aug-2026,75.95,76.0,76.01,74.26,74.55,74.52,74.91,1914335,1434.09,16331, 656721, 34.31
FEDERALBNK,EQ, 14-Aug-2026,352.45,352.0,354.6,351.05,351.3,351.3,352.73,2420967,8539.45,30766, 1352473, 55.86
FINOPB,EQ, 14-Aug-2026,163.7,158.0,158.0,149.0,149.46,150.24,152.15,1323230,2013.32,16632, 394205, 29.79
HDFCBANK,EQ, 14-Aug-2026,725.0,725.0,729.6,723.5,727.0,727.0,726.97,20364131,148040.79,242796, 14796227, 72.66
ICICIBANK,EQ, 14-Aug-2026,1406.8,1403.0,1417.8,1401.0,1417.0,1417.0,1409.86,6097934,85972.21,118817, 3843826, 63.03
IDBI,EQ, 14-Aug-2026,82.88,82.6,83.14,82.1,82.3,82.45,82.62,1946299,1607.96,14482, 1029813, 52.91
IDFCFIRSTB,EQ, 14-Aug-2026,86.55,86.42,86.52,85.53,85.69,85.69,85.9,7407001,6362.93,33830, 4002083, 54.03
INDIANB,EQ, 14-Aug-2026,897.0,890.0,902.8,885.3,894.95,894.95,892.47,732478,6537.18,19554, 259374, 35.41
INDUSINDBK,EQ, 14-Aug-2026,1024.7,1022.5,1026.6,1014.2,1020.8,1020.8,1018.74,1034094,10534.72,40662, 546724, 52.87
IOB,EQ, 14-Aug-2026,33.73,33.73,33.73,33.51,33.57,33.59,33.6,1958494,658.02,8624, 1073157, 54.80
J&KBANK,EQ, 14-Aug-2026,157.78,157.0,157.46,154.28,155.1,155.48,156.42,1261873,1973.8,16849, 574328, 45.51
JSFB,EQ, 14-Aug-2026,571.15,571.95,580.0,566.2,575.0,577.75,575.46,454213,2613.82,12836, 259562, 57.15
KARURVYSYA,EQ, 14-Aug-2026,335.95,335.5,336.2,331.1,331.25,331.75,333.08,687275,2289.17,23385, 446997, 65.04
KOTAKBANK,EQ, 14-Aug-2026,392.4,393.1,394.35,389.85,391.15,391.15,392.01,9519332,37317.13,125474, 7032164, 73.87
KTKBANK,EQ, 14-Aug-2026,312.75,313.0,316.0,308.8,309.35,309.65,311.99,2960239,9235.55,29993, 2096355, 70.82
MAHABANK,EQ, 14-Aug-2026,81.65,81.95,81.95,79.8,80.29,80.12,80.38,10900006,8761.84,46110, 5608208, 51.45
PNB,EQ, 14-Aug-2026,117.59,117.88,118.9,117.4,118.0,118.0,118.13,11249012,13288.97,57551, 5517312, 49.05
PSB,EQ, 14-Aug-2026,23.67,23.59,23.7,23.5,23.63,23.59,23.59,483499,114.08,2142, 255003, 52.74
RBLBANK,EQ, 14-Aug-2026,387.25,387.25,388.3,382.25,385.0,385.0,385.35,1471037,5668.69,21229, 708484, 48.16
SBIN,EQ, 14-Aug-2026,1083.0,1082.0,1082.0,1065.1,1067.7,1067.7,1069.62,6273501,67102.67,121961, 3309195, 52.75
SOUTHBANK,EQ, 14-Aug-2026,45.66,45.63,46.0,45.55,45.56,45.74,45.86,3369025,1545.18,13024, 1241947, 36.86
SURYODAY,EQ, 14-Aug-2026,156.39,156.0,157.79,151.1,153.0,152.06,154.04,658449,1014.28,6979, 353832, 53.74
TMB,EQ, 14-Aug-2026,845.85,854.45,863.6,847.05,851.4,849.4,853.79,92788,792.21,6271, 48091, 51.83
UCOBANK,EQ, 14-Aug-2026,26.09,26.01,26.08,25.93,26.04,26.0,25.99,2028065,527.16,9122, 1240980, 61.19
UJJIVANSFB,EQ, 14-Aug-2026,71.19,71.55,72.85,71.1,72.46,72.47,72.26,16653738,12033.53,58305, 9987197, 59.97
UNIONBANK,EQ, 14-Aug-2026,186.5,187.33,189.34,186.39,187.38,187.38,187.58,17139005,32148.76,74258, 9749141, 56.88
UTKARSHBNK,EQ, 14-Aug-2026,14.25,14.21,14.21,13.95,14.05,14.04,14.05,2900359,407.42,5987, 1866267, 64.35
YESBANK,EQ, 14-Aug-2026,22.98,22.98,23.0,22.67,22.67,22.67,22.82,38939042,8885.48,51828, 21806233, 56.00
AUBANK,EQ, 14-Aug-2026,1098.0,1098.0,1098.0,1078.6,1081.9,1081.9,1085.21,1009455,10954.75,23248, 613221, 60.75
AXISBANK,EQ, 14-Aug-2026,1221.8,1216.0,1218.7,1208.6,1217.4,1217.4,1213.81,5557745,67460.22,231929, 4071987, 73.27
BANDHANBNK,EQ, 14-Aug-2026,175.9,175.5,176.3,173.51,174.55,174.55,174.67,2509360,4383.05,15411, 922626, 36.77
BANKBARODA,EQ, 14-Aug-2026,248.0,248.0,250.79,247.5,248.22,248.22,249.1,7812221,19460.53,51381, 3585584, 45.90
BANKINDIA,EQ, 14-Aug-2026,144.87,145.0,145.0,143.11,144.1,144.1,144.14,3859204,5562.64,32706, 1828800, 47.39
CANBK,EQ, 14-Aug-2026,131.8,131.8,131.8,127.77,131.25,131.25,130.61,10082358,13168.51,46710, 2986464, 29.62
CAPITALSFB,EQ, 14-Aug-2026,291.65,291.5,293.7,283.05,285.9,285.7,288.88,35013,101.15,773, 24968, 71.31
CENTRALBK,EQ, 14-Aug-2026,31.36,31.36,31.48,31.3,31.4,31.4,31.39,3453194,1083.92,12257, 2261989, 65.50
CSBBANK,EQ, 14-Aug-2026,323.75,323.75,324.55,319.0,319.5,319.8,320.86,197144,632.56,17850, 114758, 58.21
CUB,EQ, 14-Aug-2026,210.52,209.25,212.0,208.01,208.73,208.64,209.85,1351730,2836.54,37091, 667653, 49.39
DCBBANK,EQ, 14-Aug-2026,187.1,186.23,187.77,181.49,182.05,182.04,183.5,1196744,2196.02,10308, 755414, 63.12
DHANBANK,EQ, 14-Aug-2026,32.26,32.4,32.5,32.17,32.23,32.34,32.35,463383,149.89,1479, 285288, 61.57
EQUITASBNK,EQ, 14-Aug-2026,75.95,76.0,76.01,74.26,74.55,74.52,74.91,1914335,1434.09,16331, 656721, 34.31
FEDERALBNK,EQ, 14-Aug-2026,352.45,352.0,354.6,351.05,351.3,351.3,352.73,2420967,8539.45,30766, 1352473, 55.86
FINOPB,EQ, 14-Aug-2026,163.7,158.0,158.0,149.0,149.46,150.24,152.15,1323230,2013.32,16632, 394205, 29.79
HDFCBANK,EQ, 14-Aug-2026,725.0,725.0,729.6,723.5,727.0,727.0,726.97,20364131,148040.79,242796, 14796227, 72.66
ICICIBANK,EQ, 14-Aug-2026,1406.8,1403.0,1417.8,1401.0,1417.0,1417.0,1409.86,6097934,85972.21,118817, 3843826, 63.03
IDBI,EQ, 14-Aug-2026,82.88,82.6,83.14,82.1,82.3,82.45,82.62,1946299,1607.96,14482, 1029813, 52.91
IDFCFIRSTB,EQ, 14-Aug-2026,86.55,86.42,86.52,85.53,85.69,85.69,85.9,7407001,6362.93,33830, 4002083, 54.03
INDIANB,EQ, 14-Aug-2026,897.0,890.0,902.8,885.3,894.95,894.95,892.47,732478,6537.18,19554, 259374, 35.41
INDUSINDBK,EQ, 14-Aug-2026,1024.7,1022.5,1026.6,1014.2,1020.8,1020.8,1018.74,1034094,10534.72,40662, 546724, 52.87
IOB,EQ, 14-Aug-2026,33.73,33.73,33.73,33.51,33.57,33.59,33.6,1958494,658.02,8624, 1073157, 54.80
J&KBANK,EQ, 14-Aug-2026,157.78,157.0,157.46,154.28,155.1,155.48,156.42,1261873,1973.8,16849, 574328, 45.51
JSFB,EQ, 14-Aug-2026,571.15,571.95,580.0,566.2,575.0,577.75,575.46,454213,2613.82,12836, 259562, 57.15
KARURVYSYA,EQ, 14-Aug-2026,335.95,335.5,336.2,331.1,331.25,331.75,333.08,687275,2289.17,23385, 446997, 65.04
KOTAKBANK,EQ, 14-Aug-2026,392.4,393.1,394.35,389.85,391.15,391.15,392.01,9519332,37317.13,125474, 7032164, 73.87
KTKBANK,EQ, 14-Aug-2026,312.75,313.0,316.0,308.8,309.35,309.65,311.99,2960239,9235.55,29993, 2096355, 70.82
MAHABANK,EQ, 14-Aug-2026,81.65,81.95,81.95,79.8,80.29,80.12,80.38,10900006,8761.84,46110, 5608208, 51.45
PNB,EQ, 14-Aug-2026,117.59,117.88,118.9,117.4,118.0,118.0,118.13,11249012,13288.97,57551, 5517312, 49.05
PSB,EQ, 14-Aug-2026,23.67,23.59,23.7,23.5,23.63,23.59,23.59,483499,114.08,2142, 255003, 52.74
RBLBANK,EQ, 14-Aug-2026,387.25,387.25,388.3,382.25,385.0,385.0,385.35,1471037,5668.69,21229, 708484, 48.16
SBIN,EQ, 14-Aug-2026,1083.0,1082.0,1082.0,1065.1,1067.7,1067.7,1069.62,6273501,67102.67,121961, 3309195, 52.75
SOUTHBANK,EQ, 14-Aug-2026,45.66,45.63,46.0,45.55,45.56,45.74,45.86,3369025,1545.18,13024, 1241947, 36.86
SURYODAY,EQ, 14-Aug-2026,156.39,156.0,157.79,151.1,153.0,152.06,154.04,658449,1014.28,6979, 353832, 53.74
TMB,EQ, 14-Aug-2026,845.85,854.45,863.6,847.05,851.4,849.4,853.79,92788,792.21,6271, 48091, 51.83
UCOBANK,EQ, 14-Aug-2026,26.09,26.01,26.08,25.93,26.04,26.0,25.99,2028065,527.16,9122, 1240980, 61.19
UJJIVANSFB,EQ, 14-Aug-2026,71.19,71.55,72.85,71.1,72.46,72.47,72.26,16653738,12033.53,58305, 9987197, 59.97
UNIONBANK,EQ, 14-Aug-2026,186.5,187.33,189.34,186.39,187.38,187.38,187.58,17139005,32148.76,74258, 9749141, 56.88
UTKARSHBNK,EQ, 14-Aug-2026,14.25,14.21,14.21,13.95,14.05,14.04,14.05,2900359,407.42,5987, 1866267, 64.35
YESBANK,EQ, 14-Aug-2026,22.98,22.98,23.0,22.67,22.67,22.67,22.82,38939042,8885.48,51828, 21806233, 56.00
AUBANK,EQ, 17-Aug-2026,1081.9,1080.0,1092.5,1072.2,1072.2,1072.2,1078.11,922463,9945.12,37128, 533183, 57.80
AXISBANK,EQ, 17-Aug-2026,1217.4,1220.0,1235.0,1213.6,1227.3,1227.3,1223.71,6068014,74255.17,178670, 3832906, 63.17
BANDHANBNK,EQ, 17-Aug-2026,174.55,174.2,174.2,172.15,173.25,173.25,172.86,2639964,4563.56,18488, 1125869, 42.65
BANKBARODA,EQ, 17-Aug-2026,248.22,247.6,248.11,243.11,246.55,246.55,245.9,7061942,17365.1,54990, 3153943, 44.66
BANKINDIA,EQ, 17-Aug-2026,144.1,144.09,144.09,141.0,143.75,143.75,142.41,4897422,6974.29,29837, 2013664, 41.12
CANBK,EQ, 17-Aug-2026,131.25,131.01,132.02,129.1,131.1,131.1,130.34,11137827,14517.31,51151, 4792875, 43.03
CAPITALSFB,EQ, 17-Aug-2026,285.7,286.0,287.4,280.05,282.0,281.55,282.87,13682,38.7,530, 9718, 71.03
CENTRALBK,EQ, 17-Aug-2026,31.4,31.4,31.43,31.13,31.31,31.27,31.21,4455650,1390.59,10922, 2575045, 57.79
CSBBANK,EQ, 17-Aug-2026,319.8,320.55,320.95,318.05,319.0,319.95,319.62,159757,510.61,6911, 91800, 57.46
CUB,EQ, 17-Aug-2026,208.64,208.0,216.4,204.81,214.85,215.2,212.26,3296615,6997.33,76214, 1779467, 53.98
DCBBANK,EQ, 17-Aug-2026,182.04,182.05,184.39,180.99,184.25,184.09,183.12,549685,1006.57,12083, 320854, 58.37
DHANBANK,EQ, 17-Aug-2026,32.34,32.11,32.84,31.86,32.48,32.39,32.32,964434,311.69,4528, 436319, 45.24
EQUITASBNK,EQ, 17-Aug-2026,74.52,74.52,75.2,73.26,75.15,74.92,74.48,1376342,1025.08,15817, 791975, 57.54
FEDERALBNK,EQ, 17-Aug-2026,351.3,351.25,356.45,349.65,354.1,354.1,353.64,3616352,12788.75,46028, 2099744, 58.06
FINOPB,EQ, 17-Aug-2026,150.24,150.26,151.98,145.35,148.0,146.95,146.93,458055,673.0,6811, 145957, 31.86
HDFCBANK,EQ, 17-Aug-2026,727.0,727.05,732.1,724.5,729.0,729.0,727.62,14823722,107859.63,215237, 9931639, 67.00
ICICIBANK,EQ, 17-Aug-2026,1417.0,1418.0,1423.6,1407.0,1415.3,1415.3,1416.27,5605603,79390.52,106272, 3196498, 57.02
IDBI,EQ, 17-Aug-2026,82.45,82.2,82.33,81.41,82.18,82.18,81.87,2358677,1931.0,14807, 1077845, 45.70
IDFCFIRSTB,EQ, 17-Aug-2026,85.69,85.41,85.59,84.51,85.05,85.05,85.04,7298246,6206.43,36254, 3383648, 46.36
INDIANB,EQ, 17-Aug-2026,894.95,891.8,891.8,870.3,881.2,881.2,878.8,1061592,9329.28,32667, 344659, 32.47
INDUSINDBK,EQ, 17-Aug-2026,1020.8,1020.0,1020.0,1002.5,1010.6,1010.6,1011.04,1108193,11204.26,31454, 589673, 53.21
IOB,EQ, 17-Aug-2026,33.59,33.6,33.72,33.2,33.67,33.66,33.43,2260169,755.5,11302, 981356, 43.42
J&KBANK,EQ, 17-Aug-2026,155.48,154.0,154.8,147.13,148.2,147.97,149.18,5611294,8370.76,69284, 3113909, 55.49
JSFB,EQ, 17-Aug-2026,577.75,577.5,577.5,541.6,548.0,548.85,553.07,714530,3951.87,19657, 334966, 46.88
KARURVYSYA,EQ, 17-Aug-2026,331.75,331.75,335.75,326.6,333.45,334.0,331.78,1638570,5436.49,40814, 819546, 50.02
KOTAKBANK,EQ, 17-Aug-2026,391.15,389.0,396.35,389.0,392.7,392.7,393.52,5105327,20090.24,52980, 2806574, 54.97
KTKBANK,EQ, 17-Aug-2026,309.65,310.0,310.3,303.55,304.1,306.5,306.99,1251381,3841.57,18600, 565130, 45.16
MAHABANK,EQ, 17-Aug-2026,80.12,80.13,81.49,79.68,81.33,81.1,80.47,8038098,6468.26,41826, 3999432, 49.76
PNB,EQ, 17-Aug-2026,118.0,117.11,118.06,115.32,117.32,117.32,116.83,12881843,15050.06,42017, 5329060, 41.37
PSB,EQ, 17-Aug-2026,23.59,23.6,23.9,23.19,23.62,23.68,23.4,1518815,355.41,4097, 821475, 54.09
RBLBANK,EQ, 17-Aug-2026,385.0,384.9,386.05,381.5,381.5,381.5,383.71,1376951,5283.43,30276, 686071, 49.83
SBIN,EQ, 17-Aug-2026,1067.7,1064.2,1068.8,1052.4,1061.2,1061.2,1061.0,7039473,74688.88,144314, 3473616, 49.34
SOUTHBANK,EQ, 17-Aug-2026,45.74,46.0,46.09,45.1,45.25,45.22,45.4,5696877,2586.3,19818, 2265166, 39.76
SURYODAY,EQ, 17-Aug-2026,152.06,152.07,156.0,150.0,154.1,154.01,152.67,670272,1023.3,8086, 328946, 49.08
TMB,EQ, 17-Aug-2026,849.4,849.4,849.4,834.6,843.5,843.7,840.02,95533,802.5,6510, 54920, 57.49
UCOBANK,EQ, 17-Aug-2026,26.0,26.0,26.17,25.81,26.13,26.11,26.0,2113964,549.64,9489, 943176, 44.62
UJJIVANSFB,EQ, 17-Aug-2026,72.47,72.63,72.8,71.38,72.11,72.21,72.07,9089704,6550.91,27265, 4295302, 47.25
UNIONBANK,EQ, 17-Aug-2026,187.38,187.37,190.15,184.27,188.9,188.9,187.47,14697760,27553.69,55203, 7283367, 49.55
UTKARSHBNK,EQ, 17-Aug-2026,14.04,14.05,14.17,13.85,14.03,14.04,13.98,1910237,266.97,4554, 1076482, 56.35
YESBANK,EQ, 17-Aug-2026,22.67,22.67,23.02,22.45,22.92,22.92,22.82,58204418,13283.29,70611, 28412487, 48.82
AUBANK,EQ, 18-Aug-2026,1072.2,1071.0,1079.6,1064.5,1075.7,1075.7,1073.93,450491,4837.96,16787, 231172, 51.32
AXISBANK,EQ, 18-Aug-2026,1227.3,1223.9,1250.5,1223.4,1243.0,1243.0,1240.41,5064697,62823.0,75431, 3039370, 60.01
BANDHANBNK,EQ, 18-Aug-2026,173.25,173.25,174.0,170.21,170.5,170.5,171.53,4548748,7802.4,51999, 2355422, 51.78
BANKBARODA,EQ, 18-Aug-2026,246.55,245.42,247.28,243.9,244.0,244.0,245.14,3521816,8633.45,41775, 1809789, 51.39
BANKINDIA,EQ, 18-Aug-2026,143.75,143.0,144.42,142.1,142.1,142.1,142.89,2382166,3403.97,23620, 1099329, 46.15
CANBK,EQ, 18-Aug-2026,131.1,130.0,131.0,129.1,129.1,129.1,129.65,6622726,8586.57,46065, 2837307, 42.84
CAPITALSFB,EQ, 18-Aug-2026,281.55,280.15,290.9,280.15,288.95,287.75,286.38,18772,53.76,834, 11526, 61.40
CENTRALBK,EQ, 18-Aug-2026,31.27,31.26,31.36,31.0,31.07,31.02,31.1,3762242,1169.97,11288, 2648701, 70.40
CSBBANK,EQ, 18-Aug-2026,319.95,313.0,320.2,312.95,317.1,317.45,317.33,340793,1081.44,9252, 209242, 61.40
CUB,EQ, 18-Aug-2026,215.2,215.0,223.0,214.85,222.19,222.18,220.91,3912107,8642.07,105789, 2003970, 51.22
DCBBANK,EQ, 18-Aug-2026,184.09,182.8,183.64,180.5,182.5,183.08,182.2,695982,1268.08,14554, 400062, 57.48
DHANBANK,EQ, 18-Aug-2026,32.39,32.3,32.49,31.8,32.29,32.24,32.14,559449,179.81,2903, 226870, 40.55
EQUITASBNK,EQ, 18-Aug-2026,74.92,74.5,76.4,74.26,76.0,76.12,75.29,3573116,2690.26,20553, 2674195, 74.84
FEDERALBNK,EQ, 18-Aug-2026,354.1,354.2,358.6,352.5,357.8,357.8,355.72,2828360,10060.94,40451, 1663691, 58.82
FINOPB,EQ, 18-Aug-2026,146.95,147.49,153.0,147.0,150.6,151.74,150.18,508594,763.81,7193, 113252, 22.27
HDFCBANK,EQ, 18-Aug-2026,729.0,726.3,729.0,723.0,723.0,723.0,724.7,17916507,129840.34,256567, 10569314, 58.99
ICICIBANK,EQ, 18-Aug-2026,1415.3,1410.0,1416.6,1406.3,1412.0,1412.0,1410.79,8345198,117732.83,116562, 4667622, 55.93
IDBI,EQ, 18-Aug-2026,82.18,82.0,82.54,81.0,81.09,81.11,81.56,1964380,1602.21,14575, 1081561, 55.06
IDFCFIRSTB,EQ, 18-Aug-2026,85.05,85.0,85.47,84.6,84.76,84.76,84.92,8806133,7478.25,43609, 5739017, 65.17
INDIANB,EQ, 18-Aug-2026,881.2,874.0,887.0,874.0,875.0,875.0,880.05,467243,4111.96,16941, 208057, 44.53
INDUSINDBK,EQ, 18-Aug-2026,1010.6,1007.0,1019.5,1007.0,1015.0,1015.0,1014.07,539358,5469.46,20140, 235949, 43.75
IOB,EQ, 18-Aug-2026,33.66,33.7,33.76,33.16,33.2,33.27,33.4,2089649,697.88,9339, 1184280, 56.67
J&KBANK,EQ, 18-Aug-2026,147.97,148.1,151.75,147.68,150.4,150.24,149.93,2545070,3815.76,29494, 1125345, 44.22
JSFB,EQ, 18-Aug-2026,548.85,548.55,579.0,542.0,575.0,575.0,566.34,899345,5093.32,21293, 464002, 51.59
KARURVYSYA,EQ, 18-Aug-2026,334.0,333.5,336.15,330.95,334.5,333.9,333.29,1036685,3455.14,33052, 615739, 59.39
KOTAKBANK,EQ, 18-Aug-2026,392.7,391.0,392.9,387.65,387.65,387.65,390.41,5653147,22070.52,58035, 3298856, 58.35
KTKBANK,EQ, 18-Aug-2026,306.5,304.2,313.2,304.2,310.55,310.75,310.26,2278077,7067.85,55008, 1412715, 62.01
MAHABANK,EQ, 18-Aug-2026,81.1,81.1,82.13,80.21,80.41,80.49,80.96,8400426,6800.62,37214, 4090849, 48.70
PNB,EQ, 18-Aug-2026,117.32,117.0,117.99,116.5,116.5,116.5,117.06,7856627,9197.03,41897, 3507568, 44.64
PSB,EQ, 18-Aug-2026,23.68,23.8,23.8,23.11,23.2,23.22,23.34,1165360,272.04,3939, 700301, 60.09
RBLBANK,EQ, 18-Aug-2026,381.5,380.5,384.9,376.4,383.0,383.0,381.12,2330589,8882.23,26754, 974287, 41.80
SBIN,EQ, 18-Aug-2026,1061.2,1059.6,1067.7,1053.0,1053.0,1053.0,1056.82,5583771,59010.49,152004, 2755769, 49.35
SOUTHBANK,EQ, 18-Aug-2026,45.22,45.21,45.5,44.9,45.14,45.09,45.08,5224750,2355.33,15783, 2772147, 53.06
SURYODAY,EQ, 18-Aug-2026,154.01,154.01,154.01,151.15,152.01,151.92,152.0,215534,327.61,2981, 120292, 55.81
TMB,EQ, 18-Aug-2026,843.7,839.0,850.9,836.45,846.85,847.1,843.97,73206,617.84,5173, 43294, 59.14
UCOBANK,EQ, 18-Aug-2026,26.11,25.98,26.13,25.85,25.85,25.9,25.97,1487265,386.19,8808, 756441, 50.86
UJJIVANSFB,EQ, 18-Aug-2026,72.21,71.98,72.64,71.13,72.49,72.33,71.95,11368755,8179.68,48011, 5325633, 46.84
UNIONBANK,EQ, 18-Aug-2026,188.9,187.99,190.58,185.5,185.5,185.5,186.87,6684017,12490.32,41047, 3157553, 47.24
UTKARSHBNK,EQ, 18-Aug-2026,14.04,13.91,14.18,13.91,14.01,14.05,14.0,1567677,219.46,3940, 1048821, 66.90
YESBANK,EQ, 18-Aug-2026,22.92,22.9,22.97,22.45,22.46,22.46,22.61,49817232,11263.01,64577, 20302578, 40.75
AUBANK,EQ, 19-Aug-2026,1075.7,1071.0,1080.9,1063.7,1075.0,1075.0,1076.17,1035506,11143.78,26478, 567249, 54.78
AXISBANK,EQ, 19-Aug-2026,1243.0,1243.1,1245.0,1224.0,1235.0,1235.0,1232.88,3061937,37749.98,70828, 1831068, 59.80
BANDHANBNK,EQ, 19-Aug-2026,170.5,170.51,170.89,167.64,169.2,169.2,169.05,4976272,8412.61,31934, 1809080, 36.35
BANKBARODA,EQ, 19-Aug-2026,244.0,244.07,245.55,243.15,245.0,245.0,244.57,6256020,15300.63,36266, 3224349, 51.54
BANKINDIA,EQ, 19-Aug-2026,142.1,142.1,143.2,141.15,141.7,141.7,142.09,5252432,7463.22,30164, 2806298, 53.43
CANBK,EQ, 19-Aug-2026,129.1,129.1,129.4,128.1,129.08,129.08,128.69,7255746,9337.45,38295, 3218279, 44.35
CAPITALSFB,EQ, 19-Aug-2026,287.75,285.15,292.05,285.0,291.0,287.6,286.3,22189,63.53,456, 19530, 88.02
CENTRALBK,EQ, 19-Aug-2026,31.02,31.0,31.07,30.9,30.93,30.91,30.96,2621532,811.75,10835, 1591522, 60.71
CSBBANK,EQ, 19-Aug-2026,317.45,317.45,317.6,314.2,314.45,314.6,315.56,111560,352.04,4948, 63969, 57.34
CUB,EQ, 19-Aug-2026,222.18,222.19,225.85,219.58,221.3,221.03,222.31,5707017,12687.19,72134, 3323585, 58.24
DCBBANK,EQ, 19-Aug-2026,183.08,182.0,184.39,180.0,182.5,181.81,181.37,743355,1348.26,13709, 403200, 54.24
DHANBANK,EQ, 19-Aug-2026,32.24,32.02,32.43,31.89,32.07,32.22,32.07,468948,150.37,2149, 193235, 41.21
EQUITASBNK,EQ, 19-Aug-2026,76.12,75.2,75.96,74.32,74.8,74.69,74.73,1617730,1208.91,12105, 1052877, 65.08
FEDERALBNK,EQ, 19-Aug-2026,357.8,357.8,360.0,355.15,358.8,358.8,358.16,2198228,7873.2,46239, 1139470, 51.84
FINOPB,EQ, 19-Aug-2026,151.74,150.6,150.95,146.0,146.95,147.03,148.12,201019,297.75,2993, 61712, 30.70
HDFCBANK,EQ, 19-Aug-2026,723.0,724.0,725.4,715.1,720.0,720.0,718.98,21342651,153450.27,291728, 13254077, 62.10
ICICIBANK,EQ, 19-Aug-2026,1412.0,1412.0,1416.0,1391.5,1402.0,1402.0,1398.73,10304210,144128.44,133658, 7130460, 69.20
IDBI,EQ, 19-Aug-2026,81.11,81.09,81.69,80.5,80.63,80.72,81.17,2162834,1755.66,18330, 971417, 44.91
IDFCFIRSTB,EQ, 19-Aug-2026,84.76,85.24,85.55,85.0,85.49,85.49,85.3,8681089,7405.39,44176, 4578359, 52.74
INDIANB,EQ, 19-Aug-2026,875.0,878.35,881.0,865.0,873.15,873.15,871.77,464807,4052.03,13427, 141570, 30.46
INDUSINDBK,EQ, 19-Aug-2026,1015.0,1011.9,1016.7,1007.6,1016.7,1016.7,1011.41,433216,4381.59,25286, 232195, 53.60
IOB,EQ, 19-Aug-2026,33.27,33.5,33.5,33.09,33.14,33.18,33.22,1425176,473.51,7848, 711497, 49.92
J&KBANK,EQ, 19-Aug-2026,150.24,151.37,152.17,148.55,149.9,148.95,149.67,1386238,2074.74,22720, 685455, 49.45
JSFB,EQ, 19-Aug-2026,575.0,577.7,577.7,565.6,572.7,571.15,571.32,353564,2019.98,11792, 167773, 47.45
KARURVYSYA,EQ, 19-Aug-2026,333.9,333.35,335.65,329.0,331.25,331.05,331.41,1164557,3859.4,23398, 681539, 58.52
KOTAKBANK,EQ, 19-Aug-2026,387.65,387.0,393.1,386.75,390.25,390.25,390.17,6704930,26160.36,56662, 3666779, 54.69
KTKBANK,EQ, 19-Aug-2026,310.75,311.6,324.85,311.55,324.15,324.05,320.12,7346849,23518.46,69197, 4020863, 54.73
MAHABANK,EQ, 19-Aug-2026,80.49,80.72,80.73,79.6,79.8,79.82,80.02,6506548,5206.71,31780, 3854030, 59.23
PNB,EQ, 19-Aug-2026,116.5,116.45,117.59,116.03,117.48,117.48,117.1,7920810,9274.9,38620, 3459485, 43.68
PSB,EQ, 19-Aug-2026,23.22,23.21,23.48,23.1,23.23,23.24,23.25,821429,190.98,2554, 436154, 53.10
RBLBANK,EQ, 19-Aug-2026,383.0,383.3,384.0,378.3,381.5,381.5,380.63,1110741,4227.83,14835, 455069, 40.97
SBIN,EQ, 19-Aug-2026,1053.0,1053.2,1054.8,1041.4,1048.6,1048.6,1047.08,7182636,75208.3,108438, 4140321, 57.64
SOUTHBANK,EQ, 19-Aug-2026,45.09,45.09,45.45,44.81,45.09,45.0,45.08,4428294,1996.25,15125, 1837371, 41.49
SURYODAY,EQ, 19-Aug-2026,151.92,152.99,153.99,150.78,151.75,151.73,151.97,388266,590.04,5282, 183157, 47.17
TMB,EQ, 19-Aug-2026,847.1,847.15,847.55,823.6,842.0,838.85,837.29,172377,1443.3,8660, 85508, 49.61
UCOBANK,EQ, 19-Aug-2026,25.9,25.8,25.88,25.65,25.66,25.68,25.75,1993714,513.46,7297, 1067417, 53.54
UJJIVANSFB,EQ, 19-Aug-2026,72.33,72.45,72.97,71.5,71.61,71.8,72.26,12226495,8834.59,34372, 5637480, 46.11
UNIONBANK,EQ, 19-Aug-2026,185.5,185.0,187.6,184.9,186.9,186.9,186.01,7514657,13978.23,38552, 3625872, 48.25
UTKARSHBNK,EQ, 19-Aug-2026,14.05,14.01,14.02,13.85,13.86,13.88,13.91,1744447,242.72,3281, 1025354, 58.78
YESBANK,EQ, 19-Aug-2026,22.46,22.5,22.77,22.42,22.74,22.74,22.66,49505267,11215.96,70142, 23467028, 47.40
AUBANK,EQ, 20-Aug-2026,1075.0,1076.9,1092.5,1076.0,1088.0,1088.0,1085.41,3678931,39931.44,62852, 2259079, 61.41
AXISBANK,EQ, 20-Aug-2026,1235.0,1237.5,1253.9,1236.2,1251.0,1251.0,1248.67,4163816,51992.3,101359, 2732048, 65.61
BANDHANBNK,EQ, 20-Aug-2026,169.2,170.1,175.95,170.1,174.16,174.16,174.5,8020125,13995.35,39900, 2430042, 30.30
BANKBARODA,EQ, 20-Aug-2026,245.0,246.5,247.15,244.25,244.5,244.5,245.77,5598278,13758.97,34292, 3399438, 60.72
BANKINDIA,EQ, 20-Aug-2026,141.7,142.7,143.7,141.97,142.8,142.8,142.74,6127372,8746.12,29663, 3321524, 54.21
CANBK,EQ, 20-Aug-2026,129.08,129.53,130.49,129.05,129.6,129.6,129.81,9575025,12429.62,45460, 4708966, 49.18
CAPITALSFB,EQ, 20-Aug-2026,287.6,291.9,291.95,285.25,288.65,287.45,287.34,8510,24.45,732, 5187, 60.95
CENTRALBK,EQ, 20-Aug-2026,30.91,30.92,31.25,30.92,31.15,31.07,31.14,2992043,931.63,8571, 1585836, 53.00
CSBBANK,EQ, 20-Aug-2026,314.6,321.0,330.6,317.25,321.25,320.9,323.32,1467715,4745.46,21944, 962289, 65.56
CUB,EQ, 20-Aug-2026,221.03,225.0,225.23,218.0,218.0,219.35,220.9,1274243,2814.77,25484, 675575, 53.02
DCBBANK,EQ, 20-Aug-2026,181.81,182.99,189.9,182.99,189.6,188.61,188.35,2176082,4098.73,26391, 1032289, 47.44
DHANBANK,EQ, 20-Aug-2026,32.22,32.56,32.68,32.2,32.31,32.49,32.37,391482,126.73,1798, 202102, 51.62
EQUITASBNK,EQ, 20-Aug-2026,74.69,75.0,78.8,74.92,77.0,76.99,77.43,3665571,2838.3,20817, 1474595, 40.23
FEDERALBNK,EQ, 20-Aug-2026,358.8,361.9,364.2,355.3,355.3,355.3,360.25,4349435,15668.63,52994, 2178261, 50.08
FINOPB,EQ, 20-Aug-2026,147.03,148.0,149.66,145.25,146.5,146.16,147.26,169628,249.79,2430, 60016, 35.38
HDFCBANK,EQ, 20-Aug-2026,720.0,725.5,728.3,724.3,725.05,725.05,726.11,17603805,127822.34,210154, 12270042, 69.70
ICICIBANK,EQ, 20-Aug-2026,1402.0,1407.8,1413.0,1403.3,1411.9,1411.9,1408.57,8425049,118672.76,108431, 5969067, 70.85
IDBI,EQ, 20-Aug-2026,80.72,81.3,82.25,81.16,81.77,81.74,81.77,2802897,2291.84,16161, 1231685, 43.94
IDFCFIRSTB,EQ, 20-Aug-2026,85.49,85.66,86.5,85.6,85.84,85.84,86.12,13363445,11508.09,42870, 7146801, 53.48
INDIANB,EQ, 20-Aug-2026,873.15,877.15,883.8,871.0,871.0,871.0,879.09,530224,4661.15,16398, 267167, 50.39
INDUSINDBK,EQ, 20-Aug-2026,1016.7,1013.0,1014.5,1002.0,1008.0,1008.0,1007.76,858064,8647.27,30061, 389916, 45.44
IOB,EQ, 20-Aug-2026,33.18,33.23,33.4,33.14,33.25,33.16,33.23,1140193,378.85,6127, 611234, 53.61
J&KBANK,EQ, 20-Aug-2026,148.95,149.18,152.3,147.8,148.33,148.19,149.67,1401703,2097.97,22993, 731083, 52.16
JSFB,EQ, 20-Aug-2026,571.15,578.0,584.0,561.15,564.8,562.85,572.81,262665,1504.57,10382, 116027, 44.17
KARURVYSYA,EQ, 20-Aug-2026,331.05,331.2,341.95,331.2,334.4,334.1,337.42,2334666,7877.55,47485, 988802, 42.35
KOTAKBANK,EQ, 20-Aug-2026,390.25,393.6,399.55,393.15,397.35,397.35,396.97,9258923,36754.83,97164, 5600934, 60.49
KTKBANK,EQ, 20-Aug-2026,324.05,324.75,337.9,320.6,337.0,335.05,330.89,6192277,20489.51,54021, 3829226, 61.84
MAHABANK,EQ, 20-Aug-2026,79.82,80.5,81.85,79.99,80.44,80.28,80.96,10855447,8788.15,52295, 5261871, 48.47
PNB,EQ, 20-Aug-2026,117.48,117.9,119.1,117.44,118.0,118.0,118.21,8551120,10108.34,35182, 3434163, 40.16
PSB,EQ, 20-Aug-2026,23.24,23.25,23.5,23.25,23.35,23.38,23.39,646724,151.28,2056, 349575, 54.05
RBLBANK,EQ, 20-Aug-2026,381.5,383.0,393.9,382.05,392.3,392.3,390.47,2729409,10657.55,30230, 999295, 36.61
SBIN,EQ, 20-Aug-2026,1048.6,1052.9,1052.9,1045.7,1048.0,1048.0,1048.6,5879949,61657.12,118558, 3344975, 56.89
SOUTHBANK,EQ, 20-Aug-2026,45.0,45.15,46.16,45.01,45.36,45.16,45.55,9571667,4360.07,24155, 3534603, 36.93
SURYODAY,EQ, 20-Aug-2026,151.73,151.0,157.44,150.78,154.4,154.54,154.99,453556,702.95,6950, 200721, 44.25
TMB,EQ, 20-Aug-2026,838.85,840.1,872.55,840.1,871.5,869.7,864.41,202411,1749.66,15835, 103808, 51.29
UCOBANK,EQ, 20-Aug-2026,25.68,25.7,25.94,25.7,25.8,25.81,25.86,1587371,410.52,6855, 707775, 44.59
UJJIVANSFB,EQ, 20-Aug-2026,71.8,72.55,73.94,71.52,71.7,71.93,72.75,23704583,17245.14,72455, 8879689, 37.46
UNIONBANK,EQ, 20-Aug-2026,186.9,187.93,189.46,184.39,184.68,184.68,186.61,9632097,17974.79,38527, 4485766, 46.57
UTKARSHBNK,EQ, 20-Aug-2026,13.88,13.93,14.0,13.88,13.9,13.92,13.95,2091696,291.72,3493, 1202158, 57.47
YESBANK,EQ, 20-Aug-2026,22.74,22.8,22.96,22.73,22.74,22.74,22.84,34376881,7849.98,62613, 15432617, 44.89
AUBANK,EQ, 21-Aug-2026,1088.0,1088.0,1108.2,1083.9,1108.2,1108.2,1100.91,2113659,23269.38,47365, 1165493, 55.14
AXISBANK,EQ, 21-Aug-2026,1251.0,1250.6,1256.4,1240.4,1245.8,1245.8,1246.45,3690270,45997.28,81832, 2332175, 63.20
BANDHANBNK,EQ, 21-Aug-2026,174.16,174.78,177.09,174.16,175.1,175.1,176.06,6671543,11745.85,30656, 2579924, 38.67
BANKBARODA,EQ, 21-Aug-2026,244.5,244.0,247.0,243.5,247.0,247.0,244.36,7918075,19348.74,63663, 4852152, 61.28
BANKINDIA,EQ, 21-Aug-2026,142.8,142.8,143.9,141.93,142.79,142.79,142.94,5334194,7624.72,38658, 2524715, 47.33
CANBK,EQ, 21-Aug-2026,129.6,129.6,129.96,128.5,129.96,129.96,129.21,8125972,10499.33,47071, 4398974, 54.13
CAPITALSFB,EQ, 21-Aug-2026,287.45,285.0,286.05,283.5,284.1,284.7,284.32,15111,42.96,344, 12451, 82.40
CENTRALBK,EQ, 21-Aug-2026,31.07,31.2,31.34,31.01,31.32,31.29,31.26,4740956,1481.8,13348, 2956685, 62.36
CSBBANK,EQ, 21-Aug-2026,320.9,321.25,328.2,320.1,322.9,322.9,323.14,606739,1960.62,27311, 291039, 47.97
CUB,EQ, 21-Aug-2026,219.35,219.35,220.94,216.5,216.5,217.3,218.56,727772,1590.61,21446, 334779, 46.00
DCBBANK,EQ, 21-Aug-2026,188.61,188.99,205.0,187.6,204.0,203.59,200.51,10152482,20356.7,78488, 4276057, 42.12
DHANBANK,EQ, 21-Aug-2026,32.49,32.5,34.25,32.4,33.75,33.73,33.56,2914419,978.18,7196, 1411323, 48.43
EQUITASBNK,EQ, 21-Aug-2026,76.99,77.0,78.15,76.3,76.95,76.6,77.16,1112094,858.11,11137, 538605, 48.43
FEDERALBNK,EQ, 21-Aug-2026,355.3,356.3,361.0,355.15,361.0,361.0,358.8,4398375,15781.29,40656, 2843488, 64.65
FINOPB,EQ, 21-Aug-2026,146.16,146.06,146.99,145.2,145.2,145.93,146.07,126191,184.33,1918, 35805, 28.37
HDFCBANK,EQ, 21-Aug-2026,725.05,728.3,732.8,726.6,726.95,726.95,730.4,26029811,190121.84,205927, 17199226, 66.08
ICICIBANK,EQ, 21-Aug-2026,1411.9,1417.0,1420.0,1411.2,1420.0,1420.0,1417.2,4565280,64699.28,100376, 2895268, 63.42
IDBI,EQ, 21-Aug-2026,81.74,81.75,82.8,81.27,82.31,82.24,82.06,3261960,2676.63,20124, 1175326, 36.03
IDFCFIRSTB,EQ, 21-Aug-2026,85.84,85.6,86.75,85.59,86.75,86.75,86.34,12594633,10873.61,52452, 7700046, 61.14
INDIANB,EQ, 21-Aug-2026,871.0,876.0,880.9,870.5,876.9,876.9,873.99,576565,5039.1,23916, 231553, 40.16
INDUSINDBK,EQ, 21-Aug-2026,1008.0,1007.8,1007.8,997.0,1005.6,1005.6,1002.44,1043385,10459.3,24630, 502256, 48.14
IOB,EQ, 21-Aug-2026,33.16,33.39,33.39,32.94,33.0,33.01,33.07,2378867,786.66,11304, 1464021, 61.54
J&KBANK,EQ, 21-Aug-2026,148.19,148.19,149.5,147.25,149.2,149.01,148.79,1027348,1528.63,20092, 579255, 56.38
JSFB,EQ, 21-Aug-2026,562.85,562.0,606.95,562.0,581.45,582.35,590.79,5326492,31468.39,74400, 2553421, 47.94
KARURVYSYA,EQ, 21-Aug-2026,334.1,336.9,336.9,333.15,335.3,335.5,335.45,785799,2635.98,19406, 404402, 51.46
KOTAKBANK,EQ, 21-Aug-2026,397.35,398.9,406.0,398.3,402.8,402.8,402.83,15670257,63125.01,119015, 10859078, 69.30
KTKBANK,EQ, 21-Aug-2026,335.05,335.05,338.25,326.7,327.5,328.3,333.08,3431377,11429.22,40807, 1875706, 54.66
MAHABANK,EQ, 21-Aug-2026,80.28,80.36,81.37,79.85,80.42,80.26,80.49,7791777,6271.76,49517, 4048829, 51.96
PNB,EQ, 21-Aug-2026,118.0,117.45,117.52,115.41,116.55,116.55,116.2,14049357,16325.62,55335, 5566631, 39.62
PSB,EQ, 21-Aug-2026,23.38,23.4,23.65,23.32,23.41,23.46,23.43,594037,139.18,2098, 271545, 45.71
RBLBANK,EQ, 21-Aug-2026,392.3,392.3,392.75,387.7,392.5,392.5,390.44,1987210,7758.87,25742, 853211, 42.94
SBIN,EQ, 21-Aug-2026,1048.0,1052.7,1054.7,1040.1,1048.7,1048.7,1046.9,6534213,68406.52,94752, 3778476, 57.83
SOUTHBANK,EQ, 21-Aug-2026,45.16,45.35,45.4,44.91,44.98,44.97,45.13,4130558,1864.1,21835, 2134650, 51.68
SURYODAY,EQ, 21-Aug-2026,154.54,154.5,160.0,153.41,158.9,158.84,157.3,377661,594.07,4822, 180748, 47.86
TMB,EQ, 21-Aug-2026,869.7,875.0,894.9,868.5,879.9,878.55,883.17,275505,2433.18,20843, 96895, 35.17
UCOBANK,EQ, 21-Aug-2026,25.81,25.75,25.93,25.68,25.76,25.72,25.78,2191411,564.99,10365, 984607, 44.93
UJJIVANSFB,EQ, 21-Aug-2026,71.93,71.86,72.67,71.81,72.0,72.07,72.1,7761634,5596.32,26040, 4382161, 56.46
UNIONBANK,EQ, 21-Aug-2026,184.68,185.3,185.3,182.5,183.45,183.45,183.6,6917352,12700.08,45777, 3890708, 56.25
UTKARSHBNK,EQ, 21-Aug-2026,13.92,13.9,14.6,13.9,14.4,14.43,14.4,12938296,1862.71,12440, 5675572, 43.87
YESBANK,EQ, 21-Aug-2026,22.74,22.74,22.87,22.63,22.8,22.8,22.75,33859169,7703.57,62445, 15608619, 46.10
AUBANK,EQ, 21-Aug-2026,1088.0,1088.0,1108.2,1083.9,1108.2,1108.2,1100.91,2113659,23269.38,47365, 1165493, 55.14
AXISBANK,EQ, 21-Aug-2026,1251.0,1250.6,1256.4,1240.4,1245.8,1245.8,1246.45,3690270,45997.28,81832, 2332175, 63.20
BANDHANBNK,EQ, 21-Aug-2026,174.16,174.78,177.09,174.16,175.1,175.1,176.06,6671543,11745.85,30656, 2579924, 38.67
BANKBARODA,EQ, 21-Aug-2026,244.5,244.0,247.0,243.5,247.0,247.0,244.36,7918075,19348.74,63663, 4852152, 61.28
BANKINDIA,EQ, 21-Aug-2026,142.8,142.8,143.9,141.93,142.79,142.79,142.94,5334194,7624.72,38658, 2524715, 47.33
CANBK,EQ, 21-Aug-2026,129.6,129.6,129.96,128.5,129.96,129.96,129.21,8125972,10499.33,47071, 4398974, 54.13
CAPITALSFB,EQ, 21-Aug-2026,287.45,285.0,286.05,283.5,284.1,284.7,284.32,15111,42.96,344, 12451, 82.40
CENTRALBK,EQ, 21-Aug-2026,31.07,31.2,31.34,31.01,31.32,31.29,31.26,4740956,1481.8,13348, 2956685, 62.36
CSBBANK,EQ, 21-Aug-2026,320.9,321.25,328.2,320.1,322.9,322.9,323.14,606739,1960.62,27311, 291039, 47.97
CUB,EQ, 21-Aug-2026,219.35,219.35,220.94,216.5,216.5,217.3,218.56,727772,1590.61,21446, 334779, 46.00
DCBBANK,EQ, 21-Aug-2026,188.61,188.99,205.0,187.6,204.0,203.59,200.51,10152482,20356.7,78488, 4276057, 42.12
DHANBANK,EQ, 21-Aug-2026,32.49,32.5,34.25,32.4,33.75,33.73,33.56,2914419,978.18,7196, 1411323, 48.43
EQUITASBNK,EQ, 21-Aug-2026,76.99,77.0,78.15,76.3,76.95,76.6,77.16,1112094,858.11,11137, 538605, 48.43
FEDERALBNK,EQ, 21-Aug-2026,355.3,356.3,361.0,355.15,361.0,361.0,358.8,4398375,15781.29,40656, 2843488, 64.65
FINOPB,EQ, 21-Aug-2026,146.16,146.06,146.99,145.2,145.2,145.93,146.07,126191,184.33,1918, 35805, 28.37
HDFCBANK,EQ, 21-Aug-2026,725.05,728.3,732.8,726.6,726.95,726.95,730.4,26029811,190121.84,205927, 17199226, 66.08
ICICIBANK,EQ, 21-Aug-2026,1411.9,1417.0,1420.0,1411.2,1420.0,1420.0,1417.2,4565280,64699.28,100376, 2895268, 63.42
IDBI,EQ, 21-Aug-2026,81.74,81.75,82.8,81.27,82.31,82.24,82.06,3261960,2676.63,20124, 1175326, 36.03
IDFCFIRSTB,EQ, 21-Aug-2026,85.84,85.6,86.75,85.59,86.75,86.75,86.34,12594633,10873.61,52452, 7700046, 61.14
INDIANB,EQ, 21-Aug-2026,871.0,876.0,880.9,870.5,876.9,876.9,873.99,576565,5039.1,23916, 231553, 40.16
INDUSINDBK,EQ, 21-Aug-2026,1008.0,1007.8,1007.8,997.0,1005.6,1005.6,1002.44,1043385,10459.3,24630, 502256, 48.14
IOB,EQ, 21-Aug-2026,33.16,33.39,33.39,32.94,33.0,33.01,33.07,2378867,786.66,11304, 1464021, 61.54
J&KBANK,EQ, 21-Aug-2026,148.19,148.19,149.5,147.25,149.2,149.01,148.79,1027348,1528.63,20092, 579255, 56.38
JSFB,EQ, 21-Aug-2026,562.85,562.0,606.95,562.0,581.45,582.35,590.79,5326492,31468.39,74400, 2553421, 47.94
KARURVYSYA,EQ, 21-Aug-2026,334.1,336.9,336.9,333.15,335.3,335.5,335.45,785799,2635.98,19406, 404402, 51.46
KOTAKBANK,EQ, 21-Aug-2026,397.35,398.9,406.0,398.3,402.8,402.8,402.83,15670257,63125.01,119015, 10859078, 69.30
KTKBANK,EQ, 21-Aug-2026,335.05,335.05,338.25,326.7,327.5,328.3,333.08,3431377,11429.22,40807, 1875706, 54.66
MAHABANK,EQ, 21-Aug-2026,80.28,80.36,81.37,79.85,80.42,80.26,80.49,7791777,6271.76,49517, 4048829, 51.96
PNB,EQ, 21-Aug-2026,118.0,117.45,117.52,115.41,116.55,116.55,116.2,14049357,16325.62,55335, 5566631, 39.62
PSB,EQ, 21-Aug-2026,23.38,23.4,23.65,23.32,23.41,23.46,23.43,594037,139.18,2098, 271545, 45.71
RBLBANK,EQ, 21-Aug-2026,392.3,392.3,392.75,387.7,392.5,392.5,390.44,1987210,7758.87,25742, 853211, 42.94
SBIN,EQ, 21-Aug-2026,1048.0,1052.7,1054.7,1040.1,1048.7,1048.7,1046.9,6534213,68406.52,94752, 3778476, 57.83
SOUTHBANK,EQ, 21-Aug-2026,45.16,45.35,45.4,44.91,44.98,44.97,45.13,4130558,1864.1,21835, 2134650, 51.68
SURYODAY,EQ, 21-Aug-2026,154.54,154.5,160.0,153.41,158.9,158.84,157.3,377661,594.07,4822, 180748, 47.86
TMB,EQ, 21-Aug-2026,869.7,875.0,894.9,868.5,879.9,878.55,883.17,275505,2433.18,20843, 96895, 35.17
UCOBANK,EQ, 21-Aug-2026,25.81,25.75,25.93,25.68,25.76,25.72,25.78,2191411,564.99,10365, 984607, 44.93
UJJIVANSFB,EQ, 21-Aug-2026,71.93,71.86,72.67,71.81,72.0,72.07,72.1,7761634,5596.32,26040, 4382161, 56.46
UNIONBANK,EQ, 21-Aug-2026,184.68,185.3,185.3,182.5,183.45,183.45,183.6,6917352,12700.08,45777, 3890708, 56.25
UTKARSHBNK,EQ, 21-Aug-2026,13.92,13.9,14.6,13.9,14.4,14.43,14.4,12938296,1862.71,12440, 5675572, 43.87
YESBANK,EQ, 21-Aug-2026,22.74,22.74,22.87,22.63,22.8,22.8,22.75,33859169,7703.57,62445, 15608619, 46.10
AUBANK,EQ, 24-Aug-2026,1108.2,1109.0,1114.2,1100.7,1114.0,1114.0,1108.46,1606553,17807.97,33410, 998722, 62.17
AXISBANK,EQ, 24-Aug-2026,1245.8,1245.8,1248.7,1231.8,1236.0,1236.0,1235.96,3778588,46702.02,104193, 2684617, 71.05
BANDHANBNK,EQ, 24-Aug-2026,175.1,175.5,180.74,173.38,173.9,173.9,176.69,13819305,24417.81,62992, 4705526, 34.05
BANKBARODA,EQ, 24-Aug-2026,247.0,245.55,246.12,239.9,241.5,241.5,241.7,15274497,36918.81,103357, 7955796, 52.09
BANKINDIA,EQ, 24-Aug-2026,142.79,143.0,144.12,140.68,142.0,142.0,141.7,7143480,10122.34,56124, 3927267, 54.98
CANBK,EQ, 24-Aug-2026,129.96,129.62,129.87,126.8,127.3,127.3,127.55,13556593,17291.14,59472, 6601801, 48.70
CAPITALSFB,EQ, 24-Aug-2026,284.7,281.75,292.0,281.75,284.0,285.5,285.98,6389,18.27,313, 4746, 74.28
CENTRALBK,EQ, 24-Aug-2026,31.29,31.29,31.54,31.1,31.14,31.21,31.32,5616881,1759.38,17221, 2812851, 50.08
CSBBANK,EQ, 24-Aug-2026,322.9,324.9,334.0,321.6,332.0,331.9,329.38,496826,1636.45,15574, 265319, 53.40
CUB,EQ, 24-Aug-2026,217.3,217.3,219.16,211.34,212.25,212.2,213.25,1480490,3157.11,22131, 791611, 53.47
DCBBANK,EQ, 24-Aug-2026,203.59,205.62,206.0,199.25,199.95,199.74,202.51,2434440,4930.08,27959, 1242087, 51.02
DHANBANK,EQ, 24-Aug-2026,33.73,34.2,34.83,33.76,33.92,34.01,34.26,1286196,440.59,3772, 717083, 55.75
EQUITASBNK,EQ, 24-Aug-2026,76.6,76.6,77.06,74.6,74.8,75.0,75.67,1048750,793.54,11735, 593497, 56.59
FEDERALBNK,EQ, 24-Aug-2026,361.0,360.45,361.25,355.3,357.75,357.75,357.48,4729477,16907.11,58954, 3168089, 66.99
FINOPB,EQ, 24-Aug-2026,145.93,145.93,151.82,145.93,147.0,147.91,148.55,294002,436.74,4290, 66990, 22.79
HDFCBANK,EQ, 24-Aug-2026,726.95,732.5,734.4,724.1,729.0,729.0,727.99,11408345,83052.1,191412, 6724175, 58.94
ICICIBANK,EQ, 24-Aug-2026,1420.0,1420.5,1425.5,1408.7,1415.0,1415.0,1415.58,5307113,75126.42,134604, 2825622, 53.24
IDBI,EQ, 24-Aug-2026,82.24,82.24,90.9,82.24,88.5,87.93,88.46,72743077,64346.84,183910, 17116067, 23.53
IDFCFIRSTB,EQ, 24-Aug-2026,86.75,86.91,86.94,85.41,85.89,85.89,85.93,12075489,10377.05,52176, 6825468, 56.52
INDIANB,EQ, 24-Aug-2026,876.9,880.0,883.85,862.0,870.45,870.45,873.54,729343,6371.09,27022, 342397, 46.95
INDUSINDBK,EQ, 24-Aug-2026,1005.6,1005.1,1018.4,1004.5,1018.4,1018.4,1012.44,948101,9599.0,29245, 415034, 43.78
IOB,EQ, 24-Aug-2026,33.01,33.04,33.4,32.9,33.22,33.18,33.14,2488096,824.44,12993, 1257516, 50.54
J&KBANK,EQ, 24-Aug-2026,149.01,149.0,149.45,146.0,146.25,146.21,147.52,1056049,1557.83,16693, 558463, 52.88
JSFB,EQ, 24-Aug-2026,582.35,588.55,599.7,571.05,581.05,581.55,585.55,3139181,18381.39,43289, 1344257, 42.82
KARURVYSYA,EQ, 24-Aug-2026,335.5,335.25,339.0,334.25,337.55,338.15,336.6,1139927,3836.94,24690, 578932, 50.79
KOTAKBANK,EQ, 24-Aug-2026,402.8,403.5,405.6,398.2,401.45,401.45,401.09,14932117,59891.69,112432, 10790692, 72.26
KTKBANK,EQ, 24-Aug-2026,328.3,328.3,336.7,326.5,333.95,333.25,332.13,2769889,9199.71,41722, 1438626, 51.94
MAHABANK,EQ, 24-Aug-2026,80.26,80.39,81.2,80.0,80.7,80.7,80.65,8239427,6645.19,65473, 3623156, 43.97
PNB,EQ, 24-Aug-2026,116.55,116.5,117.03,115.0,115.86,115.86,115.76,10613260,12286.16,38747, 5174236, 48.75
PSB,EQ, 24-Aug-2026,23.46,23.5,23.63,23.14,23.29,23.24,23.33,1238528,288.93,6514, 683408, 55.18
RBLBANK,EQ, 24-Aug-2026,392.5,394.0,394.5,386.25,388.0,388.0,388.77,2638029,10255.92,28664, 1371346, 51.98
SBIN,EQ, 24-Aug-2026,1048.7,1047.9,1047.9,1032.1,1039.5,1039.5,1036.32,8868193,91902.48,140325, 5664401, 63.87
SOUTHBANK,EQ, 24-Aug-2026,44.97,45.08,45.38,44.26,45.2,45.16,44.91,8487952,3812.16,40278, 3469565, 40.88
SURYODAY,EQ, 24-Aug-2026,158.84,156.71,159.5,156.1,156.5,157.12,157.65,314757,496.22,4825, 128265, 40.75
TMB,EQ, 24-Aug-2026,878.55,878.95,883.75,870.4,875.4,875.1,876.09,122995,1077.54,12828, 69360, 56.39
UCOBANK,EQ, 24-Aug-2026,25.72,25.9,26.06,25.71,25.87,25.89,25.91,4403702,1140.98,13270, 2202859, 50.02
UJJIVANSFB,EQ, 24-Aug-2026,72.07,72.07,72.38,70.05,70.3,70.29,70.65,16995792,12007.55,49551, 9216144, 54.23
UNIONBANK,EQ, 24-Aug-2026,183.45,183.45,184.7,182.02,183.6,183.6,182.86,4499886,8228.36,29140, 2121696, 47.15
UTKARSHBNK,EQ, 24-Aug-2026,14.43,14.48,15.03,14.28,14.64,14.69,14.78,11702137,1729.52,13323, 5442264, 46.51
YESBANK,EQ, 24-Aug-2026,22.8,22.8,22.86,22.51,22.6,22.6,22.63,41025996,9285.98,74260, 20179330, 49.19
AUBANK,EQ, 25-Aug-2026,1114.0,1114.0,1144.1,1105.1,1128.6,1128.6,1134.8,5688015,64547.65,76313, 3075009, 54.06
AXISBANK,EQ, 25-Aug-2026,1236.0,1236.1,1240.5,1229.8,1235.0,1235.0,1234.18,3606504,44510.63,91231, 1767363, 49.00
BANDHANBNK,EQ, 25-Aug-2026,173.9,174.4,175.47,172.45,173.5,173.5,173.8,4336723,7537.39,35314, 1671556, 38.54
BANKBARODA,EQ, 25-Aug-2026,241.5,241.5,242.9,239.9,241.0,241.0,241.18,11320890,27303.64,74735, 6663308, 58.86
BANKINDIA,EQ, 25-Aug-2026,142.0,141.43,143.99,140.9,143.99,143.99,142.93,6580120,9405.26,33511, 3313299, 50.35
CANBK,EQ, 25-Aug-2026,127.3,127.23,128.81,126.25,128.81,128.81,127.64,14786516,18873.35,59579, 6023510, 40.74
CAPITALSFB,EQ, 25-Aug-2026,285.5,287.5,289.6,285.25,289.5,288.05,287.28,11608,33.35,458, 7628, 65.71
CENTRALBK,EQ, 25-Aug-2026,31.21,31.09,31.57,30.65,30.72,30.73,30.92,13909555,4301.18,25017, 8163989, 58.69
CSBBANK,EQ, 25-Aug-2026,331.9,332.0,342.85,329.15,339.9,339.35,336.4,855147,2876.73,19755, 377671, 44.16
CUB,EQ, 25-Aug-2026,212.2,213.89,224.0,212.48,222.0,221.6,218.98,4102236,8982.88,52198, 1329774, 32.42
DCBBANK,EQ, 25-Aug-2026,199.74,201.5,210.1,200.16,208.0,207.37,207.03,7870975,16295.22,74918, 3732634, 47.42
DHANBANK,EQ, 25-Aug-2026,34.01,33.76,33.97,32.8,33.2,33.12,33.37,758275,253.01,2696, 337764, 44.54
EQUITASBNK,EQ, 25-Aug-2026,75.0,75.0,75.5,74.71,75.0,75.06,74.97,1023679,767.45,14732, 650256, 63.52
FEDERALBNK,EQ, 25-Aug-2026,357.75,357.7,358.7,342.05,346.95,346.95,347.9,16134284,56131.2,137998, 8628960, 53.48
FINOPB,EQ, 25-Aug-2026,147.91,147.3,147.8,145.0,145.0,145.53,146.06,164819,240.74,1690, 80744, 48.99
HDFCBANK,EQ, 25-Aug-2026,729.0,726.6,728.7,722.0,727.5,727.5,725.08,17511874,126975.54,193712, 7685248, 43.89
ICICIBANK,EQ, 25-Aug-2026,1415.0,1408.0,1424.9,1408.0,1422.7,1422.7,1420.44,7983249,113397.58,106893, 2825788, 35.40
IDBI,EQ, 25-Aug-2026,87.93,88.48,89.39,86.9,87.94,88.31,88.0,18803734,16546.55,65749, 4373437, 23.26
IDFCFIRSTB,EQ, 25-Aug-2026,85.89,85.92,86.17,85.0,85.0,85.0,85.5,11785661,10076.49,44608, 5386702, 45.71
INDIANB,EQ, 25-Aug-2026,870.45,870.45,881.75,869.0,878.0,878.0,876.01,1428100,12510.26,27178, 881782, 61.75
INDUSINDBK,EQ, 25-Aug-2026,1018.4,1014.9,1022.0,1003.6,1015.0,1015.0,1011.68,1427222,14438.97,53543, 488336, 34.22
IOB,EQ, 25-Aug-2026,33.18,33.25,33.45,32.92,33.04,33.03,33.08,2479749,820.29,9840, 1171934, 47.26
J&KBANK,EQ, 25-Aug-2026,146.21,146.56,152.4,146.3,149.8,149.52,149.7,2847499,4262.75,24008, 1110052, 38.98
JSFB,EQ, 25-Aug-2026,581.55,581.55,583.75,561.2,568.0,570.65,571.18,1777402,10152.23,36208, 710019, 39.95
KARURVYSYA,EQ, 25-Aug-2026,338.15,337.95,347.9,337.0,345.55,346.0,345.64,2922187,10100.33,46484, 1295985, 44.35
KOTAKBANK,EQ, 25-Aug-2026,401.45,398.3,402.05,398.15,401.6,401.6,400.59,10154716,40678.69,128106, 5786301, 56.98
KTKBANK,EQ, 25-Aug-2026,333.25,333.25,337.7,332.0,335.85,334.6,334.28,2784058,9306.57,34203, 1708516, 61.37
MAHABANK,EQ, 25-Aug-2026,80.7,80.71,82.93,80.51,81.85,81.7,81.97,19104372,15659.61,90957, 8015073, 41.95
PNB,EQ, 25-Aug-2026,115.86,115.61,116.9,115.01,115.93,115.93,116.21,13026659,15138.38,49415, 5492045, 42.16
PSB,EQ, 25-Aug-2026,23.24,23.25,23.53,23.15,23.3,23.34,23.32,998091,232.79,3133, 458858, 45.97
RBLBANK,EQ, 25-Aug-2026,388.0,387.65,389.4,380.6,384.0,384.0,384.41,1504350,5782.84,23292, 561426, 37.32
SBIN,EQ, 25-Aug-2026,1039.5,1036.0,1048.0,1031.3,1048.0,1048.0,1040.56,9982723,103876.64,111951, 5170787, 51.80
SOUTHBANK,EQ, 25-Aug-2026,45.16,45.29,46.24,45.14,45.42,45.35,45.66,6449392,2944.6,17180, 2008110, 31.14
SURYODAY,EQ, 25-Aug-2026,157.12,156.33,157.21,150.15,150.99,151.02,152.0,1556170,2365.34,15832, 789126, 50.71
TMB,EQ, 25-Aug-2026,875.1,877.0,888.95,868.0,873.5,871.45,877.0,71824,629.89,6106, 37418, 52.10
UCOBANK,EQ, 25-Aug-2026,25.89,26.11,26.42,25.9,26.0,26.05,26.13,5578151,1457.67,15974, 2092721, 37.52
UJJIVANSFB,EQ, 25-Aug-2026,70.29,70.1,70.98,69.06,69.69,69.46,69.82,10201371,7122.41,46262, 5826338, 57.11
UNIONBANK,EQ, 25-Aug-2026,183.6,182.35,187.33,181.4,186.98,186.98,185.17,11180970,20703.27,52042, 4168311, 37.28
UTKARSHBNK,EQ, 25-Aug-2026,14.69,14.42,14.99,14.37,14.68,14.72,14.73,9328992,1373.77,12252, 3621461, 38.82
YESBANK,EQ, 25-Aug-2026,22.6,22.6,22.67,22.42,22.5,22.5,22.51,64264051,14466.64,70811, 27179778, 42.29
AUBANK,EQ, 26-Aug-2026,1128.6,1128.6,1131.4,1113.5,1113.5,1113.5,1122.39,618521,6942.2,28950, 303012, 48.99
AXISBANK,EQ, 26-Aug-2026,1235.0,1240.1,1257.7,1238.2,1255.0,1255.0,1251.75,3298266,41285.96,118748, 1973535, 59.84
BANDHANBNK,EQ, 26-Aug-2026,173.5,174.0,176.43,172.84,173.5,173.5,174.41,3786900,6604.62,25977, 1373566, 36.27
BANKBARODA,EQ, 26-Aug-2026,241.0,242.0,245.59,242.0,242.5,242.5,243.8,4759203,11602.81,40670, 2262269, 47.53
BANKINDIA,EQ, 26-Aug-2026,143.99,144.0,147.9,143.99,145.95,145.95,146.31,10250692,14997.86,34558, 4412719, 43.05
CANBK,EQ, 26-Aug-2026,128.81,128.95,130.9,128.5,129.45,129.45,129.97,15134921,19670.99,46308, 7298478, 48.22
CAPITALSFB,EQ, 26-Aug-2026,288.05,287.9,290.7,280.8,280.8,282.6,284.99,48147,137.21,755, 41715, 86.64
CENTRALBK,EQ, 26-Aug-2026,30.73,31.0,31.37,30.64,30.89,30.83,30.96,12006169,3717.53,29299, 5289965, 44.06
CSBBANK,EQ, 26-Aug-2026,339.35,339.0,349.0,339.0,347.2,347.75,345.36,483610,1670.21,17685, 245310, 50.72
CUB,EQ, 26-Aug-2026,221.6,222.0,227.69,221.95,227.13,226.8,225.45,2348389,5294.37,38397, 1040864, 44.32
DCBBANK,EQ, 26-Aug-2026,207.37,210.0,220.1,209.24,214.45,213.83,214.94,10444131,22448.98,76973, 3385043, 32.41
DHANBANK,EQ, 26-Aug-2026,33.12,33.25,33.55,33.05,33.2,33.21,33.26,339666,112.97,1760, 172623, 50.82
EQUITASBNK,EQ, 26-Aug-2026,75.06,75.5,75.93,74.86,75.39,75.23,75.41,1480965,1116.73,13725, 895704, 60.48
FEDERALBNK,EQ, 26-Aug-2026,346.95,348.25,349.15,343.6,345.3,345.3,346.47,6361778,22041.65,73006, 3409974, 53.60
FINOPB,EQ, 26-Aug-2026,145.53,145.52,148.07,144.37,145.55,145.54,146.1,94020,137.37,1474, 42176, 44.86
HDFCBANK,EQ, 26-Aug-2026,727.5,728.0,731.0,724.15,727.2,727.2,727.5,21156463,153913.08,214223, 14135347, 66.81
ICICIBANK,EQ, 26-Aug-2026,1422.7,1423.1,1446.0,1423.1,1430.0,1430.0,1437.4,4177066,60041.2,87376, 2252563, 53.93
IDBI,EQ, 26-Aug-2026,88.31,87.35,96.25,87.35,95.25,94.75,92.69,57839582,53610.47,149338, 17908682, 30.96
IDFCFIRSTB,EQ, 26-Aug-2026,85.0,85.18,86.59,84.4,84.4,84.4,85.52,12673198,10837.84,39745, 6698420, 52.86
INDIANB,EQ, 26-Aug-2026,878.0,884.9,905.0,882.5,889.0,889.0,892.88,972910,8686.9,24224, 345385, 35.50
INDUSINDBK,EQ, 26-Aug-2026,1015.0,1010.5,1018.6,989.4,1004.0,1004.0,1003.28,1098699,11023.03,30847, 438424, 39.90
IOB,EQ, 26-Aug-2026,33.03,33.19,33.53,33.05,33.16,33.1,33.28,1576094,524.55,8220, 668654, 42.42
J&KBANK,EQ, 26-Aug-2026,149.52,151.0,153.1,150.5,152.15,152.04,152.09,3098055,4711.78,37890, 1992695, 64.32
JSFB,EQ, 26-Aug-2026,570.65,567.9,570.25,536.3,549.5,547.1,546.81,1589777,8693.07,31959, 740025, 46.55
KARURVYSYA,EQ, 26-Aug-2026,346.0,347.3,358.65,345.55,354.0,354.35,353.24,3910226,13812.56,51597, 1477389, 37.78
KOTAKBANK,EQ, 26-Aug-2026,401.6,402.5,417.45,401.0,416.7,416.7,412.91,20168995,83279.07,285032, 12586149, 62.40
KTKBANK,EQ, 26-Aug-2026,334.6,335.55,341.0,330.85,336.75,337.7,338.07,3190171,10785.12,38839, 1803424, 56.53
MAHABANK,EQ, 26-Aug-2026,81.7,82.49,87.0,82.0,85.6,85.6,85.28,56264531,47982.04,146487, 21227928, 37.73
PNB,EQ, 26-Aug-2026,115.93,116.93,118.2,116.39,116.7,116.7,117.14,7741983,9069.23,32168, 2977280, 38.46
PSB,EQ, 26-Aug-2026,23.34,23.44,23.87,23.32,23.45,23.5,23.63,1744527,412.17,3898, 601831, 34.50
RBLBANK,EQ, 26-Aug-2026,384.0,385.8,386.65,380.3,382.5,382.5,383.52,1564195,5998.93,19638, 708123, 45.27
SBIN,EQ, 26-Aug-2026,1048.0,1051.4,1062.3,1051.2,1052.0,1052.0,1056.72,5858099,61903.41,146788, 3284133, 56.06
SOUTHBANK,EQ, 26-Aug-2026,45.35,45.68,46.45,45.4,46.26,46.32,45.92,8354307,3836.47,34503, 4188294, 50.13
SURYODAY,EQ, 26-Aug-2026,151.02,151.49,160.88,151.49,158.2,158.43,158.33,847539,1341.9,15667, 289271, 34.13
TMB,EQ, 26-Aug-2026,871.45,881.95,907.8,876.45,893.75,897.6,890.54,208392,1855.81,11084, 96190, 46.16
UCOBANK,EQ, 26-Aug-2026,26.05,26.05,26.44,26.05,26.25,26.19,26.25,3611760,948.1,9856, 1484305, 41.10
UJJIVANSFB,EQ, 26-Aug-2026,69.46,69.25,70.26,68.25,68.71,68.99,69.06,15421346,10649.92,53209, 6374322, 41.33
UNIONBANK,EQ, 26-Aug-2026,186.98,187.98,192.33,187.12,187.52,187.52,189.29,13973998,26451.78,58273, 5622544, 40.24
UTKARSHBNK,EQ, 26-Aug-2026,14.72,14.7,15.24,14.7,14.99,14.94,15.01,12257833,1839.98,12542, 5826283, 47.53
YESBANK,EQ, 26-Aug-2026,22.5,22.6,22.8,22.34,22.38,22.38,22.55,53612306,12089.2,61032, 29890443, 55.75
AUBANK,EQ, 27-Aug-2026,1113.5,1117.4,1126.8,1088.0,1091.0,1091.0,1100.18,898558,9885.75,37515, 296735, 33.02
AXISBANK,EQ, 27-Aug-2026,1255.0,1260.0,1268.7,1251.4,1256.0,1256.0,1259.39,7005789,88230.37,155243, 4959803, 70.80
BANDHANBNK,EQ, 27-Aug-2026,173.5,174.0,174.5,169.5,169.7,169.7,170.91,4668712,7979.22,33873, 2159783, 46.26
BANKBARODA,EQ, 27-Aug-2026,242.5,244.33,244.62,240.0,241.0,241.0,241.4,4454374,10752.77,46875, 2341567, 52.57
BANKINDIA,EQ, 27-Aug-2026,145.95,146.0,146.45,143.7,144.6,144.6,144.96,4438065,6433.4,25328, 2367489, 53.35
CANBK,EQ, 27-Aug-2026,129.45,131.43,131.43,127.7,128.14,128.14,128.71,10921428,14057.34,45483, 5025874, 46.02
CAPITALSFB,EQ, 27-Aug-2026,282.6,284.25,297.3,282.2,282.2,283.95,287.07,54058,155.18,1950, 32726, 60.54
CENTRALBK,EQ, 27-Aug-2026,30.83,31.0,31.06,30.58,30.66,30.65,30.7,5856063,1797.73,19411, 3524980, 60.19
CSBBANK,EQ, 27-Aug-2026,347.75,345.8,355.55,345.8,348.0,348.8,350.35,550978,1930.33,22108, 320887, 58.24
CUB,EQ, 27-Aug-2026,226.8,225.7,230.7,225.14,229.0,229.23,228.44,2031290,4640.32,39630, 881758, 43.41
DCBBANK,EQ, 27-Aug-2026,213.83,214.5,220.5,214.5,217.05,217.51,217.47,9712688,21121.75,48908, 5478639, 56.41
DHANBANK,EQ, 27-Aug-2026,33.21,33.3,34.8,32.5,32.55,32.72,33.04,461956,152.61,2005, 286487, 62.02
EQUITASBNK,EQ, 27-Aug-2026,75.23,75.23,75.63,73.66,74.38,74.17,74.48,4917957,3662.99,25052, 3558311, 72.35
FEDERALBNK,EQ, 27-Aug-2026,345.3,347.0,348.15,343.4,344.8,344.8,345.31,4512557,15582.09,47482, 2749426, 60.93
FINOPB,EQ, 27-Aug-2026,145.54,147.4,148.39,142.0,142.99,143.06,144.61,170887,247.11,2333, 57619, 33.72
HDFCBANK,EQ, 27-Aug-2026,727.2,728.15,728.15,710.0,711.0,711.0,715.81,46515020,332958.43,640207, 26654212, 57.30
ICICIBANK,EQ, 27-Aug-2026,1430.0,1445.0,1453.8,1433.1,1443.0,1443.0,1444.93,11539716,166740.63,193417, 6260117, 54.25
IDBI,EQ, 27-Aug-2026,94.75,95.0,95.88,91.5,91.99,92.24,93.93,17091152,16053.42,58660, 4737100, 27.72
IDFCFIRSTB,EQ, 27-Aug-2026,84.4,84.4,84.88,83.72,83.8,83.8,84.08,10079336,8475.2,42880, 4929363, 48.91
INDIANB,EQ, 27-Aug-2026,889.0,891.95,896.15,875.35,884.4,884.4,885.17,596643,5281.32,18821, 276282, 46.31
INDUSINDBK,EQ, 27-Aug-2026,1004.0,1004.0,1005.3,994.5,1002.9,1002.9,999.48,1187891,11872.73,35835, 647639, 54.52
IOB,EQ, 27-Aug-2026,33.1,33.2,33.23,32.8,32.99,32.9,32.96,1798508,592.73,9870, 973437, 54.12
J&KBANK,EQ, 27-Aug-2026,152.04,152.2,153.87,151.45,152.2,152.17,152.38,1374401,2094.35,15438, 726317, 52.85
JSFB,EQ, 27-Aug-2026,547.1,551.6,558.0,538.6,542.0,544.55,547.6,1278810,7002.71,32162, 698532, 54.62
KARURVYSYA,EQ, 27-Aug-2026,354.35,356.85,358.5,345.05,346.0,346.3,350.56,1792437,6283.62,34099, 956563, 53.37
KOTAKBANK,EQ, 27-Aug-2026,416.7,415.75,427.7,415.0,424.2,424.2,424.35,32914085,139671.31,279000, 22309765, 67.78
KTKBANK,EQ, 27-Aug-2026,337.7,336.75,338.8,326.0,328.0,327.15,331.74,1461115,4847.07,21649, 771332, 52.79
MAHABANK,EQ, 27-Aug-2026,85.6,85.74,86.19,84.05,84.69,84.69,84.69,16185909,13708.14,47505, 9084963, 56.13
PNB,EQ, 27-Aug-2026,116.7,116.7,117.2,115.07,115.4,115.4,116.02,10955188,12709.69,42422, 5369213, 49.01
PSB,EQ, 27-Aug-2026,23.5,23.5,23.65,23.2,23.2,23.32,23.41,1461842,342.23,3519, 444853, 30.43
RBLBANK,EQ, 27-Aug-2026,382.5,382.55,387.0,381.6,385.4,385.4,384.41,1606356,6174.99,29935, 761084, 47.38
SBIN,EQ, 27-Aug-2026,1052.0,1052.0,1054.4,1042.9,1042.9,1042.9,1046.66,4788716,50121.77,137557, 2693387, 56.24
SOUTHBANK,EQ, 27-Aug-2026,46.32,46.3,47.04,45.65,45.9,45.73,46.29,8299347,3841.76,22764, 2509784, 30.24
SURYODAY,EQ, 27-Aug-2026,158.43,159.1,159.1,154.3,156.99,155.68,156.39,297102,464.63,5146, 138713, 46.69
TMB,EQ, 27-Aug-2026,897.6,897.6,903.6,882.15,897.95,893.85,894.58,118544,1060.47,10292, 52237, 44.07
UCOBANK,EQ, 27-Aug-2026,26.19,26.12,26.23,25.45,25.5,25.49,25.74,4071522,1048.06,13410, 2770989, 68.06
UJJIVANSFB,EQ, 27-Aug-2026,68.99,69.2,69.82,67.81,68.48,68.57,68.59,14648450,10046.81,67233, 7876176, 53.77
UNIONBANK,EQ, 27-Aug-2026,187.52,189.0,189.64,184.08,184.5,184.5,185.83,6999263,13006.57,33889, 3048206, 43.55
UTKARSHBNK,EQ, 27-Aug-2026,14.94,15.0,15.1,14.87,14.9,14.92,14.97,4463747,668.02,4708, 2176038, 48.75
YESBANK,EQ, 27-Aug-2026,22.38,22.4,22.55,22.25,22.26,22.26,22.39,40844488,9145.5,57671, 18274822, 44.74
AUBANK,EQ, 28-Aug-2026,1091.0,1086.3,1094.3,1073.3,1077.1,1077.1,1083.27,871951,9445.58,41897, 462845, 53.08
AXISBANK,EQ, 28-Aug-2026,1256.0,1256.0,1265.4,1248.2,1265.0,1265.0,1260.55,3243469,40885.5,103208, 2206690, 68.03
BANDHANBNK,EQ, 28-Aug-2026,169.7,170.03,170.48,167.8,168.25,168.25,168.86,3469922,5859.46,44093, 1618290, 46.64
BANKBARODA,EQ, 28-Aug-2026,241.0,241.15,241.9,239.5,241.9,241.9,240.5,3571651,8589.99,30675, 1674359, 46.88
BANKINDIA,EQ, 28-Aug-2026,144.6,144.89,144.89,142.7,144.0,144.0,143.51,4694456,6737.16,31540, 2717033, 57.88
CANBK,EQ, 28-Aug-2026,128.14,128.15,129.06,127.25,128.35,128.35,127.96,13970144,17875.88,47694, 6949480, 49.75
CAPITALSFB,EQ, 28-Aug-2026,283.95,286.85,286.9,280.05,281.25,281.65,282.95,13245,37.48,564, 9238, 69.75
CENTRALBK,EQ, 28-Aug-2026,30.65,30.67,30.77,30.37,30.59,30.54,30.5,6429357,1960.93,18644, 3492687, 54.32
CSBBANK,EQ, 28-Aug-2026,348.8,349.0,350.25,334.9,338.0,336.3,342.31,585124,2002.94,16994, 242098, 41.38
CUB,EQ, 28-Aug-2026,229.23,229.05,230.92,221.77,222.65,222.24,225.1,1085352,2443.13,21072, 504747, 46.51
DCBBANK,EQ, 28-Aug-2026,217.51,217.85,217.85,212.5,213.0,212.97,214.12,1702351,3645.05,20293, 959496, 56.36
DHANBANK,EQ, 28-Aug-2026,32.72,32.72,33.0,32.06,32.3,32.27,32.41,500508,162.22,2017, 323396, 64.61
EQUITASBNK,EQ, 28-Aug-2026,74.17,74.17,74.5,73.49,74.1,73.9,73.94,898730,664.5,10111, 502752, 55.94
FEDERALBNK,EQ, 28-Aug-2026,344.8,343.05,345.85,342.25,344.25,344.25,343.92,3391019,11662.46,96165, 2230392, 65.77
FINOPB,EQ, 28-Aug-2026,143.06,141.05,144.19,141.0,142.15,141.57,142.3,109487,155.8,1986, 43246, 39.50
HDFCBANK,EQ, 28-Aug-2026,711.0,710.85,720.3,707.0,720.3,720.3,715.16,16494301,117960.11,221663, 8735071, 52.96
ICICIBANK,EQ, 28-Aug-2026,1443.0,1435.0,1439.8,1418.9,1422.8,1422.8,1427.61,8625738,123141.81,87869, 5211279, 60.42
IDBI,EQ, 28-Aug-2026,92.24,92.29,93.8,91.55,92.7,92.66,92.69,10401965,9641.79,37615, 2956309, 28.42
IDFCFIRSTB,EQ, 28-Aug-2026,83.8,83.79,84.23,82.95,83.12,83.12,83.4,14247602,11882.91,52105, 4520693, 31.73
INDIANB,EQ, 28-Aug-2026,884.4,882.2,883.95,872.45,882.4,882.4,877.46,456709,4007.44,15081, 242803, 53.16
INDUSINDBK,EQ, 28-Aug-2026,1002.9,997.0,1000.6,987.3,994.0,994.0,992.33,1026834,10189.56,55158, 565524, 55.07
IOB,EQ, 28-Aug-2026,32.9,33.0,33.0,32.62,32.85,32.81,32.79,1294744,424.6,9391, 664182, 51.30
J&KBANK,EQ, 28-Aug-2026,152.17,151.93,152.39,149.0,150.0,150.01,150.11,884757,1328.15,14043, 406957, 46.00
JSFB,EQ, 28-Aug-2026,544.55,547.0,551.25,539.2,543.0,541.0,543.54,301768,1640.23,9207, 146276, 48.47
KARURVYSYA,EQ, 28-Aug-2026,346.3,346.3,350.85,344.45,346.0,346.0,347.12,1302287,4520.53,34548, 669674, 51.42
KOTAKBANK,EQ, 28-Aug-2026,424.2,424.6,426.2,421.0,423.7,423.7,424.03,18952918,80366.35,166948, 14301403, 75.46
KTKBANK,EQ, 28-Aug-2026,327.15,325.0,331.35,324.2,330.75,330.35,328.12,1698579,5573.39,23891, 880891, 51.86
MAHABANK,EQ, 28-Aug-2026,84.69,84.89,84.89,82.95,83.8,83.8,83.66,9938458,8314.36,45589, 4961035, 49.92
PNB,EQ, 28-Aug-2026,115.4,114.81,115.75,114.42,115.4,115.4,115.24,8502644,9798.42,29536, 4268111, 50.20
PSB,EQ, 28-Aug-2026,23.32,23.3,23.34,23.1,23.18,23.14,23.19,680020,157.7,2585, 431534, 63.46
RBLBANK,EQ, 28-Aug-2026,385.4,384.7,384.7,380.1,382.0,382.0,381.77,963822,3679.63,26109, 490520, 50.89
SBIN,EQ, 28-Aug-2026,1042.9,1046.0,1051.2,1040.5,1047.5,1047.5,1046.79,4969272,52017.68,90209, 2705841, 54.45
SOUTHBANK,EQ, 28-Aug-2026,45.73,45.75,46.22,45.3,45.41,45.37,45.63,3557940,1623.43,12497, 1881270, 52.88
SURYODAY,EQ, 28-Aug-2026,155.68,155.68,156.41,153.68,154.26,154.26,154.92,280837,435.08,4531, 134549, 47.91
TMB,EQ, 28-Aug-2026,893.85,887.2,897.0,882.35,882.5,886.05,889.96,80734,718.5,7093, 37008, 45.84
UCOBANK,EQ, 28-Aug-2026,25.49,25.55,25.71,25.35,25.5,25.48,25.54,3624254,925.79,11694, 1692914, 46.71
UJJIVANSFB,EQ, 28-Aug-2026,68.57,68.7,69.23,67.6,67.79,67.85,68.28,6875259,4694.23,33424, 4023356, 58.52
UNIONBANK,EQ, 28-Aug-2026,184.5,184.7,186.31,184.09,186.0,186.0,185.14,3617223,6697.1,29351, 1640567, 45.35
UTKARSHBNK,EQ, 28-Aug-2026,14.92,14.85,14.96,14.53,14.77,14.68,14.76,3732185,550.77,4630, 1701702, 45.60
YESBANK,EQ, 28-Aug-2026,22.26,22.31,22.36,22.01,22.1,22.1,22.13,63531708,14060.71,64302, 38053411, 59.90
AUBANK,EQ, 28-Aug-2026,1091.0,1086.3,1094.3,1073.3,1077.1,1077.1,1083.27,871951,9445.58,41897, 462845, 53.08
AXISBANK,EQ, 28-Aug-2026,1256.0,1256.0,1265.4,1248.2,1265.0,1265.0,1260.55,3243469,40885.5,103208, 2206690, 68.03
BANDHANBNK,EQ, 28-Aug-2026,169.7,170.03,170.48,167.8,168.25,168.25,168.86,3469922,5859.46,44093, 1618290, 46.64
BANKBARODA,EQ, 28-Aug-2026,241.0,241.15,241.9,239.5,241.9,241.9,240.5,3571651,8589.99,30675, 1674359, 46.88
BANKINDIA,EQ, 28-Aug-2026,144.6,144.89,144.89,142.7,144.0,144.0,143.51,4694456,6737.16,31540, 2717033, 57.88
CANBK,EQ, 28-Aug-2026,128.14,128.15,129.06,127.25,128.35,128.35,127.96,13970144,17875.88,47694, 6949480, 49.75
CAPITALSFB,EQ, 28-Aug-2026,283.95,286.85,286.9,280.05,281.25,281.65,282.95,13245,37.48,564, 9238, 69.75
CENTRALBK,EQ, 28-Aug-2026,30.65,30.67,30.77,30.37,30.59,30.54,30.5,6429357,1960.93,18644, 3492687, 54.32
CSBBANK,EQ, 28-Aug-2026,348.8,349.0,350.25,334.9,338.0,336.3,342.31,585124,2002.94,16994, 242098, 41.38
CUB,EQ, 28-Aug-2026,229.23,229.05,230.92,221.77,222.65,222.24,225.1,1085352,2443.13,21072, 504747, 46.51
DCBBANK,EQ, 28-Aug-2026,217.51,217.85,217.85,212.5,213.0,212.97,214.12,1702351,3645.05,20293, 959496, 56.36
DHANBANK,EQ, 28-Aug-2026,32.72,32.72,33.0,32.06,32.3,32.27,32.41,500508,162.22,2017, 323396, 64.61
EQUITASBNK,EQ, 28-Aug-2026,74.17,74.17,74.5,73.49,74.1,73.9,73.94,898730,664.5,10111, 502752, 55.94
FEDERALBNK,EQ, 28-Aug-2026,344.8,343.05,345.85,342.25,344.25,344.25,343.92,3391019,11662.46,96165, 2230392, 65.77
FINOPB,EQ, 28-Aug-2026,143.06,141.05,144.19,141.0,142.15,141.57,142.3,109487,155.8,1986, 43246, 39.50
HDFCBANK,EQ, 28-Aug-2026,711.0,710.85,720.3,707.0,720.3,720.3,715.16,16494301,117960.11,221663, 8735071, 52.96
ICICIBANK,EQ, 28-Aug-2026,1443.0,1435.0,1439.8,1418.9,1422.8,1422.8,1427.61,8625738,123141.81,87869, 5211279, 60.42
IDBI,EQ, 28-Aug-2026,92.24,92.29,93.8,91.55,92.7,92.66,92.69,10401965,9641.79,37615, 2956309, 28.42
IDFCFIRSTB,EQ, 28-Aug-2026,83.8,83.79,84.23,82.95,83.12,83.12,83.4,14247602,11882.91,52105, 4520693, 31.73
INDIANB,EQ, 28-Aug-2026,884.4,882.2,883.95,872.45,882.4,882.4,877.46,456709,4007.44,15081, 242803, 53.16
INDUSINDBK,EQ, 28-Aug-2026,1002.9,997.0,1000.6,987.3,994.0,994.0,992.33,1026834,10189.56,55158, 565524, 55.07
IOB,EQ, 28-Aug-2026,32.9,33.0,33.0,32.62,32.85,32.81,32.79,1294744,424.6,9391, 664182, 51.30
J&KBANK,EQ, 28-Aug-2026,152.17,151.93,152.39,149.0,150.0,150.01,150.11,884757,1328.15,14043, 406957, 46.00
JSFB,EQ, 28-Aug-2026,544.55,547.0,551.25,539.2,543.0,541.0,543.54,301768,1640.23,9207, 146276, 48.47
KARURVYSYA,EQ, 28-Aug-2026,346.3,346.3,350.85,344.45,346.0,346.0,347.12,1302287,4520.53,34548, 669674, 51.42
KOTAKBANK,EQ, 28-Aug-2026,424.2,424.6,426.2,421.0,423.7,423.7,424.03,18952918,80366.35,166948, 14301403, 75.46
KTKBANK,EQ, 28-Aug-2026,327.15,325.0,331.35,324.2,330.75,330.35,328.12,1698579,5573.39,23891, 880891, 51.86
MAHABANK,EQ, 28-Aug-2026,84.69,84.89,84.89,82.95,83.8,83.8,83.66,9938458,8314.36,45589, 4961035, 49.92
PNB,EQ, 28-Aug-2026,115.4,114.81,115.75,114.42,115.4,115.4,115.24,8502644,9798.42,29536, 4268111, 50.20
PSB,EQ, 28-Aug-2026,23.32,23.3,23.34,23.1,23.18,23.14,23.19,680020,157.7,2585, 431534, 63.46
RBLBANK,EQ, 28-Aug-2026,385.4,384.7,384.7,380.1,382.0,382.0,381.77,963822,3679.63,26109, 490520, 50.89
SBIN,EQ, 28-Aug-2026,1042.9,1046.0,1051.2,1040.5,1047.5,1047.5,1046.79,4969272,52017.68,90209, 2705841, 54.45
SOUTHBANK,EQ, 28-Aug-2026,45.73,45.75,46.22,45.3,45.41,45.37,45.63,3557940,1623.43,12497, 1881270, 52.88
SURYODAY,EQ, 28-Aug-2026,155.68,155.68,156.41,153.68,154.26,154.26,154.92,280837,435.08,4531, 134549, 47.91
TMB,EQ, 28-Aug-2026,893.85,887.2,897.0,882.35,882.5,886.05,889.96,80734,718.5,7093, 37008, 45.84
UCOBANK,EQ, 28-Aug-2026,25.49,25.55,25.71,25.35,25.5,25.48,25.54,3624254,925.79,11694, 1692914, 46.71
UJJIVANSFB,EQ, 28-Aug-2026,68.57,68.7,69.23,67.6,67.79,67.85,68.28,6875259,4694.23,33424, 4023356, 58.52
UNIONBANK,EQ, 28-Aug-2026,184.5,184.7,186.31,184.09,186.0,186.0,185.14,3617223,6697.1,29351, 1640567, 45.35
UTKARSHBNK,EQ, 28-Aug-2026,14.92,14.85,14.96,14.53,14.77,14.68,14.76,3732185,550.77,4630, 1701702, 45.60
YESBANK,EQ, 28-Aug-2026,22.26,22.31,22.36,22.01,22.1,22.1,22.13,63531708,14060.71,64302, 38053411, 59.90
AUBANK,EQ, 01-Sep-2026,1086.2,1083.8,1088.8,1067.6,1079.2,1079.2,1078.23,1068952,11525.81,22834, 557755, 52.18
AXISBANK,EQ, 01-Sep-2026,1300.0,1274.9,1275.1,1255.0,1258.0,1258.0,1265.42,5588158,70713.71,214154, 3413641, 61.09
BANDHANBNK,EQ, 01-Sep-2026,163.5,163.6,164.65,161.65,162.9,162.9,162.82,5214696,8490.33,40429, 2240290, 42.96
BANKBARODA,EQ, 01-Sep-2026,238.6,238.0,240.2,236.68,237.7,237.7,238.38,13131444,31302.75,50087, 4995714, 38.04
BANKINDIA,EQ, 01-Sep-2026,141.59,142.29,143.65,141.4,142.35,142.35,142.25,3406860,4846.4,23653, 1142657, 33.54
CANBK,EQ, 01-Sep-2026,126.9,126.88,127.07,125.16,125.6,125.6,125.98,9840419,12396.68,35522, 3368183, 34.23
CAPITALSFB,EQ, 01-Sep-2026,283.2,280.65,286.9,280.65,284.9,284.4,284.38,16612,47.24,1316, 13038, 78.49
CENTRALBK,EQ, 01-Sep-2026,30.22,30.25,30.49,30.14,30.33,30.31,30.31,3583473,1086.29,14521, 1964431, 54.82
CSBBANK,EQ, 01-Sep-2026,343.55,342.55,342.8,335.15,337.1,338.95,338.53,653928,2213.74,9354, 440635, 67.38
CUB,EQ, 01-Sep-2026,229.19,228.01,235.99,225.34,234.0,234.99,232.7,2919901,6794.5,45866, 1182992, 40.51
DCBBANK,EQ, 01-Sep-2026,218.2,217.55,225.62,215.2,224.95,224.39,221.88,3789148,8407.45,47392, 1730241, 45.66
DHANBANK,EQ, 01-Sep-2026,32.11,32.18,32.42,31.95,32.2,32.05,32.1,327355,105.08,1314, 178134, 54.42
EQUITASBNK,EQ, 01-Sep-2026,73.97,73.97,74.19,73.08,73.26,73.42,73.67,939445,692.07,9996, 479596, 51.05
FEDERALBNK,EQ, 01-Sep-2026,356.7,350.0,351.75,348.0,349.25,349.25,349.55,3391394,11854.52,69201, 1900532, 56.04
FINOPB,EQ, 01-Sep-2026,139.38,139.0,139.79,131.83,135.68,136.44,136.78,334325,457.28,3966, 160616, 48.04
HDFCBANK,EQ, 01-Sep-2026,709.0,705.05,715.45,698.5,711.9,711.9,707.88,44417092,314420.1,509180, 18568849, 41.81
ICICIBANK,EQ, 01-Sep-2026,1454.0,1442.9,1446.7,1422.8,1438.0,1438.0,1432.7,10627608,152261.98,143205, 4530058, 42.63
IDBI,EQ, 01-Sep-2026,90.88,91.3,94.15,89.25,91.85,92.06,91.73,11861429,10880.03,45424, 3687126, 31.09
IDFCFIRSTB,EQ, 01-Sep-2026,85.97,85.2,85.2,84.1,84.9,84.9,84.67,11579195,9804.48,56194, 6325295, 54.63
INDIANB,EQ, 01-Sep-2026,898.75,889.0,890.5,874.05,881.75,881.75,882.07,1602957,14139.13,40493, 891313, 55.60
INDUSINDBK,EQ, 01-Sep-2026,1016.6,1004.0,1004.0,985.0,992.6,992.6,990.37,1742567,17257.89,27545, 617709, 35.45
IOB,EQ, 01-Sep-2026,32.47,32.5,32.51,32.06,32.39,32.27,32.29,1775290,573.29,9855, 853076, 48.05
J&KBANK,EQ, 01-Sep-2026,147.68,146.7,148.88,146.3,147.0,147.38,147.59,2581059,3809.3,22210, 786119, 30.46
JSFB,EQ, 01-Sep-2026,537.5,537.5,541.45,524.7,527.15,529.8,531.22,521780,2771.82,11996, 302722, 58.02
KARURVYSYA,EQ, 01-Sep-2026,347.6,349.05,351.85,344.9,347.0,347.6,347.83,1349065,4692.42,24117, 490711, 36.37
KOTAKBANK,EQ, 01-Sep-2026,419.4,420.8,429.1,420.75,425.0,425.0,425.47,7669677,32632.54,88465, 4613410, 60.15
KTKBANK,EQ, 01-Sep-2026,335.15,335.15,338.7,329.1,332.1,330.9,333.3,1561768,5205.44,22092, 876626, 56.13
MAHABANK,EQ, 01-Sep-2026,82.07,82.0,83.83,82.0,82.7,82.7,82.84,14196058,11760.38,47083, 6421583, 45.23
PNB,EQ, 01-Sep-2026,114.23,114.49,116.5,114.07,115.22,115.22,115.39,10969598,12657.41,33457, 4791611, 43.68
PSB,EQ, 01-Sep-2026,22.89,22.87,22.94,22.51,22.6,22.58,22.74,890182,202.42,3310, 584762, 65.69
RBLBANK,EQ, 01-Sep-2026,380.35,379.55,383.75,377.8,380.5,380.5,380.39,2288711,8705.95,24429, 1362720, 59.54
SBIN,EQ, 01-Sep-2026,1060.0,1051.3,1051.3,1027.1,1034.5,1034.5,1036.99,7605132,78864.82,137427, 3384666, 44.51
SOUTHBANK,EQ, 01-Sep-2026,45.66,45.9,46.25,45.3,45.92,45.91,45.83,12765987,5851.22,19187, 2503888, 19.61
SURYODAY,EQ, 01-Sep-2026,154.69,154.0,154.18,149.5,151.6,151.06,151.36,358779,543.04,6205, 171205, 47.72
TMB,EQ, 01-Sep-2026,932.6,934.0,936.0,903.0,908.1,908.1,918.27,135518,1244.43,10192, 57520, 42.44
UCOBANK,EQ, 01-Sep-2026,24.89,25.0,25.12,24.51,24.61,24.59,24.78,3061545,758.56,10871, 1546401, 50.51
UJJIVANSFB,EQ, 01-Sep-2026,69.11,69.4,69.41,64.96,65.37,65.36,66.47,18034062,11987.8,58701, 9864703, 54.70
UNIONBANK,EQ, 01-Sep-2026,188.63,185.0,186.32,183.26,184.9,184.9,184.61,7002385,12927.31,32624, 2931304, 41.86
UTKARSHBNK,EQ, 01-Sep-2026,15.06,15.0,15.14,14.65,14.88,14.88,14.91,11395283,1698.85,10720, 4683930, 41.10
YESBANK,EQ, 01-Sep-2026,22.83,22.51,22.52,21.94,22.1,22.1,22.1,63872649,14116.34,97619, 31191445, 48.83
AUBANK,EQ, 02-Sep-2026,1079.2,1073.1,1077.9,1063.4,1077.9,1077.9,1071.48,864436,9262.3,54900, 579708, 67.06
AXISBANK,EQ, 02-Sep-2026,1258.0,1254.6,1266.9,1250.0,1253.9,1253.9,1256.75,6437250,80900.24,163906, 4248028, 65.99
BANDHANBNK,EQ, 02-Sep-2026,162.9,161.0,162.32,159.24,161.52,161.52,160.89,6396488,10291.11,41284, 3227175, 50.45
BANKBARODA,EQ, 02-Sep-2026,237.7,237.5,241.25,235.84,241.2,241.2,239.74,9638977,23108.23,62387, 5816550, 60.34
BANKINDIA,EQ, 02-Sep-2026,142.35,141.5,143.36,140.23,143.1,143.1,141.83,5132803,7280.1,29164, 2130476, 41.51
CANBK,EQ, 02-Sep-2026,125.6,125.35,126.99,124.38,126.3,126.3,125.88,13231733,16655.64,64406, 6092679, 46.05
CAPITALSFB,EQ, 02-Sep-2026,284.4,284.85,284.9,280.05,284.0,283.25,282.36,10917,30.83,389, 7995, 73.23
CENTRALBK,EQ, 02-Sep-2026,30.31,30.19,30.53,29.89,30.38,30.37,30.26,6820964,2063.82,21820, 2977836, 43.66
CSBBANK,EQ, 02-Sep-2026,338.95,337.1,338.0,328.7,332.45,331.65,332.53,340893,1133.58,9414, 179282, 52.59
CUB,EQ, 02-Sep-2026,234.99,231.9,231.9,226.4,230.06,230.61,229.92,2227407,5121.36,52869, 1089047, 48.89
DCBBANK,EQ, 02-Sep-2026,224.39,224.39,224.39,218.55,222.12,222.34,220.66,2487065,5487.86,32289, 1358789, 54.63
DHANBANK,EQ, 02-Sep-2026,32.05,31.91,31.92,31.3,31.6,31.5,31.63,612773,193.84,1965, 350254, 57.16
EQUITASBNK,EQ, 02-Sep-2026,73.42,72.69,73.8,72.12,73.56,73.45,73.29,670856,491.69,10746, 344752, 51.39
FEDERALBNK,EQ, 02-Sep-2026,349.25,349.0,353.5,345.2,353.35,353.35,350.38,6273256,21980.17,67869, 4324582, 68.94
FINOPB,EQ, 02-Sep-2026,136.44,137.12,145.78,135.0,141.0,140.49,141.53,871541,1233.51,10484, 174498, 20.02
HDFCBANK,EQ, 02-Sep-2026,711.9,702.3,705.65,700.0,700.8,700.8,702.22,36950338,259471.22,475283, 22751679, 61.57
ICICIBANK,EQ, 02-Sep-2026,1438.0,1425.1,1436.0,1420.7,1426.5,1426.5,1426.34,8515824,121464.5,148174, 5724353, 67.22
IDBI,EQ, 02-Sep-2026,92.06,91.65,93.25,90.61,91.7,91.55,91.97,10822943,9953.47,38093, 4640837, 42.88
IDFCFIRSTB,EQ, 02-Sep-2026,84.9,84.61,85.25,83.7,85.09,85.09,84.79,15107630,12810.48,57257, 8946129, 59.22
INDIANB,EQ, 02-Sep-2026,881.75,875.0,884.4,866.0,878.8,878.8,873.0,898988,7848.14,29905, 379412, 42.20
INDUSINDBK,EQ, 02-Sep-2026,992.6,985.0,987.6,963.3,978.0,978.0,975.22,2673391,26071.55,68147, 1599480, 59.83
IOB,EQ, 02-Sep-2026,32.27,32.15,32.84,31.83,32.77,32.68,32.36,3854357,1247.31,18414, 1515315, 39.31
J&KBANK,EQ, 02-Sep-2026,147.38,146.5,147.88,144.0,144.5,144.44,145.22,1856552,2696.07,30719, 992667, 53.47
JSFB,EQ, 02-Sep-2026,529.8,529.0,529.7,519.0,523.65,523.4,524.15,250706,1314.07,8170, 104184, 41.56
KARURVYSYA,EQ, 02-Sep-2026,347.6,345.6,349.85,345.0,347.5,346.6,347.05,1317009,4570.62,30025, 705960, 53.60
KOTAKBANK,EQ, 02-Sep-2026,425.0,421.9,425.75,418.95,423.5,423.5,422.09,10022695,42304.4,120517, 6711278, 66.96
KTKBANK,EQ, 02-Sep-2026,330.9,326.95,333.0,321.55,329.4,330.35,327.68,2245525,7358.07,31879, 1008265, 44.90
MAHABANK,EQ, 02-Sep-2026,82.7,82.2,84.3,81.31,82.4,82.4,82.58,17803645,14702.03,58900, 7178780, 40.32
PNB,EQ, 02-Sep-2026,115.22,114.65,117.25,113.92,117.0,117.0,116.5,21100041,24581.72,61783, 9065733, 42.97
PSB,EQ, 02-Sep-2026,22.58,22.58,22.72,22.09,22.72,22.58,22.39,1678778,375.91,3703, 824903, 49.14
RBLBANK,EQ, 02-Sep-2026,380.5,377.6,392.7,375.0,389.4,389.4,386.18,4297189,16595.05,55056, 1956000, 45.52
SBIN,EQ, 02-Sep-2026,1034.5,1026.0,1035.3,1017.3,1020.9,1020.9,1022.54,13843678,141556.74,316338, 10289485, 74.33
SOUTHBANK,EQ, 02-Sep-2026,45.91,45.75,45.95,45.39,45.83,45.74,45.64,5752468,2625.71,15695, 2424955, 42.16
SURYODAY,EQ, 02-Sep-2026,151.06,151.0,152.95,149.08,151.93,151.81,151.11,150284,227.09,3549, 58815, 39.14
TMB,EQ, 02-Sep-2026,908.1,905.0,916.0,895.05,912.1,906.6,906.28,123515,1119.39,9266, 54904, 44.45
UCOBANK,EQ, 02-Sep-2026,24.59,24.59,24.79,24.3,24.4,24.39,24.47,6678091,1634.16,16197, 3781378, 56.62
UJJIVANSFB,EQ, 02-Sep-2026,65.36,65.37,65.49,61.4,64.15,63.64,62.69,49431916,30988.59,201228, 23851518, 48.25
UNIONBANK,EQ, 02-Sep-2026,184.9,183.5,186.86,182.5,186.86,186.86,184.79,9420048,17407.55,60376, 4922893, 52.26
UTKARSHBNK,EQ, 02-Sep-2026,14.88,14.81,14.95,14.6,14.82,14.77,14.76,3974860,586.62,4365, 2048758, 51.54
YESBANK,EQ, 02-Sep-2026,22.1,22.0,22.15,21.82,22.15,22.15,21.97,44781892,9839.86,67910, 21539525, 48.10
AUBANK,EQ, 03-Sep-2026,1077.9,1082.0,1083.3,1066.1,1072.0,1072.0,1071.2,506657,5427.29,32757, 254519, 50.23
AXISBANK,EQ, 03-Sep-2026,1253.9,1265.0,1278.9,1260.2,1267.0,1267.0,1272.07,3309215,42095.59,84824, 1540922, 46.56
BANDHANBNK,EQ, 03-Sep-2026,161.52,163.49,168.18,162.66,164.23,164.23,165.81,6048725,10029.57,33991, 1289539, 21.32
BANKBARODA,EQ, 03-Sep-2026,241.2,241.57,244.16,240.16,240.44,240.44,241.89,4789865,11585.97,36330, 2469691, 51.56
BANKINDIA,EQ, 03-Sep-2026,143.1,143.9,146.15,142.5,145.0,145.0,145.11,8139407,11811.14,37934, 3447766, 42.36
CANBK,EQ, 03-Sep-2026,126.3,126.78,128.69,125.71,125.8,125.8,127.27,13360020,17003.08,71855, 6015206, 45.02
CAPITALSFB,EQ, 03-Sep-2026,283.25,281.95,284.9,280.5,280.5,281.85,282.18,38166,107.7,502, 32058, 84.00
CENTRALBK,EQ, 03-Sep-2026,30.37,30.5,31.1,30.46,30.84,30.77,30.84,8184463,2524.29,21184, 4248620, 51.91
CSBBANK,EQ, 03-Sep-2026,331.65,331.65,335.0,321.95,324.0,324.95,327.31,573086,1875.76,10657, 379027, 66.14
CUB,EQ, 03-Sep-2026,230.61,230.4,239.88,230.4,233.77,234.36,236.93,2859810,6775.73,48102, 1086100, 37.98
DCBBANK,EQ, 03-Sep-2026,222.34,223.11,228.99,219.63,221.9,222.2,222.81,2828120,6301.37,37037, 1371745, 48.50
DHANBANK,EQ, 03-Sep-2026,31.5,31.6,32.13,31.6,31.8,31.72,31.86,524601,167.14,1617, 243580, 46.43
EQUITASBNK,EQ, 03-Sep-2026,73.45,74.49,74.8,72.61,72.82,73.04,73.71,1375803,1014.17,17490, 795482, 57.82
FEDERALBNK,EQ, 03-Sep-2026,353.35,356.5,356.95,343.1,344.6,344.6,346.95,6683672,23188.86,74537, 2985149, 44.66
FINOPB,EQ, 03-Sep-2026,140.49,141.92,142.9,139.58,140.63,140.23,140.9,134565,189.61,1721, 67753, 50.35
HDFCBANK,EQ, 03-Sep-2026,700.8,705.0,712.6,705.0,706.65,706.65,708.33,27770641,196706.4,293146, 16590339, 59.74
ICICIBANK,EQ, 03-Sep-2026,1426.5,1438.3,1452.0,1430.0,1430.0,1430.0,1440.14,10503351,151262.99,167924, 5967194, 56.81
IDBI,EQ, 03-Sep-2026,91.55,92.25,93.45,91.6,91.85,91.97,92.5,5622919,5201.33,27491, 2016229, 35.86
IDFCFIRSTB,EQ, 03-Sep-2026,85.09,85.09,88.1,85.04,87.5,87.5,87.08,48178595,41955.02,90121, 27796589, 57.69
INDIANB,EQ, 03-Sep-2026,878.8,882.5,906.7,882.45,888.75,888.75,895.07,1755640,15714.2,45096, 616787, 35.13
INDUSINDBK,EQ, 03-Sep-2026,978.0,980.0,1004.8,977.6,1004.8,1004.8,996.02,1959777,19519.87,34190, 1061051, 54.14
IOB,EQ, 03-Sep-2026,32.68,32.75,33.4,32.68,33.31,33.23,33.11,4746900,1571.93,17708, 1955938, 41.20
J&KBANK,EQ, 03-Sep-2026,144.44,146.1,151.98,146.0,149.35,149.86,150.01,3645652,5468.77,47186, 1519670, 41.68
JSFB,EQ, 03-Sep-2026,523.4,526.6,545.95,526.6,532.0,534.2,538.0,679587,3656.17,15398, 324737, 47.78
KARURVYSYA,EQ, 03-Sep-2026,346.6,348.8,358.0,347.65,351.6,350.0,352.75,2690048,9489.15,50011, 1256490, 46.71
KOTAKBANK,EQ, 03-Sep-2026,423.5,425.0,426.9,421.15,421.15,421.15,423.61,5991118,25378.95,99402, 3709150, 61.91
KTKBANK,EQ, 03-Sep-2026,330.35,331.1,341.6,331.1,341.25,339.75,338.73,3036829,10286.63,30919, 1687560, 55.57
MAHABANK,EQ, 03-Sep-2026,82.4,83.15,87.35,82.82,86.32,86.32,86.27,48646685,41968.08,115177, 17408098, 35.78
PNB,EQ, 03-Sep-2026,117.0,117.95,118.25,116.32,116.32,116.32,117.4,11831844,13890.26,39016, 5547540, 46.89
PSB,EQ, 03-Sep-2026,22.58,22.69,23.36,22.68,23.12,23.05,23.16,3074473,712.17,7550, 1029510, 33.49
RBLBANK,EQ, 03-Sep-2026,389.4,397.05,410.7,395.65,408.1,408.1,405.57,19862463,80555.48,197770, 5959814, 30.01
SBIN,EQ, 03-Sep-2026,1020.9,1028.9,1036.0,1021.1,1023.4,1023.4,1028.73,7371804,75835.92,174387, 3554490, 48.22
SOUTHBANK,EQ, 03-Sep-2026,45.74,45.88,48.3,45.83,47.74,47.7,47.58,29134346,13862.8,69939, 13827808, 47.46
SURYODAY,EQ, 03-Sep-2026,151.81,151.81,154.68,151.81,152.45,153.57,153.65,201297,309.3,2442, 101595, 50.47
TMB,EQ, 03-Sep-2026,906.6,911.95,947.5,911.95,935.0,942.45,939.06,296216,2781.64,16990, 106513, 35.96
UCOBANK,EQ, 03-Sep-2026,24.39,24.53,25.09,24.53,24.75,24.64,24.81,6948260,1724.01,18167, 2624178, 37.77
UJJIVANSFB,EQ, 03-Sep-2026,63.64,64.25,65.22,62.6,62.9,62.99,63.43,21859923,13865.99,92838, 13105146, 59.95
UNIONBANK,EQ, 03-Sep-2026,186.86,187.5,190.75,186.75,189.0,189.0,189.13,13672026,25857.23,59542, 7005937, 51.24
UTKARSHBNK,EQ, 03-Sep-2026,14.77,14.77,15.1,14.77,14.9,14.89,14.95,5780675,864.11,4371, 3477306, 60.15
YESBANK,EQ, 03-Sep-2026,22.15,22.15,22.54,22.11,22.54,22.54,22.42,57376675,12862.62,72674, 28998272, 50.54
AUBANK,EQ, 04-Sep-2026,1072.0,1071.9,1074.1,1060.4,1065.0,1065.0,1068.57,602949,6442.95,31140, 295430, 49.00
AXISBANK,EQ, 04-Sep-2026,1267.0,1270.3,1280.7,1262.0,1273.0,1273.0,1274.46,3810611,48564.55,61874, 2360804, 61.95
BANDHANBNK,EQ, 04-Sep-2026,164.23,165.11,166.74,164.5,164.95,164.95,165.37,2928918,4843.63,21919, 1446683, 49.39
BANKBARODA,EQ, 04-Sep-2026,240.44,242.37,242.37,239.0,239.0,239.0,240.1,7816984,18768.63,34280, 5188974, 66.38
BANKINDIA,EQ, 04-Sep-2026,145.0,144.8,145.8,144.11,145.0,145.0,145.07,2902558,4210.6,44590, 1331072, 45.86
CANBK,EQ, 04-Sep-2026,125.8,126.3,127.3,125.5,125.5,125.5,126.55,12141084,15365.04,48968, 6873482, 56.61
CAPITALSFB,EQ, 04-Sep-2026,281.85,285.6,285.6,280.1,281.4,280.95,282.81,6864,19.41,402, 4009, 58.41
CENTRALBK,EQ, 04-Sep-2026,30.77,30.85,31.18,30.78,31.1,31.08,31.03,5295221,1643.35,11961, 3177880, 60.01
CSBBANK,EQ, 04-Sep-2026,324.95,325.15,331.65,320.8,329.0,328.55,327.74,658990,2159.77,15607, 314279, 47.69
CUB,EQ, 04-Sep-2026,234.36,234.0,242.9,233.69,235.24,236.01,239.81,2621193,6285.96,44237, 1128650, 43.06
DCBBANK,EQ, 04-Sep-2026,222.2,222.4,223.9,220.2,221.0,220.74,221.67,539992,1196.98,13976, 256899, 47.57
DHANBANK,EQ, 04-Sep-2026,31.72,31.8,32.03,31.69,31.95,31.86,31.87,349043,111.25,1133, 209633, 60.06
EQUITASBNK,EQ, 04-Sep-2026,73.04,73.05,73.99,72.8,73.6,72.95,73.39,534782,392.48,6980, 316827, 59.24
FEDERALBNK,EQ, 04-Sep-2026,344.6,344.9,344.9,341.8,343.0,343.0,343.11,4115397,14120.15,56122, 2557269, 62.14
FINOPB,EQ, 04-Sep-2026,140.23,140.25,142.9,138.5,139.1,139.33,139.86,82299,115.1,1305, 41569, 50.51
HDFCBANK,EQ, 04-Sep-2026,706.65,708.35,716.5,708.35,712.1,712.1,713.56,14488024,103381.46,202544, 8371615, 57.78
ICICIBANK,EQ, 04-Sep-2026,1430.0,1432.1,1438.3,1421.4,1423.2,1423.2,1429.2,6693889,95668.75,100896, 4537805, 67.79
IDBI,EQ, 04-Sep-2026,91.97,92.4,92.4,90.42,90.62,90.63,91.13,5012839,4568.04,21010, 1895746, 37.82
IDFCFIRSTB,EQ, 04-Sep-2026,87.5,87.81,87.98,86.5,86.71,86.71,87.13,15288105,13321.27,52562, 7329344, 47.94
INDIANB,EQ, 04-Sep-2026,888.75,883.05,892.4,879.1,879.7,879.7,885.04,786614,6961.81,22041, 381404, 48.49
INDUSINDBK,EQ, 04-Sep-2026,1004.8,1004.8,1008.6,998.0,1008.5,1008.5,1002.42,1321066,13242.66,25721, 692536, 52.42
IOB,EQ, 04-Sep-2026,33.23,33.31,33.64,33.02,33.5,33.55,33.41,2673908,893.3,10221, 1374189, 51.39
J&KBANK,EQ, 04-Sep-2026,149.86,150.45,152.8,149.05,150.3,150.02,150.99,1883250,2843.46,25100, 902647, 47.93
JSFB,EQ, 04-Sep-2026,534.2,534.2,544.0,524.55,533.0,535.1,535.13,453979,2429.37,12898, 200005, 44.06
KARURVYSYA,EQ, 04-Sep-2026,350.0,354.0,354.0,347.7,349.0,348.85,350.56,955056,3348.09,24176, 493467, 51.67
KOTAKBANK,EQ, 04-Sep-2026,421.15,421.65,425.95,421.65,424.5,424.5,424.06,9408316,39897.33,243194, 6773568, 72.00
KTKBANK,EQ, 04-Sep-2026,339.75,341.0,345.9,338.25,340.0,340.1,341.1,1919012,6545.84,25327, 956412, 49.84
MAHABANK,EQ, 04-Sep-2026,86.32,86.75,86.95,85.7,85.95,85.95,86.45,13802528,11932.77,37453, 6884434, 49.88
PNB,EQ, 04-Sep-2026,116.32,116.9,118.05,116.45,117.0,117.0,117.54,11160741,13118.36,35033, 6196964, 55.52
PSB,EQ, 04-Sep-2026,23.05,23.19,23.45,22.99,23.31,23.23,23.24,1431638,332.65,4731, 706626, 49.36
RBLBANK,EQ, 04-Sep-2026,408.1,409.0,417.05,406.7,414.35,414.35,413.84,7858699,32522.33,86651, 3978361, 50.62
SBIN,EQ, 04-Sep-2026,1023.4,1026.0,1029.2,1016.1,1016.1,1016.1,1021.57,6724566,68696.12,146219, 4178795, 62.14
SOUTHBANK,EQ, 04-Sep-2026,47.7,47.95,48.44,47.14,47.38,47.29,47.67,8819050,4204.19,26264, 3875913, 43.95
SURYODAY,EQ, 04-Sep-2026,153.57,152.6,154.31,151.2,152.75,152.07,152.6,130519,199.17,2120, 49474, 37.91
TMB,EQ, 04-Sep-2026,942.45,949.95,949.95,929.0,935.0,932.45,934.25,131784,1231.19,7872, 62086, 47.11
UCOBANK,EQ, 04-Sep-2026,24.64,24.65,25.02,24.55,24.8,24.78,24.82,5993994,1487.81,13828, 2134107, 35.60
UJJIVANSFB,EQ, 04-Sep-2026,62.99,62.99,64.88,62.9,64.51,64.43,64.19,12168369,7810.74,53653, 6525101, 53.62
UNIONBANK,EQ, 04-Sep-2026,189.0,189.0,189.95,187.05,187.22,187.22,188.31,7910433,14895.79,33032, 3932062, 49.71
UTKARSHBNK,EQ, 04-Sep-2026,14.89,15.0,15.1,14.51,14.59,14.56,14.79,5961768,881.6,5603, 3478123, 58.34
YESBANK,EQ, 04-Sep-2026,22.54,22.47,22.62,22.44,22.5,22.5,22.52,31739702,7149.29,64395, 17317820, 54.56
AUBANK,EQ, 04-Sep-2026,1072.0,1071.9,1074.1,1060.4,1065.0,1065.0,1068.57,602949,6442.95,31140, 295430, 49.00
AXISBANK,EQ, 04-Sep-2026,1267.0,1270.3,1280.7,1262.0,1273.0,1273.0,1274.46,3810611,48564.55,61874, 2360804, 61.95
BANDHANBNK,EQ, 04-Sep-2026,164.23,165.11,166.74,164.5,164.95,164.95,165.37,2928918,4843.63,21919, 1446683, 49.39
BANKBARODA,EQ, 04-Sep-2026,240.44,242.37,242.37,239.0,239.0,239.0,240.1,7816984,18768.63,34280, 5188974, 66.38
BANKINDIA,EQ, 04-Sep-2026,145.0,144.8,145.8,144.11,145.0,145.0,145.07,2902558,4210.6,44590, 1331072, 45.86
CANBK,EQ, 04-Sep-2026,125.8,126.3,127.3,125.5,125.5,125.5,126.55,12141084,15365.04,48968, 6873482, 56.61
CAPITALSFB,EQ, 04-Sep-2026,281.85,285.6,285.6,280.1,281.4,280.95,282.81,6864,19.41,402, 4009, 58.41
CENTRALBK,EQ, 04-Sep-2026,30.77,30.85,31.18,30.78,31.1,31.08,31.03,5295221,1643.35,11961, 3177880, 60.01
CSBBANK,EQ, 04-Sep-2026,324.95,325.15,331.65,320.8,329.0,328.55,327.74,658990,2159.77,15607, 314279, 47.69
CUB,EQ, 04-Sep-2026,234.36,234.0,242.9,233.69,235.24,236.01,239.81,2621193,6285.96,44237, 1128650, 43.06
DCBBANK,EQ, 04-Sep-2026,222.2,222.4,223.9,220.2,221.0,220.74,221.67,539992,1196.98,13976, 256899, 47.57
DHANBANK,EQ, 04-Sep-2026,31.72,31.8,32.03,31.69,31.95,31.86,31.87,349043,111.25,1133, 209633, 60.06
EQUITASBNK,EQ, 04-Sep-2026,73.04,73.05,73.99,72.8,73.6,72.95,73.39,534782,392.48,6980, 316827, 59.24
FEDERALBNK,EQ, 04-Sep-2026,344.6,344.9,344.9,341.8,343.0,343.0,343.11,4115397,14120.15,56122, 2557269, 62.14
FINOPB,EQ, 04-Sep-2026,140.23,140.25,142.9,138.5,139.1,139.33,139.86,82299,115.1,1305, 41569, 50.51
HDFCBANK,EQ, 04-Sep-2026,706.65,708.35,716.5,708.35,712.1,712.1,713.56,14488024,103381.46,202544, 8371615, 57.78
ICICIBANK,EQ, 04-Sep-2026,1430.0,1432.1,1438.3,1421.4,1423.2,1423.2,1429.2,6693889,95668.75,100896, 4537805, 67.79
IDBI,EQ, 04-Sep-2026,91.97,92.4,92.4,90.42,90.62,90.63,91.13,5012839,4568.04,21010, 1895746, 37.82
IDFCFIRSTB,EQ, 04-Sep-2026,87.5,87.81,87.98,86.5,86.71,86.71,87.13,15288105,13321.27,52562, 7329344, 47.94
INDIANB,EQ, 04-Sep-2026,888.75,883.05,892.4,879.1,879.7,879.7,885.04,786614,6961.81,22041, 381404, 48.49
INDUSINDBK,EQ, 04-Sep-2026,1004.8,1004.8,1008.6,998.0,1008.5,1008.5,1002.42,1321066,13242.66,25721, 692536, 52.42
IOB,EQ, 04-Sep-2026,33.23,33.31,33.64,33.02,33.5,33.55,33.41,2673908,893.3,10221, 1374189, 51.39
J&KBANK,EQ, 04-Sep-2026,149.86,150.45,152.8,149.05,150.3,150.02,150.99,1883250,2843.46,25100, 902647, 47.93
JSFB,EQ, 04-Sep-2026,534.2,534.2,544.0,524.55,533.0,535.1,535.13,453979,2429.37,12898, 200005, 44.06
KARURVYSYA,EQ, 04-Sep-2026,350.0,354.0,354.0,347.7,349.0,348.85,350.56,955056,3348.09,24176, 493467, 51.67
KOTAKBANK,EQ, 04-Sep-2026,421.15,421.65,425.95,421.65,424.5,424.5,424.06,9408316,39897.33,243194, 6773568, 72.00
KTKBANK,EQ, 04-Sep-2026,339.75,341.0,345.9,338.25,340.0,340.1,341.1,1919012,6545.84,25327, 956412, 49.84
MAHABANK,EQ, 04-Sep-2026,86.32,86.75,86.95,85.7,85.95,85.95,86.45,13802528,11932.77,37453, 6884434, 49.88
PNB,EQ, 04-Sep-2026,116.32,116.9,118.05,116.45,117.0,117.0,117.54,11160741,13118.36,35033, 6196964, 55.52
PSB,EQ, 04-Sep-2026,23.05,23.19,23.45,22.99,23.31,23.23,23.24,1431638,332.65,4731, 706626, 49.36
RBLBANK,EQ, 04-Sep-2026,408.1,409.0,417.05,406.7,414.35,414.35,413.84,7858699,32522.33,86651, 3978361, 50.62
SBIN,EQ, 04-Sep-2026,1023.4,1026.0,1029.2,1016.1,1016.1,1016.1,1021.57,6724566,68696.12,146219, 4178795, 62.14
SOUTHBANK,EQ, 04-Sep-2026,47.7,47.95,48.44,47.14,47.38,47.29,47.67,8819050,4204.19,26264, 3875913, 43.95
SURYODAY,EQ, 04-Sep-2026,153.57,152.6,154.31,151.2,152.75,152.07,152.6,130519,199.17,2120, 49474, 37.91
TMB,EQ, 04-Sep-2026,942.45,949.95,949.95,929.0,935.0,932.45,934.25,131784,1231.19,7872, 62086, 47.11
UCOBANK,EQ, 04-Sep-2026,24.64,24.65,25.02,24.55,24.8,24.78,24.82,5993994,1487.81,13828, 2134107, 35.60
UJJIVANSFB,EQ, 04-Sep-2026,62.99,62.99,64.88,62.9,64.51,64.43,64.19,12168369,7810.74,53653, 6525101, 53.62
UNIONBANK,EQ, 04-Sep-2026,189.0,189.0,189.95,187.05,187.22,187.22,188.31,7910433,14895.79,33032, 3932062, 49.71
UTKARSHBNK,EQ, 04-Sep-2026,14.89,15.0,15.1,14.51,14.59,14.56,14.79,5961768,881.6,5603, 3478123, 58.34
YESBANK,EQ, 04-Sep-2026,22.54,22.47,22.62,22.44,22.5,22.5,22.52,31739702,7149.29,64395, 17317820, 54.56
AUBANK,EQ, 07-Sep-2026,1065.0,1065.0,1066.8,1046.9,1053.0,1053.0,1056.58,939647,9928.08,48927, 480857, 51.17
AXISBANK,EQ, 07-Sep-2026,1273.0,1271.0,1271.9,1261.6,1266.0,1266.0,1265.93,1592707,20162.51,63527, 961730, 60.38
BANDHANBNK,EQ, 07-Sep-2026,164.95,164.95,166.42,161.67,164.7,164.7,164.09,5204215,8539.45,41263, 1595077, 30.65
BANKBARODA,EQ, 07-Sep-2026,239.0,240.0,240.9,235.2,237.0,237.0,236.9,6824391,16166.71,55052, 3510899, 51.45
BANKINDIA,EQ, 07-Sep-2026,145.0,145.0,145.5,141.44,142.02,142.02,142.37,3604727,5131.97,23297, 1706087, 47.33
CANBK,EQ, 07-Sep-2026,125.5,125.8,126.35,124.0,124.0,124.0,124.54,9628580,11991.72,61835, 5564777, 57.79
CAPITALSFB,EQ, 07-Sep-2026,280.95,285.0,286.5,273.85,278.0,277.9,280.01,38251,107.11,840, 21191, 55.40
CENTRALBK,EQ, 07-Sep-2026,31.08,31.03,31.15,30.8,30.96,30.96,30.94,3821575,1182.39,19451, 2358456, 61.71
CSBBANK,EQ, 07-Sep-2026,328.55,328.4,328.4,318.75,322.85,321.15,322.85,390084,1259.39,14566, 186538, 47.82
CUB,EQ, 07-Sep-2026,236.01,235.5,248.85,234.2,237.6,238.48,242.69,6586154,15984.04,88340, 2018153, 30.64
DCBBANK,EQ, 07-Sep-2026,220.74,220.9,222.99,218.05,221.5,221.31,220.21,877083,1931.43,18133, 402422, 45.88
DHANBANK,EQ, 07-Sep-2026,31.86,31.92,31.99,30.97,31.29,31.36,31.48,691890,217.78,2325, 348533, 50.37
EQUITASBNK,EQ, 07-Sep-2026,72.95,72.95,73.74,72.6,73.21,73.35,73.1,843776,616.84,10504, 437191, 51.81
FEDERALBNK,EQ, 07-Sep-2026,343.0,343.0,343.0,337.6,342.0,342.0,340.66,5174214,17626.72,81193, 2998085, 57.94
FINOPB,EQ, 07-Sep-2026,139.33,139.34,142.69,137.81,138.9,138.9,139.51,187350,261.38,2670, 84450, 45.08
HDFCBANK,EQ, 07-Sep-2026,712.1,712.1,713.0,707.05,710.5,710.5,710.44,12180390,86534.16,190729, 7666610, 62.94
ICICIBANK,EQ, 07-Sep-2026,1423.2,1428.0,1434.4,1422.6,1427.5,1427.5,1426.82,8035111,114646.82,126269, 5190287, 64.60
IDBI,EQ, 07-Sep-2026,90.63,90.0,92.65,89.73,90.94,90.75,91.01,7985304,7267.16,33363, 2462377, 30.84
IDFCFIRSTB,EQ, 07-Sep-2026,86.71,86.29,86.79,85.9,86.44,86.44,86.31,10617041,9163.08,42140, 6434282, 60.60
INDIANB,EQ, 07-Sep-2026,879.7,879.7,883.55,865.4,869.4,869.4,870.26,1005311,8748.87,21366, 574132, 57.11
INDUSINDBK,EQ, 07-Sep-2026,1008.5,1004.1,1017.9,995.0,998.0,998.0,1004.81,1418742,14255.61,52969, 709311, 50.00
IOB,EQ, 07-Sep-2026,33.55,33.55,33.63,33.02,33.06,33.1,33.15,1509216,500.23,7838, 942971, 62.48
J&KBANK,EQ, 07-Sep-2026,150.02,150.09,150.09,146.5,148.29,147.88,147.81,1078053,1593.52,16788, 531593, 49.31
JSFB,EQ, 07-Sep-2026,535.1,533.4,540.05,528.5,539.8,538.5,535.45,358223,1918.12,14370, 182163, 50.85
KARURVYSYA,EQ, 07-Sep-2026,348.85,348.0,351.2,341.0,341.5,341.7,344.91,1235358,4260.86,30389, 697852, 56.49
KOTAKBANK,EQ, 07-Sep-2026,424.5,421.8,425.7,421.0,422.1,422.1,422.93,7148641,30233.75,131582, 4731381, 66.19
KTKBANK,EQ, 07-Sep-2026,340.1,339.6,340.0,332.6,333.3,333.6,334.8,1114008,3729.69,16581, 627559, 56.33
MAHABANK,EQ, 07-Sep-2026,85.95,86.1,87.5,84.7,85.0,85.0,85.57,12286857,10514.44,40997, 5387575, 43.85
PNB,EQ, 07-Sep-2026,117.0,116.41,117.17,115.55,115.6,115.6,116.13,11062919,12846.85,35900, 6013467, 54.36
PSB,EQ, 07-Sep-2026,23.23,23.23,23.25,22.92,22.96,22.98,23.03,658224,151.6,2398, 355773, 54.05
RBLBANK,EQ, 07-Sep-2026,414.35,416.0,418.25,407.85,415.0,415.0,413.62,3484526,14412.86,64259, 1463384, 42.00
SBIN,EQ, 07-Sep-2026,1016.1,1020.8,1021.7,1000.6,1005.9,1005.9,1006.17,10220001,102830.99,261914, 6640215, 64.97
SOUTHBANK,EQ, 07-Sep-2026,47.29,47.3,47.67,46.5,46.59,46.54,46.85,4949017,2318.45,20179, 2673674, 54.02
SURYODAY,EQ, 07-Sep-2026,152.07,152.97,153.12,150.73,153.0,152.21,151.94,203120,308.62,3807, 94150, 46.35
TMB,EQ, 07-Sep-2026,932.45,942.9,954.2,930.15,934.85,936.45,941.5,148519,1398.31,13433, 67504, 45.45
UCOBANK,EQ, 07-Sep-2026,24.78,24.75,24.9,24.32,24.45,24.42,24.56,4573497,1123.36,14196, 2585250, 56.53
UJJIVANSFB,EQ, 07-Sep-2026,64.43,64.51,65.4,63.56,64.96,65.09,64.54,9339056,6027.21,38329, 4829330, 51.71
UNIONBANK,EQ, 07-Sep-2026,187.22,186.5,188.45,183.2,186.04,186.04,184.33,12010754,22139.09,44740, 6662507, 55.47
UTKARSHBNK,EQ, 07-Sep-2026,14.56,14.64,15.1,14.4,15.02,15.03,14.89,8467823,1260.61,8240, 3961492, 46.78
YESBANK,EQ, 07-Sep-2026,22.5,22.44,22.59,22.28,22.42,22.42,22.38,33364009,7466.4,68684, 17070926, 51.17
AUBANK,EQ, 08-Sep-2026,1053.0,1055.7,1074.8,1051.4,1073.7,1073.7,1066.52,1353347,14433.71,55607, 796375, 58.84
AXISBANK,EQ, 08-Sep-2026,1266.0,1262.8,1264.9,1239.5,1244.9,1244.9,1246.28,3623260,45155.9,122762, 2177686, 60.10
BANDHANBNK,EQ, 08-Sep-2026,164.7,165.95,172.4,163.3,171.58,171.58,170.0,20828794,35408.99,85548, 8173367, 39.24
BANKBARODA,EQ, 08-Sep-2026,237.0,236.8,237.7,234.54,236.6,236.6,235.47,7992697,18820.67,44341, 5092327, 63.71
BANKINDIA,EQ, 08-Sep-2026,142.02,142.04,142.39,139.73,140.86,140.86,140.84,4588957,6463.29,25394, 2242100, 48.86
CANBK,EQ, 08-Sep-2026,124.0,124.02,124.84,123.85,124.68,124.68,124.35,8644820,10749.43,45902, 4566102, 52.82
CAPITALSFB,EQ, 08-Sep-2026,277.9,281.95,281.95,275.0,279.0,277.0,277.64,23273,64.61,627, 16420, 70.55
CENTRALBK,EQ, 08-Sep-2026,30.96,30.96,31.04,30.78,30.91,30.96,30.91,3623098,1120.01,14755, 2114729, 58.37
CSBBANK,EQ, 08-Sep-2026,321.15,323.0,323.0,311.15,313.0,312.85,315.11,635441,2002.35,15909, 330524, 52.01
CUB,EQ, 08-Sep-2026,238.48,238.6,239.17,232.16,234.18,232.97,235.11,1107925,2604.84,22524, 449732, 40.59
DCBBANK,EQ, 08-Sep-2026,221.31,221.0,234.8,219.91,229.6,229.55,230.77,6352270,14658.86,70351, 2311611, 36.39
DHANBANK,EQ, 08-Sep-2026,31.36,31.36,31.42,30.95,31.29,31.11,31.15,342786,106.77,1833, 198629, 57.95
EQUITASBNK,EQ, 08-Sep-2026,73.35,73.2,73.22,72.3,72.5,72.54,72.59,1142583,829.36,10592, 663685, 58.09
FEDERALBNK,EQ, 08-Sep-2026,342.0,343.05,345.9,341.45,344.15,344.15,344.07,3571930,12289.78,55345, 2198515, 61.55
FINOPB,EQ, 08-Sep-2026,138.9,137.71,142.37,137.5,140.0,139.97,140.55,223021,313.45,3473, 70404, 31.57
HDFCBANK,EQ, 08-Sep-2026,710.5,707.1,708.9,703.0,703.0,703.0,704.77,19883515,140133.51,248573, 13264353, 66.71
ICICIBANK,EQ, 08-Sep-2026,1427.5,1424.0,1424.9,1396.3,1399.4,1399.4,1403.1,12123411,170103.03,385562, 8057952, 66.47
IDBI,EQ, 08-Sep-2026,90.75,91.3,92.0,79.05,81.22,81.11,82.81,69073713,57198.69,173209, 21605088, 31.28
IDFCFIRSTB,EQ, 08-Sep-2026,86.44,86.44,87.1,86.02,86.5,86.5,86.71,11728338,10169.26,45304, 6749929, 57.55
INDIANB,EQ, 08-Sep-2026,869.4,868.5,868.9,855.15,859.9,859.9,860.5,1120827,9644.67,27491, 620231, 55.34
INDUSINDBK,EQ, 08-Sep-2026,998.0,991.6,1004.7,988.3,997.7,997.7,997.07,1055105,10520.15,35795, 696878, 66.05
IOB,EQ, 08-Sep-2026,33.1,33.1,33.45,32.9,33.4,33.34,33.22,1397088,464.06,8215, 605539, 43.34
J&KBANK,EQ, 08-Sep-2026,147.88,147.88,148.5,145.8,147.0,147.03,146.92,1322470,1942.96,14162, 626264, 47.36
JSFB,EQ, 08-Sep-2026,538.5,540.6,547.45,536.65,538.6,539.8,541.82,181108,981.27,7938, 72957, 40.28
KARURVYSYA,EQ, 08-Sep-2026,341.7,341.6,343.65,334.8,340.5,341.15,339.35,1450597,4922.55,30725, 640505, 44.15
KOTAKBANK,EQ, 08-Sep-2026,422.1,422.3,423.85,419.0,419.25,419.25,421.33,12406799,52274.13,101709, 8702051, 70.14
KTKBANK,EQ, 08-Sep-2026,333.6,333.6,335.7,328.0,334.5,334.25,332.75,2015693,6707.19,23565, 1411375, 70.02
MAHABANK,EQ, 08-Sep-2026,85.0,84.55,85.9,84.0,84.79,84.79,84.93,10148334,8619.05,33292, 4215987, 41.54
PNB,EQ, 08-Sep-2026,115.6,115.75,116.68,114.95,116.0,116.0,116.24,11972532,13916.72,37363, 7189336, 60.05
PSB,EQ, 08-Sep-2026,22.98,22.9,23.01,22.77,22.86,22.86,22.87,519212,118.73,2445, 297532, 57.30
RBLBANK,EQ, 08-Sep-2026,415.0,413.0,419.1,413.0,418.5,418.5,417.29,1994199,8321.51,30498, 1013882, 50.84
SBIN,EQ, 08-Sep-2026,1005.9,1004.9,1011.2,1002.1,1008.0,1008.0,1007.67,7084768,71390.95,148960, 4307989, 60.81
SOUTHBANK,EQ, 08-Sep-2026,46.54,46.6,46.99,46.4,46.87,46.82,46.69,4494492,2098.28,15350, 1941079, 43.19
SURYODAY,EQ, 08-Sep-2026,152.21,151.22,157.17,151.22,155.88,154.86,155.15,270869,420.26,6096, 142220, 52.51
TMB,EQ, 08-Sep-2026,936.45,936.45,936.8,920.15,929.9,926.8,926.37,66320,614.37,6516, 33777, 50.93
UCOBANK,EQ, 08-Sep-2026,24.42,24.42,24.45,24.14,24.2,24.18,24.27,3477238,843.87,10943, 1954037, 56.20
UJJIVANSFB,EQ, 08-Sep-2026,65.09,64.93,65.47,63.71,64.86,64.86,64.71,8048113,5207.96,30227, 3325500, 41.32
UNIONBANK,EQ, 08-Sep-2026,186.04,184.41,185.15,181.4,183.22,183.22,183.04,5714683,10460.28,32895, 2762742, 48.34
UTKARSHBNK,EQ, 08-Sep-2026,15.03,15.29,16.49,14.94,15.64,15.69,15.87,102828979,16318.45,302906, 26118216, 25.40
YESBANK,EQ, 08-Sep-2026,22.42,22.44,22.57,22.38,22.52,22.52,22.47,38612501,8674.6,95215, 19765861, 51.19
AUBANK,EQ, 09-Sep-2026,1073.7,1070.9,1077.9,1060.5,1060.5,1060.5,1068.62,1294481,13833.03,72887, 823194, 63.59
AXISBANK,EQ, 09-Sep-2026,1244.9,1236.0,1257.4,1234.7,1238.5,1238.5,1243.19,6679663,83041.07,98429, 4863901, 72.82
BANDHANBNK,EQ, 09-Sep-2026,171.58,170.6,174.96,168.65,171.7,171.7,172.25,11130322,19172.0,50804, 3587804, 32.23
BANKBARODA,EQ, 09-Sep-2026,236.6,236.65,237.15,234.05,234.1,234.1,235.38,14888061,35043.41,66521, 9437518, 63.39
BANKINDIA,EQ, 09-Sep-2026,140.86,140.38,142.45,139.8,141.06,141.06,141.18,6061098,8557.18,29422, 2941666, 48.53
CANBK,EQ, 09-Sep-2026,124.68,124.42,125.38,124.04,124.08,124.08,124.72,9338510,11647.45,48799, 4721080, 50.55
CAPITALSFB,EQ, 09-Sep-2026,277.0,280.0,280.95,276.45,280.15,279.4,279.06,14170,39.54,754, 9471, 66.84
CENTRALBK,EQ, 09-Sep-2026,30.96,30.78,30.88,30.54,30.6,30.58,30.69,4467951,1371.07,15966, 2485080, 55.62
CSBBANK,EQ, 09-Sep-2026,312.85,314.9,315.9,306.2,315.0,311.1,309.8,1000771,3100.42,28250, 550414, 55.00
CUB,EQ, 09-Sep-2026,232.97,232.95,235.57,230.23,232.0,231.67,232.34,1015686,2359.87,20295, 357093, 35.16
DCBBANK,EQ, 09-Sep-2026,229.55,229.0,231.96,224.95,228.77,228.1,228.34,2269401,5181.91,27295, 615429, 27.12
DHANBANK,EQ, 09-Sep-2026,31.11,31.11,31.12,30.5,30.6,30.68,30.7,304141,93.38,1816, 175914, 57.84
EQUITASBNK,EQ, 09-Sep-2026,72.54,72.52,73.0,71.03,72.7,72.7,72.05,1781588,1283.68,13768, 863962, 48.49
FEDERALBNK,EQ, 09-Sep-2026,344.15,341.5,345.0,341.5,345.0,345.0,343.96,3903520,13426.66,62116, 2641296, 67.66
FINOPB,EQ, 09-Sep-2026,139.97,138.57,140.0,137.1,137.1,137.64,138.39,105045,145.37,1652, 36635, 34.88
HDFCBANK,EQ, 09-Sep-2026,703.0,698.0,700.0,687.1,687.1,687.1,693.47,39173990,271661.63,525234, 26163697, 66.79
ICICIBANK,EQ, 09-Sep-2026,1399.4,1395.9,1402.5,1385.5,1389.1,1389.1,1392.76,14229080,198176.81,151758, 10068827, 70.76
IDBI,EQ, 09-Sep-2026,81.11,81.4,83.47,80.12,81.0,81.56,81.92,22159103,18153.79,65770, 6209986, 28.02
IDFCFIRSTB,EQ, 09-Sep-2026,86.5,86.48,86.95,85.9,86.0,86.0,86.42,20235616,17487.47,79631, 12505691, 61.80
INDIANB,EQ, 09-Sep-2026,859.9,858.95,866.7,850.55,856.65,856.65,857.61,1463841,12553.99,24025, 800175, 54.66
INDUSINDBK,EQ, 09-Sep-2026,997.7,994.0,1010.0,994.0,1004.0,1004.0,1003.19,996411,9995.85,27015, 583524, 58.56
IOB,EQ, 09-Sep-2026,33.34,33.43,33.43,32.92,33.0,32.98,33.09,1407092,465.57,7882, 606626, 43.11
J&KBANK,EQ, 09-Sep-2026,147.03,147.88,147.88,145.0,146.0,145.81,146.04,1426459,2083.19,22225, 605302, 42.43
JSFB,EQ, 09-Sep-2026,539.8,540.0,542.25,528.7,532.2,533.95,536.0,268255,1437.84,11265, 132055, 49.23
KARURVYSYA,EQ, 09-Sep-2026,341.15,342.4,343.8,337.8,340.45,340.6,340.9,847197,2888.12,19831, 416511, 49.16
KOTAKBANK,EQ, 09-Sep-2026,419.25,418.2,420.65,413.95,414.0,414.0,415.44,10886349,45226.21,109701, 7391047, 67.89
KTKBANK,EQ, 09-Sep-2026,334.25,334.2,335.7,330.0,330.7,331.25,332.45,1849893,6149.92,16576, 1318989, 71.30
MAHABANK,EQ, 09-Sep-2026,84.79,84.78,84.8,83.6,84.56,84.56,84.2,11713367,9862.11,31038, 5183571, 44.25
PNB,EQ, 09-Sep-2026,116.0,115.25,117.0,115.25,115.61,115.61,116.39,11691129,13607.57,32806, 6127407, 52.41
PSB,EQ, 09-Sep-2026,22.86,22.86,22.88,22.6,22.65,22.64,22.7,610285,138.55,2877, 388253, 63.62
RBLBANK,EQ, 09-Sep-2026,418.5,415.3,420.4,414.7,416.0,416.0,417.83,3908840,16332.38,44022, 2275371, 58.21
SBIN,EQ, 09-Sep-2026,1008.0,999.0,1012.2,992.4,1000.5,1000.5,1004.94,7091386,71263.96,168692, 3766503, 53.11
SOUTHBANK,EQ, 09-Sep-2026,46.82,46.51,46.96,46.14,46.5,46.41,46.49,8187411,3806.56,23902, 3671541, 44.84
SURYODAY,EQ, 09-Sep-2026,154.86,155.0,155.5,152.1,153.05,153.42,153.25,151992,232.93,3116, 78410, 51.59
TMB,EQ, 09-Sep-2026,926.8,920.0,929.6,916.1,920.0,922.25,922.65,68604,632.98,5825, 35007, 51.03
UCOBANK,EQ, 09-Sep-2026,24.18,24.14,24.24,23.93,24.0,23.98,24.06,4455335,1071.88,14754, 2148562, 48.22
UJJIVANSFB,EQ, 09-Sep-2026,64.86,64.28,65.09,63.68,64.37,64.12,64.32,14563305,9367.35,37222, 6353675, 43.63
UNIONBANK,EQ, 09-Sep-2026,183.22,181.75,183.89,180.82,183.89,183.89,182.6,7080822,12929.36,28663, 3150525, 44.49
UTKARSHBNK,EQ, 09-Sep-2026,15.69,15.41,16.48,15.21,16.0,15.9,15.83,50487332,7994.5,91311, 16834954, 33.34
YESBANK,EQ, 09-Sep-2026,22.52,22.45,22.58,22.37,22.42,22.42,22.49,38540281,8665.84,58987, 21762071, 56.47
AUBANK,EQ, 10-Sep-2026,1060.5,1058.9,1062.0,1047.2,1054.7,1054.7,1055.41,1126434,11888.53,30554, 619517, 55.00
AXISBANK,EQ, 10-Sep-2026,1238.5,1242.1,1255.2,1240.4,1246.0,1246.0,1248.26,4150654,51810.79,89773, 2693612, 64.90
BANDHANBNK,EQ, 10-Sep-2026,171.7,171.9,174.01,169.41,174.0,174.0,171.56,11859976,20346.39,52038, 6617128, 55.79
BANKBARODA,EQ, 10-Sep-2026,234.1,235.0,239.46,234.84,237.62,237.62,237.78,8949331,21280.15,64591, 4288606, 47.92
BANKINDIA,EQ, 10-Sep-2026,141.06,141.3,142.72,140.0,141.0,141.0,141.29,5321538,7519.03,19512, 2441569, 45.88
CANBK,EQ, 10-Sep-2026,124.08,124.0,127.6,123.7,124.6,124.6,125.66,22002938,27648.48,75982, 6617361, 30.07
CAPITALSFB,EQ, 10-Sep-2026,279.4,283.3,283.3,270.6,272.9,272.15,274.65,22130,60.78,729, 15362, 69.42
CENTRALBK,EQ, 10-Sep-2026,30.58,30.6,31.23,30.53,30.85,30.82,30.89,5496244,1697.64,17620, 2790320, 50.77
CSBBANK,EQ, 10-Sep-2026,311.1,314.9,315.7,306.55,307.8,307.6,310.45,353998,1098.99,15793, 155990, 44.07
CUB,EQ, 10-Sep-2026,231.67,232.0,232.99,224.95,226.3,226.45,229.19,1464969,3357.57,30818, 760336, 51.90
DCBBANK,EQ, 10-Sep-2026,228.1,227.95,229.79,225.79,226.99,227.13,226.94,925685,2100.71,17543, 471226, 50.91
DHANBANK,EQ, 10-Sep-2026,30.68,30.35,31.07,30.35,30.8,30.73,30.8,221381,68.19,1456, 119427, 53.95
EQUITASBNK,EQ, 10-Sep-2026,72.7,72.9,73.35,71.96,72.05,72.63,72.41,1259639,912.12,10614, 627791, 49.84
FEDERALBNK,EQ, 10-Sep-2026,345.0,343.85,347.05,343.75,346.0,346.0,345.38,5314983,18357.1,49963, 3216432, 60.52
FINOPB,EQ, 10-Sep-2026,137.64,137.9,141.54,137.41,139.65,139.95,139.73,463691,647.93,5734, 85654, 18.47
HDFCBANK,EQ, 10-Sep-2026,687.1,687.1,694.5,686.2,693.8,693.8,690.29,27108053,187125.4,435920, 17074185, 62.99
ICICIBANK,EQ, 10-Sep-2026,1389.1,1385.9,1393.0,1373.9,1384.5,1384.5,1381.8,10580641,146203.37,154389, 7526499, 71.13
IDBI,EQ, 10-Sep-2026,81.56,81.6,82.39,80.96,81.5,81.62,81.87,8241363,6747.1,32091, 3069361, 37.24
IDFCFIRSTB,EQ, 10-Sep-2026,86.0,86.0,87.4,85.82,86.84,86.84,86.8,14637414,12705.35,44427, 7204247, 49.22
INDIANB,EQ, 10-Sep-2026,856.65,859.5,869.85,850.6,856.5,856.5,858.76,1181088,10142.67,28389, 525426, 44.49
INDUSINDBK,EQ, 10-Sep-2026,1004.0,1001.9,1002.7,986.7,993.3,993.3,992.61,972483,9653.01,25783, 491344, 50.52
IOB,EQ, 10-Sep-2026,32.98,33.0,33.24,32.77,32.93,32.86,32.94,1617716,532.91,8376, 638557, 39.47
J&KBANK,EQ, 10-Sep-2026,145.81,145.19,147.29,144.76,146.49,145.77,145.81,1192519,1738.78,17567, 504962, 42.34
JSFB,EQ, 10-Sep-2026,533.95,525.0,534.4,508.6,517.9,514.75,520.26,348693,1814.11,12709, 184754, 52.98
KARURVYSYA,EQ, 10-Sep-2026,340.6,337.25,340.0,334.5,335.4,335.3,336.63,979196,3296.27,24604, 536909, 54.83
KOTAKBANK,EQ, 10-Sep-2026,414.0,413.7,416.55,412.8,416.55,416.55,414.39,7755254,32137.07,81217, 4998529, 64.45
KTKBANK,EQ, 10-Sep-2026,331.25,331.25,336.05,329.6,332.05,332.55,332.53,1448556,4816.88,18147, 846635, 58.45
MAHABANK,EQ, 10-Sep-2026,84.56,84.56,86.25,83.75,84.35,84.35,85.2,15415768,13134.42,43373, 6066403, 39.35
PNB,EQ, 10-Sep-2026,115.61,115.5,118.2,115.47,116.85,116.85,117.26,18231772,21379.16,61005, 7520597, 41.25
PSB,EQ, 10-Sep-2026,22.64,22.6,22.81,22.46,22.74,22.6,22.59,1124783,254.1,3463, 544998, 48.45
RBLBANK,EQ, 10-Sep-2026,416.0,413.0,417.2,409.05,410.8,410.8,411.34,2711005,11151.39,22725, 1364327, 50.33
SBIN,EQ, 10-Sep-2026,1000.5,1002.0,1011.9,1001.0,1009.7,1009.7,1006.66,5504031,55406.63,84121, 2251291, 40.90
SOUTHBANK,EQ, 10-Sep-2026,46.41,46.48,46.48,45.76,46.19,46.08,46.03,5591541,2573.83,21816, 2583705, 46.21
SURYODAY,EQ, 10-Sep-2026,153.42,153.0,153.9,150.5,151.1,151.06,151.85,132570,201.3,2687, 72954, 55.03
TMB,EQ, 10-Sep-2026,922.25,927.0,928.45,918.5,920.6,923.65,923.36,51371,474.34,4582, 22000, 42.83
UCOBANK,EQ, 10-Sep-2026,23.98,23.99,24.2,23.76,23.99,23.93,23.97,3531333,846.51,15182, 1564540, 44.30
UJJIVANSFB,EQ, 10-Sep-2026,64.12,64.85,66.73,64.05,66.6,66.52,65.97,14339627,9460.52,48242, 6608492, 46.09
UNIONBANK,EQ, 10-Sep-2026,183.89,182.69,184.44,177.62,179.2,179.2,180.78,8544176,15446.42,42953, 3449496, 40.37
UTKARSHBNK,EQ, 10-Sep-2026,15.9,15.75,15.9,14.01,14.7,14.8,14.74,53894436,7945.95,61234, 17667380, 32.78
YESBANK,EQ, 10-Sep-2026,22.42,22.4,22.48,22.24,22.3,22.3,22.35,47990386,10724.23,54449, 21175893, 44.13
AUBANK,EQ, 11-Sep-2026,1054.7,1052.0,1061.2,1033.2,1058.9,1058.9,1048.81,1058773,11104.52,29111, 430085, 47.94
AXISBANK,EQ, 11-Sep-2026,1246.0,1237.9,1252.8,1229.8,1246.0,1246.0,1245.38,4562285,56817.78,137530, 2301302, 57.75
BANDHANBNK,EQ, 11-Sep-2026,174.0,171.75,178.54,170.85,176.52,176.52,175.98,25334991,44584.09,72248, 13889255, 57.58
BANKBARODA,EQ, 11-Sep-2026,237.62,235.35,238.13,234.3,238.13,238.13,236.51,7018275,16598.58,46127, 3327556, 52.12
BANKINDIA,EQ, 11-Sep-2026,141.0,140.0,140.1,137.26,140.0,140.0,139.19,4385344,6103.84,21988, 1249377, 36.27
CANBK,EQ, 11-Sep-2026,124.6,124.0,124.06,122.65,124.0,124.0,123.48,11131129,13744.45,55216, 4228737, 44.87
CAPITALSFB,EQ, 11-Sep-2026,272.15,272.0,274.95,269.6,271.2,271.35,271.89,13631,37.06,535, 4665, 65.55
CENTRALBK,EQ, 11-Sep-2026,30.82,30.79,30.82,30.45,30.82,30.74,30.68,3617142,1109.71,16090, 1599167, 51.29
CSBBANK,EQ, 11-Sep-2026,307.6,307.5,307.75,304.0,305.0,305.7,305.78,303520,928.1,15509, 94793, 53.96
CUB,EQ, 11-Sep-2026,226.45,225.9,231.85,223.69,227.9,227.32,229.2,1628700,3732.96,28356, 407975, 28.60
DCBBANK,EQ, 11-Sep-2026,227.13,225.0,226.99,223.41,226.75,226.37,225.25,1245963,2806.48,22034, 724370, 61.78
DHANBANK,EQ, 11-Sep-2026,30.73,30.68,31.5,30.15,31.0,31.15,30.74,372461,114.48,1878, 170893, 66.00
EQUITASBNK,EQ, 11-Sep-2026,72.63,71.71,73.75,71.3,73.67,73.15,72.65,1535970,1115.88,11745, 684498, 64.19
FEDERALBNK,EQ, 11-Sep-2026,346.0,343.0,345.3,341.15,344.5,344.5,343.46,3188640,10951.58,36376, 1478750, 56.28
FINOPB,EQ, 11-Sep-2026,139.95,140.5,141.78,137.21,139.99,139.83,139.05,229846,319.61,3056, 82274, 42.01
HDFCBANK,EQ, 11-Sep-2026,693.8,683.9,709.0,681.9,708.25,708.25,693.3,31411934,217779.65,414216, 13408691, 47.31
ICICIBANK,EQ, 11-Sep-2026,1384.5,1371.6,1389.0,1367.6,1379.3,1379.3,1379.59,7064417,97460.3,119432, 4097434, 63.26
IDBI,EQ, 11-Sep-2026,81.62,81.21,84.2,80.62,83.55,83.43,83.33,22126952,18438.76,75406, 5652926, 27.46
IDFCFIRSTB,EQ, 11-Sep-2026,86.84,86.2,86.73,85.41,86.21,86.21,86.19,13937814,12013.52,55542, 7603413, 61.64
INDIANB,EQ, 11-Sep-2026,856.5,848.95,859.7,835.0,853.5,853.5,851.0,1579708,13443.3,35187, 661319, 48.98
INDUSINDBK,EQ, 11-Sep-2026,993.3,988.7,988.7,972.3,978.2,978.2,977.36,2504608,24479.06,45296, 1435961, 62.44
IOB,EQ, 11-Sep-2026,32.86,32.7,33.14,32.54,33.11,33.07,32.96,1926531,634.97,9736, 926434, 55.46
J&KBANK,EQ, 11-Sep-2026,145.77,145.2,146.65,142.8,145.69,145.27,144.91,1131898,1640.28,18489, 459749, 43.44
JSFB,EQ, 11-Sep-2026,514.75,510.0,520.65,484.85,518.5,516.85,501.39,1255413,6294.47,44639, 411785, 35.04
KARURVYSYA,EQ, 11-Sep-2026,335.3,336.05,336.05,330.45,335.4,333.8,333.06,987355,3288.5,33169, 370115, 48.49
KOTAKBANK,EQ, 11-Sep-2026,416.55,412.6,420.0,409.25,419.0,419.0,415.61,15197483,63162.4,144629, 9203380, 68.41
KTKBANK,EQ, 11-Sep-2026,332.55,328.5,330.4,322.5,327.0,325.35,325.75,2126968,6928.62,26575, 780636, 51.24
MAHABANK,EQ, 11-Sep-2026,84.35,83.8,84.9,83.05,84.2,84.2,84.0,21676225,18207.07,55078, 10542258, 54.08
PNB,EQ, 11-Sep-2026,116.85,116.0,117.79,114.52,116.75,116.75,116.76,11479971,13404.39,54824, 4131961, 42.30
PSB,EQ, 11-Sep-2026,22.6,22.58,22.79,22.34,22.78,22.73,22.58,684511,154.56,2264, 311260, 53.54
RBLBANK,EQ, 11-Sep-2026,410.8,408.0,416.5,406.0,412.55,412.55,410.76,3209425,13182.96,29216, 1622665, 54.34
SBIN,EQ, 11-Sep-2026,1009.7,1000.0,1001.9,993.0,995.7,995.7,996.57,7771109,77444.7,168958, 3903299, 53.86
SOUTHBANK,EQ, 11-Sep-2026,46.08,45.6,46.47,45.18,46.18,46.18,46.05,5755589,2650.56,23365, 2045681, 38.01
SURYODAY,EQ, 11-Sep-2026,151.06,149.5,150.0,146.75,147.2,148.05,147.83,400335,591.82,3926, 213615, 65.53
TMB,EQ, 11-Sep-2026,923.65,918.0,920.0,904.0,909.75,910.9,910.13,89596,815.44,6061, 43840, 59.69
UCOBANK,EQ, 11-Sep-2026,23.93,23.7,24.17,23.59,24.1,24.12,23.97,5092337,1220.55,14205, 2193886, 45.74
UJJIVANSFB,EQ, 11-Sep-2026,66.52,65.9,66.08,64.7,65.8,65.54,65.4,9596521,6276.05,33368, 4333663, 49.91
UNIONBANK,EQ, 11-Sep-2026,179.2,177.1,179.65,175.53,178.1,178.1,177.9,7422504,13204.47,37658, 3472085, 52.61
UTKARSHBNK,EQ, 11-Sep-2026,14.8,14.76,14.76,14.29,14.54,14.52,14.46,14252337,2061.53,11560, 5421620, 43.73
YESBANK,EQ, 11-Sep-2026,22.3,22.23,23.95,22.07,23.48,23.48,23.3,234792571,54699.71,140132, 83884755, 38.64
AUBANK,EQ, 11-Sep-2026,1054.7,1052.0,1061.2,1033.2,1058.9,1058.9,1048.81,1058773,11104.52,29111, 430085, 47.94
AXISBANK,EQ, 11-Sep-2026,1246.0,1237.9,1252.8,1229.8,1246.0,1246.0,1245.38,4562285,56817.78,137530, 2301302, 57.75
BANDHANBNK,EQ, 11-Sep-2026,174.0,171.75,178.54,170.85,176.52,176.52,175.98,25334991,44584.09,72248, 13889255, 57.58
BANKBARODA,EQ, 11-Sep-2026,237.62,235.35,238.13,234.3,238.13,238.13,236.51,7018275,16598.58,46127, 3327556, 52.12
BANKINDIA,EQ, 11-Sep-2026,141.0,140.0,140.1,137.26,140.0,140.0,139.19,4385344,6103.84,21988, 1249377, 36.27
CANBK,EQ, 11-Sep-2026,124.6,124.0,124.06,122.65,124.0,124.0,123.48,11131129,13744.45,55216, 4228737, 44.87
CAPITALSFB,EQ, 11-Sep-2026,272.15,272.0,274.95,269.6,271.2,271.35,271.89,13631,37.06,535, 4665, 65.55
CENTRALBK,EQ, 11-Sep-2026,30.82,30.79,30.82,30.45,30.82,30.74,30.68,3617142,1109.71,16090, 1599167, 51.29
CSBBANK,EQ, 11-Sep-2026,307.6,307.5,307.75,304.0,305.0,305.7,305.78,303520,928.1,15509, 94793, 53.96
CUB,EQ, 11-Sep-2026,226.45,225.9,231.85,223.69,227.9,227.32,229.2,1628700,3732.96,28356, 407975, 28.60
DCBBANK,EQ, 11-Sep-2026,227.13,225.0,226.99,223.41,226.75,226.37,225.25,1245963,2806.48,22034, 724370, 61.78
DHANBANK,EQ, 11-Sep-2026,30.73,30.68,31.5,30.15,31.0,31.15,30.74,372461,114.48,1878, 170893, 66.00
EQUITASBNK,EQ, 11-Sep-2026,72.63,71.71,73.75,71.3,73.67,73.15,72.65,1535970,1115.88,11745, 684498, 64.19
FEDERALBNK,EQ, 11-Sep-2026,346.0,343.0,345.3,341.15,344.5,344.5,343.46,3188640,10951.58,36376, 1478750, 56.28
FINOPB,EQ, 11-Sep-2026,139.95,140.5,141.78,137.21,139.99,139.83,139.05,229846,319.61,3056, 82274, 42.01
HDFCBANK,EQ, 11-Sep-2026,693.8,683.9,709.0,681.9,708.25,708.25,693.3,31411934,217779.65,414216, 13408691, 47.31
ICICIBANK,EQ, 11-Sep-2026,1384.5,1371.6,1389.0,1367.6,1379.3,1379.3,1379.59,7064417,97460.3,119432, 4097434, 63.26
IDBI,EQ, 11-Sep-2026,81.62,81.21,84.2,80.62,83.55,83.43,83.33,22126952,18438.76,75406, 5652926, 27.46
IDFCFIRSTB,EQ, 11-Sep-2026,86.84,86.2,86.73,85.41,86.21,86.21,86.19,13937814,12013.52,55542, 7603413, 61.64
INDIANB,EQ, 11-Sep-2026,856.5,848.95,859.7,835.0,853.5,853.5,851.0,1579708,13443.3,35187, 661319, 48.98
INDUSINDBK,EQ, 11-Sep-2026,993.3,988.7,988.7,972.3,978.2,978.2,977.36,2504608,24479.06,45296, 1435961, 62.44
IOB,EQ, 11-Sep-2026,32.86,32.7,33.14,32.54,33.11,33.07,32.96,1926531,634.97,9736, 926434, 55.46
J&KBANK,EQ, 11-Sep-2026,145.77,145.2,146.65,142.8,145.69,145.27,144.91,1131898,1640.28,18489, 459749, 43.44
JSFB,EQ, 11-Sep-2026,514.75,510.0,520.65,484.85,518.5,516.85,501.39,1255413,6294.47,44639, 411785, 35.04
KARURVYSYA,EQ, 11-Sep-2026,335.3,336.05,336.05,330.45,335.4,333.8,333.06,987355,3288.5,33169, 370115, 48.49
KOTAKBANK,EQ, 11-Sep-2026,416.55,412.6,420.0,409.25,419.0,419.0,415.61,15197483,63162.4,144629, 9203380, 68.41
KTKBANK,EQ, 11-Sep-2026,332.55,328.5,330.4,322.5,327.0,325.35,325.75,2126968,6928.62,26575, 780636, 51.24
MAHABANK,EQ, 11-Sep-2026,84.35,83.8,84.9,83.05,84.2,84.2,84.0,21676225,18207.07,55078, 10542258, 54.08
PNB,EQ, 11-Sep-2026,116.85,116.0,117.79,114.52,116.75,116.75,116.76,11479971,13404.39,54824, 4131961, 42.30
PSB,EQ, 11-Sep-2026,22.6,22.58,22.79,22.34,22.78,22.73,22.58,684511,154.56,2264, 311260, 53.54
RBLBANK,EQ, 11-Sep-2026,410.8,408.0,416.5,406.0,412.55,412.55,410.76,3209425,13182.96,29216, 1622665, 54.34
SBIN,EQ, 11-Sep-2026,1009.7,1000.0,1001.9,993.0,995.7,995.7,996.57,7771109,77444.7,168958, 3903299, 53.86
SOUTHBANK,EQ, 11-Sep-2026,46.08,45.6,46.47,45.18,46.18,46.18,46.05,5755589,2650.56,23365, 2045681, 38.01
SURYODAY,EQ, 11-Sep-2026,151.06,149.5,150.0,146.75,147.2,148.05,147.83,400335,591.82,3926, 213615, 65.53
TMB,EQ, 11-Sep-2026,923.65,918.0,920.0,904.0,909.75,910.9,910.13,89596,815.44,6061, 43840, 59.69
UCOBANK,EQ, 11-Sep-2026,23.93,23.7,24.17,23.59,24.1,24.12,23.97,5092337,1220.55,14205, 2193886, 45.74
UJJIVANSFB,EQ, 11-Sep-2026,66.52,65.9,66.08,64.7,65.8,65.54,65.4,9596521,6276.05,33368, 4333663, 49.91
UNIONBANK,EQ, 11-Sep-2026,179.2,177.1,179.65,175.53,178.1,178.1,177.9,7422504,13204.47,37658, 3472085, 52.61
UTKARSHBNK,EQ, 11-Sep-2026,14.8,14.76,14.76,14.29,14.54,14.52,14.46,14252337,2061.53,11560, 5421620, 43.73
YESBANK,EQ, 11-Sep-2026,22.3,22.23,23.95,22.07,23.48,23.48,23.3,234792571,54699.71,140132, 83884755, 38.64
AUBANK,EQ, 11-Sep-2026,1054.7,1052.0,1061.2,1033.2,1058.9,1058.9,1048.81,1058773,11104.52,29111, 430085, 47.94
AXISBANK,EQ, 11-Sep-2026,1246.0,1237.9,1252.8,1229.8,1246.0,1246.0,1245.38,4562285,56817.78,137530, 2301302, 57.75
BANDHANBNK,EQ, 11-Sep-2026,174.0,171.75,178.54,170.85,176.52,176.52,175.98,25334991,44584.09,72248, 13889255, 57.58
BANKBARODA,EQ, 11-Sep-2026,237.62,235.35,238.13,234.3,238.13,238.13,236.51,7018275,16598.58,46127, 3327556, 52.12
BANKINDIA,EQ, 11-Sep-2026,141.0,140.0,140.1,137.26,140.0,140.0,139.19,4385344,6103.84,21988, 1249377, 36.27
CANBK,EQ, 11-Sep-2026,124.6,124.0,124.06,122.65,124.0,124.0,123.48,11131129,13744.45,55216, 4228737, 44.87
CAPITALSFB,EQ, 11-Sep-2026,272.15,272.0,274.95,269.6,271.2,271.35,271.89,13631,37.06,535, 4665, 65.55
CENTRALBK,EQ, 11-Sep-2026,30.82,30.79,30.82,30.45,30.82,30.74,30.68,3617142,1109.71,16090, 1599167, 51.29
CSBBANK,EQ, 11-Sep-2026,307.6,307.5,307.75,304.0,305.0,305.7,305.78,303520,928.1,15509, 94793, 53.96
CUB,EQ, 11-Sep-2026,226.45,225.9,231.85,223.69,227.9,227.32,229.2,1628700,3732.96,28356, 407975, 28.60
DCBBANK,EQ, 11-Sep-2026,227.13,225.0,226.99,223.41,226.75,226.37,225.25,1245963,2806.48,22034, 724370, 61.78
DHANBANK,EQ, 11-Sep-2026,30.73,30.68,31.5,30.15,31.0,31.15,30.74,372461,114.48,1878, 170893, 66.00
EQUITASBNK,EQ, 11-Sep-2026,72.63,71.71,73.75,71.3,73.67,73.15,72.65,1535970,1115.88,11745, 684498, 64.19
FEDERALBNK,EQ, 11-Sep-2026,346.0,343.0,345.3,341.15,344.5,344.5,343.46,3188640,10951.58,36376, 1478750, 56.28
FINOPB,EQ, 11-Sep-2026,139.95,140.5,141.78,137.21,139.99,139.83,139.05,229846,319.61,3056, 82274, 42.01
HDFCBANK,EQ, 11-Sep-2026,693.8,683.9,709.0,681.9,708.25,708.25,693.3,31411934,217779.65,414216, 13408691, 47.31
ICICIBANK,EQ, 11-Sep-2026,1384.5,1371.6,1389.0,1367.6,1379.3,1379.3,1379.59,7064417,97460.3,119432, 4097434, 63.26
IDBI,EQ, 11-Sep-2026,81.62,81.21,84.2,80.62,83.55,83.43,83.33,22126952,18438.76,75406, 5652926, 27.46
IDFCFIRSTB,EQ, 11-Sep-2026,86.84,86.2,86.73,85.41,86.21,86.21,86.19,13937814,12013.52,55542, 7603413, 61.64
INDIANB,EQ, 11-Sep-2026,856.5,848.95,859.7,835.0,853.5,853.5,851.0,1579708,13443.3,35187, 661319, 48.98
INDUSINDBK,EQ, 11-Sep-2026,993.3,988.7,988.7,972.3,978.2,978.2,977.36,2504608,24479.06,45296, 1435961, 62.44
IOB,EQ, 11-Sep-2026,32.86,32.7,33.14,32.54,33.11,33.07,32.96,1926531,634.97,9736, 926434, 55.46
J&KBANK,EQ, 11-Sep-2026,145.77,145.2,146.65,142.8,145.69,145.27,144.91,1131898,1640.28,18489, 459749, 43.44
JSFB,EQ, 11-Sep-2026,514.75,510.0,520.65,484.85,518.5,516.85,501.39,1255413,6294.47,44639, 411785, 35.04
KARURVYSYA,EQ, 11-Sep-2026,335.3,336.05,336.05,330.45,335.4,333.8,333.06,987355,3288.5,33169, 370115, 48.49
KOTAKBANK,EQ, 11-Sep-2026,416.55,412.6,420.0,409.25,419.0,419.0,415.61,15197483,63162.4,144629, 9203380, 68.41
KTKBANK,EQ, 11-Sep-2026,332.55,328.5,330.4,322.5,327.0,325.35,325.75,2126968,6928.62,26575, 780636, 51.24
MAHABANK,EQ, 11-Sep-2026,84.35,83.8,84.9,83.05,84.2,84.2,84.0,21676225,18207.07,55078, 10542258, 54.08
PNB,EQ, 11-Sep-2026,116.85,116.0,117.79,114.52,116.75,116.75,116.76,11479971,13404.39,54824, 4131961, 42.30
PSB,EQ, 11-Sep-2026,22.6,22.58,22.79,22.34,22.78,22.73,22.58,684511,154.56,2264, 311260, 53.54
RBLBANK,EQ, 11-Sep-2026,410.8,408.0,416.5,406.0,412.55,412.55,410.76,3209425,13182.96,29216, 1622665, 54.34
SBIN,EQ, 11-Sep-2026,1009.7,1000.0,1001.9,993.0,995.7,995.7,996.57,7771109,77444.7,168958, 3903299, 53.86
SOUTHBANK,EQ, 11-Sep-2026,46.08,45.6,46.47,45.18,46.18,46.18,46.05,5755589,2650.56,23365, 2045681, 38.01
SURYODAY,EQ, 11-Sep-2026,151.06,149.5,150.0,146.75,147.2,148.05,147.83,400335,591.82,3926, 213615, 65.53
TMB,EQ, 11-Sep-2026,923.65,918.0,920.0,904.0,909.75,910.9,910.13,89596,815.44,6061, 43840, 59.69
UCOBANK,EQ, 11-Sep-2026,23.93,23.7,24.17,23.59,24.1,24.12,23.97,5092337,1220.55,14205, 2193886, 45.74
UJJIVANSFB,EQ, 11-Sep-2026,66.52,65.9,66.08,64.7,65.8,65.54,65.4,9596521,6276.05,33368, 4333663, 49.91
UNIONBANK,EQ, 11-Sep-2026,179.2,177.1,179.65,175.53,178.1,178.1,177.9,7422504,13204.47,37658, 3472085, 52.61
UTKARSHBNK,EQ, 11-Sep-2026,14.8,14.76,14.76,14.29,14.54,14.52,14.46,14252337,2061.53,11560, 5421620, 43.73
YESBANK,EQ, 11-Sep-2026,22.3,22.23,23.95,22.07,23.48,23.48,23.3,234792571,54699.71,140132, 83884755, 38.64
AUBANK,EQ, 15-Sep-2026,1058.9,1061.4,1065.7,1024.6,1028.0,1028.0,1038.31,815819,8470.77,39542, 517307, 63.41
AXISBANK,EQ, 15-Sep-2026,1246.0,1254.0,1254.0,1219.9,1222.9,1222.9,1233.46,5698466,70288.11,131467, 3319643, 58.26
BANDHANBNK,EQ, 15-Sep-2026,176.52,177.0,179.11,172.24,172.45,172.45,175.81,10329258,18159.66,52778, 4691483, 45.42
BANKBARODA,EQ, 15-Sep-2026,238.13,238.13,238.51,232.44,232.7,232.7,235.08,7383660,17357.73,62138, 3834703, 51.93
BANKINDIA,EQ, 15-Sep-2026,140.0,140.0,140.41,137.0,137.61,137.61,138.43,4479489,6200.88,28773, 2005036, 44.76
CANBK,EQ, 15-Sep-2026,124.0,123.25,124.48,122.05,122.37,122.37,123.04,12696568,15621.35,71447, 6800167, 53.56
CAPITALSFB,EQ, 15-Sep-2026,271.35,271.35,277.2,267.15,272.0,269.7,271.99,31682,86.17,1017, 22176, 70.00
CENTRALBK,EQ, 15-Sep-2026,30.74,30.85,31.03,30.35,30.4,30.46,30.63,5054888,1548.15,19611, 2606649, 51.57
CSBBANK,EQ, 15-Sep-2026,305.7,303.25,307.15,295.0,297.0,296.35,301.44,496189,1495.72,14695, 237694, 47.90
CUB,EQ, 15-Sep-2026,227.32,227.32,231.0,223.25,225.0,225.78,228.19,1260751,2876.87,31448, 491164, 38.96
DCBBANK,EQ, 15-Sep-2026,226.37,226.23,228.94,220.81,221.12,221.89,224.04,845015,1893.2,22364, 453539, 53.67
DHANBANK,EQ, 15-Sep-2026,31.15,31.15,31.3,29.54,29.88,29.79,30.35,593184,180.03,2615, 344314, 58.05
EQUITASBNK,EQ, 15-Sep-2026,73.15,73.04,73.55,71.05,71.35,71.35,72.03,1749775,1260.4,19891, 1022844, 58.46
FEDERALBNK,EQ, 15-Sep-2026,344.5,344.45,344.5,339.45,343.0,343.0,341.77,3090047,10560.91,50376, 1846260, 59.75
FINOPB,EQ, 15-Sep-2026,139.83,141.0,141.96,137.03,138.0,137.73,138.18,136375,188.44,1922, 70196, 51.47
HDFCBANK,EQ, 15-Sep-2026,708.25,722.4,730.75,715.05,716.55,716.55,722.77,50387632,364186.45,511980, 27250373, 54.08
ICICIBANK,EQ, 15-Sep-2026,1379.3,1379.3,1390.0,1350.4,1350.4,1350.4,1357.84,10133488,137596.86,210192, 6648943, 65.61
IDBI,EQ, 15-Sep-2026,83.43,84.0,88.53,82.69,83.0,82.95,85.96,50187288,43139.21,142330, 16100301, 32.08
IDFCFIRSTB,EQ, 15-Sep-2026,86.21,86.56,86.65,84.8,84.8,84.8,85.69,25183922,21579.85,68446, 15090849, 59.92
INDIANB,EQ, 15-Sep-2026,853.5,854.2,859.5,833.8,836.75,836.75,844.14,754029,6365.04,28271, 444895, 59.00
INDUSINDBK,EQ, 15-Sep-2026,978.2,978.2,984.5,955.0,956.5,956.5,964.3,1511601,14576.42,55410, 889994, 58.88
IOB,EQ, 15-Sep-2026,33.07,33.24,33.3,32.12,32.5,32.38,32.64,2198392,717.46,13676, 1079210, 49.09
J&KBANK,EQ, 15-Sep-2026,145.27,145.27,147.5,143.75,144.6,144.75,145.72,3037724,4426.69,31862, 1639827, 53.98
JSFB,EQ, 15-Sep-2026,516.85,517.5,527.7,486.95,493.0,488.65,502.16,344324,1729.04,14394, 169568, 49.25
KARURVYSYA,EQ, 15-Sep-2026,333.8,333.8,339.9,322.75,324.8,324.45,331.0,1975015,6537.27,48676, 1051873, 53.26
KOTAKBANK,EQ, 15-Sep-2026,419.0,420.5,420.5,409.8,409.8,409.8,413.35,14367343,59387.77,181030, 10001175, 69.61
KTKBANK,EQ, 15-Sep-2026,325.35,324.7,331.35,314.3,316.0,315.95,323.35,3508307,11344.2,52359, 1767637, 50.38
MAHABANK,EQ, 15-Sep-2026,84.2,84.2,84.61,79.56,79.56,79.56,81.76,14589564,11928.91,47561, 6801720, 46.62
PNB,EQ, 15-Sep-2026,116.75,116.75,117.23,114.7,114.7,114.7,115.68,12031284,13917.98,42616, 5704217, 47.41
PSB,EQ, 15-Sep-2026,22.73,22.78,22.78,22.31,22.4,22.38,22.54,653723,147.34,2649, 476285, 72.86
RBLBANK,EQ, 15-Sep-2026,412.55,412.65,414.3,402.15,403.6,403.6,406.1,1249135,5072.74,17579, 524373, 41.98
SBIN,EQ, 15-Sep-2026,995.7,994.0,999.8,968.0,968.0,968.0,979.36,10004115,97976.03,206073, 6015570, 60.13
SOUTHBANK,EQ, 15-Sep-2026,46.18,46.38,47.89,44.88,45.05,45.0,46.0,12742655,5861.58,43834, 5468339, 42.91
SURYODAY,EQ, 15-Sep-2026,148.05,148.05,150.36,143.43,144.46,144.81,146.52,322480,472.49,4175, 208551, 64.67
TMB,EQ, 15-Sep-2026,910.9,910.9,920.0,860.0,873.0,868.35,882.9,209458,1849.31,23429, 106600, 50.89
UCOBANK,EQ, 15-Sep-2026,24.12,24.12,24.14,23.66,23.74,23.72,23.89,3373905,805.89,15111, 1727382, 51.20
UJJIVANSFB,EQ, 15-Sep-2026,65.54,65.71,66.56,63.85,64.0,64.07,64.98,7611153,4945.96,36504, 3776499, 49.62
UNIONBANK,EQ, 15-Sep-2026,178.1,179.57,179.69,174.74,175.0,175.0,176.55,4444675,7847.14,46615, 2329245, 52.41
UTKARSHBNK,EQ, 15-Sep-2026,14.52,14.61,14.75,14.14,14.28,14.2,14.4,10678279,1538.15,10673, 4198337, 39.32
YESBANK,EQ, 15-Sep-2026,23.48,23.68,23.9,22.99,23.07,23.07,23.3,95413759,22229.97,98296, 39300920, 41.19
AUBANK,EQ, 16-Sep-2026,1028.0,1030.0,1038.1,1015.1,1033.2,1033.2,1031.13,1013402,10449.45,45264, 603868, 59.59
AXISBANK,EQ, 16-Sep-2026,1222.9,1230.0,1252.5,1223.7,1241.0,1241.0,1243.55,5799541,72119.91,180816, 3716814, 64.09
BANDHANBNK,EQ, 16-Sep-2026,172.45,173.24,173.62,169.33,172.5,172.5,171.9,8261916,14202.09,37358, 3501140, 42.38
BANKBARODA,EQ, 16-Sep-2026,232.7,233.25,235.29,232.33,234.98,234.98,234.15,5789637,13556.35,53633, 2906699, 50.21
BANKINDIA,EQ, 16-Sep-2026,137.61,138.0,139.35,136.85,137.81,137.81,138.29,5030108,6956.09,32978, 2193831, 43.61
CANBK,EQ, 16-Sep-2026,122.37,122.8,123.7,121.81,123.2,123.2,122.94,13945737,17144.83,65877, 7648128, 54.84
CAPITALSFB,EQ, 16-Sep-2026,269.7,270.0,275.0,269.05,272.0,273.25,271.75,6767,18.39,376, 3833, 56.64
CENTRALBK,EQ, 16-Sep-2026,30.46,30.5,30.67,30.19,30.44,30.39,30.46,6327271,1927.33,24324, 3210521, 50.74
CSBBANK,EQ, 16-Sep-2026,296.35,297.9,337.0,297.8,328.7,328.75,319.74,8547841,27330.48,122428, 851219, 9.96
CUB,EQ, 16-Sep-2026,225.78,225.0,229.0,216.42,228.49,227.24,224.71,2169990,4876.26,40923, 943105, 43.46
DCBBANK,EQ, 16-Sep-2026,221.89,222.82,223.93,215.46,219.9,219.94,219.33,912819,2002.1,16689, 401820, 44.02
DHANBANK,EQ, 16-Sep-2026,29.79,29.85,30.18,29.05,29.65,29.42,29.51,511194,150.86,2328, 316332, 61.88
EQUITASBNK,EQ, 16-Sep-2026,71.35,71.39,74.5,70.82,73.25,73.5,72.68,2177983,1582.95,14208, 1316563, 60.45
FEDERALBNK,EQ, 16-Sep-2026,343.0,341.8,346.0,340.1,341.8,341.8,342.61,2857474,9790.13,51293, 1736303, 60.76
FINOPB,EQ, 16-Sep-2026,137.73,141.23,146.8,135.2,135.85,136.05,139.28,504308,702.41,7964, 112967, 22.40
HDFCBANK,EQ, 16-Sep-2026,716.55,714.9,725.4,710.85,721.5,721.5,718.56,27476943,197439.29,234534, 17639763, 64.20
ICICIBANK,EQ, 16-Sep-2026,1350.4,1359.0,1361.4,1348.0,1358.8,1358.8,1353.44,9625762,130278.5,201506, 6243478, 64.86
IDBI,EQ, 16-Sep-2026,82.95,83.7,83.7,81.53,82.9,82.95,82.65,12983831,10730.94,38166, 5705331, 43.94
IDFCFIRSTB,EQ, 16-Sep-2026,84.8,84.61,85.71,84.61,85.01,85.01,85.33,14275478,12181.21,57294, 8986765, 62.95
INDIANB,EQ, 16-Sep-2026,836.75,840.0,849.8,834.7,840.0,840.0,844.13,773817,6532.06,41260, 410674, 53.07
INDUSINDBK,EQ, 16-Sep-2026,956.5,957.7,961.1,944.5,946.5,946.5,950.01,1727406,16410.56,69311, 1012745, 58.63
IOB,EQ, 16-Sep-2026,32.38,32.49,32.49,31.95,32.18,32.09,32.17,1804893,580.6,11579, 757949, 41.99
J&KBANK,EQ, 16-Sep-2026,144.75,145.18,148.79,144.1,147.88,147.66,146.61,3250203,4765.11,40384, 1485275, 45.70
JSFB,EQ, 16-Sep-2026,488.65,488.65,512.5,477.4,509.0,506.6,497.54,604934,3009.79,17203, 263000, 43.48
KARURVYSYA,EQ, 16-Sep-2026,324.45,325.3,335.8,324.95,335.45,334.8,331.56,2316768,7681.39,43745, 1098529, 47.42
KOTAKBANK,EQ, 16-Sep-2026,409.8,413.6,417.05,409.35,415.0,415.0,415.02,10898426,45230.8,87698, 7839973, 71.94
KTKBANK,EQ, 16-Sep-2026,315.95,314.6,321.85,309.95,318.0,318.2,315.83,2085928,6588.03,32664, 1082918, 51.92
MAHABANK,EQ, 16-Sep-2026,79.56,80.1,81.7,79.2,80.21,80.21,80.41,18702078,15039.03,48756, 7094636, 37.94
PNB,EQ, 16-Sep-2026,114.7,114.73,117.48,114.63,116.8,116.8,116.55,18494065,21555.39,64723, 9133277, 49.38
PSB,EQ, 16-Sep-2026,22.38,22.35,22.45,22.11,22.39,22.25,22.3,895874,199.75,3007, 474427, 52.96
RBLBANK,EQ, 16-Sep-2026,403.6,404.8,406.7,395.95,404.0,404.0,401.19,2607366,10460.42,29060, 1270107, 48.71
SBIN,EQ, 16-Sep-2026,968.0,976.0,991.4,973.2,991.4,991.4,984.9,8609956,84799.81,175734, 4578029, 53.17
SOUTHBANK,EQ, 16-Sep-2026,45.0,45.22,45.89,44.54,45.3,45.19,45.12,9001848,4061.34,36648, 3663729, 40.70
SURYODAY,EQ, 16-Sep-2026,144.81,146.0,146.0,142.01,143.9,143.61,144.12,146412,211.01,2668, 64877, 44.31
TMB,EQ, 16-Sep-2026,868.35,870.0,909.7,863.9,909.0,904.2,890.7,261381,2328.12,20530, 133733, 51.16
UCOBANK,EQ, 16-Sep-2026,23.72,23.74,24.02,23.58,23.7,23.68,23.76,4352333,1034.03,15392, 1846609, 42.43
UJJIVANSFB,EQ, 16-Sep-2026,64.07,63.82,64.98,63.08,64.6,64.83,64.13,8507406,5455.5,31993, 3681793, 43.28
UNIONBANK,EQ, 16-Sep-2026,175.0,176.54,179.35,175.07,178.2,178.2,177.6,9588072,17028.06,85699, 4939646, 51.52
UTKARSHBNK,EQ, 16-Sep-2026,14.2,14.27,14.39,13.76,13.87,13.82,13.97,13856543,1935.68,11741, 6377606, 46.03
YESBANK,EQ, 16-Sep-2026,23.07,23.58,24.1,23.26,23.4,23.4,23.65,205410106,48586.49,140099, 73224748, 35.65
AUBANK,EQ, 17-Sep-2026,1033.2,1026.2,1048.0,1026.2,1039.3,1039.3,1038.71,770876,8007.18,29615, 401954, 52.14
AXISBANK,EQ, 17-Sep-2026,1241.0,1238.0,1257.6,1233.0,1240.0,1240.0,1247.72,4413665,55070.35,124164, 2525022, 57.21
BANDHANBNK,EQ, 17-Sep-2026,172.5,172.0,175.0,170.98,171.5,171.5,172.6,4150818,7164.5,19495, 1910476, 46.03
BANKBARODA,EQ, 17-Sep-2026,234.98,233.6,236.46,232.1,232.3,232.3,233.62,4576908,10692.66,40395, 1787855, 39.06
BANKINDIA,EQ, 17-Sep-2026,137.81,137.91,141.11,137.9,138.17,138.17,139.13,9976048,13880.05,31416, 5322494, 53.35
CANBK,EQ, 17-Sep-2026,123.2,123.15,125.14,122.48,123.9,123.9,123.62,11099833,13721.13,55544, 3256560, 29.34
CAPITALSFB,EQ, 17-Sep-2026,273.25,275.85,284.0,272.05,279.5,279.9,277.21,15202,42.14,617, 8834, 58.11
CENTRALBK,EQ, 17-Sep-2026,30.39,30.37,30.65,30.12,30.43,30.4,30.37,4138533,1256.77,12332, 1683543, 40.68
CSBBANK,EQ, 17-Sep-2026,328.75,322.05,334.7,313.0,323.8,328.35,320.76,1959318,6284.68,50477, 446104, 22.77
CUB,EQ, 17-Sep-2026,227.24,227.0,237.0,227.0,232.5,231.82,233.17,2026127,4724.32,36296, 550330, 27.16
DCBBANK,EQ, 17-Sep-2026,219.94,218.0,224.97,217.35,218.49,218.51,220.19,911516,2007.02,16409, 485826, 53.30
DHANBANK,EQ, 17-Sep-2026,29.42,29.53,30.0,28.49,29.07,28.88,29.15,748677,218.25,2425, 416607, 55.65
EQUITASBNK,EQ, 17-Sep-2026,73.5,74.0,74.39,71.75,72.06,72.13,72.85,1530643,1115.15,14012, 617417, 40.34
FEDERALBNK,EQ, 17-Sep-2026,341.8,342.0,343.75,332.45,332.75,332.75,336.58,5321222,17910.35,59935, 2698456, 50.71
FINOPB,EQ, 17-Sep-2026,136.05,136.05,138.37,135.26,135.87,136.43,136.63,87730,119.87,1475, 32032, 36.51
HDFCBANK,EQ, 17-Sep-2026,721.5,717.5,719.4,713.0,713.0,713.0,715.73,21543303,154191.93,239093, 12964010, 60.18
ICICIBANK,EQ, 17-Sep-2026,1358.8,1352.0,1363.0,1347.6,1347.6,1347.6,1353.8,7867524,106510.88,119927, 5241775, 66.63
IDBI,EQ, 17-Sep-2026,82.95,82.7,83.6,81.6,81.94,81.89,82.28,6835313,5623.88,24871, 2678558, 39.19
IDFCFIRSTB,EQ, 17-Sep-2026,85.01,84.75,86.49,84.53,86.33,86.33,85.72,16998554,14570.66,45543, 9072783, 53.37
INDIANB,EQ, 17-Sep-2026,840.0,842.0,856.4,839.0,840.5,840.5,845.98,539598,4564.87,23208, 164635, 30.51
INDUSINDBK,EQ, 17-Sep-2026,946.5,946.0,970.7,945.2,958.2,958.2,961.54,3973540,38207.06,65893, 2291289, 57.66
IOB,EQ, 17-Sep-2026,32.09,32.0,32.5,32.0,32.1,32.1,32.17,1111582,357.65,7881, 463682, 41.71
J&KBANK,EQ, 17-Sep-2026,147.66,147.55,150.57,146.45,147.6,147.28,148.19,1641221,2432.17,32643, 645080, 39.30
JSFB,EQ, 17-Sep-2026,506.6,510.1,534.75,503.75,516.7,520.1,523.35,1866297,9767.2,35753, 896823, 48.05
KARURVYSYA,EQ, 17-Sep-2026,334.8,334.8,337.5,330.35,331.0,331.5,333.95,725600,2423.11,18520, 356670, 49.16
KOTAKBANK,EQ, 17-Sep-2026,415.0,415.0,417.6,412.5,416.5,416.5,415.0,11475105,47622.07,201735, 7727871, 67.34
KTKBANK,EQ, 17-Sep-2026,318.2,318.0,323.0,309.85,314.2,313.9,314.57,1702377,5355.14,22526, 811370, 47.66
MAHABANK,EQ, 17-Sep-2026,80.21,80.29,83.4,80.21,80.8,80.8,81.71,16454084,13444.12,40607, 6036920, 36.69
PNB,EQ, 17-Sep-2026,116.8,116.8,119.4,116.36,116.47,116.47,117.85,15924714,18767.88,64651, 4436919, 27.86
PSB,EQ, 17-Sep-2026,22.25,22.23,22.54,21.8,21.8,21.86,22.05,1706094,376.13,4643, 1035140, 60.67
RBLBANK,EQ, 17-Sep-2026,404.0,403.0,411.65,401.95,404.15,404.15,406.39,2254458,9161.98,24558, 1042713, 46.25
SBIN,EQ, 17-Sep-2026,991.4,991.2,1000.9,985.2,988.7,988.7,990.13,8624398,85392.36,178451, 4582801, 53.14
SOUTHBANK,EQ, 17-Sep-2026,45.19,45.2,46.4,45.2,45.95,45.88,45.9,9755681,4477.76,39201, 4261377, 43.68
SURYODAY,EQ, 17-Sep-2026,143.61,143.9,147.58,143.6,146.8,146.51,146.32,107239,156.91,2612, 45971, 42.87
TMB,EQ, 17-Sep-2026,904.2,907.0,912.4,889.45,896.0,891.45,897.31,90552,812.53,12898, 43569, 48.11
UCOBANK,EQ, 17-Sep-2026,23.68,23.58,23.98,23.57,23.59,23.59,23.72,2624177,622.39,16156, 1153543, 43.96
UJJIVANSFB,EQ, 17-Sep-2026,64.83,64.46,65.72,63.43,63.99,63.97,64.3,6237133,4010.78,38589, 3189811, 51.14
UNIONBANK,EQ, 17-Sep-2026,178.2,177.0,180.62,175.83,178.09,178.09,177.85,5299874,9425.76,30885, 1764092, 33.29
UTKARSHBNK,EQ, 17-Sep-2026,13.82,13.75,14.39,13.75,14.08,14.05,14.06,7888005,1108.95,7874, 2474755, 31.37
YESBANK,EQ, 17-Sep-2026,23.4,23.32,23.38,22.91,23.13,23.13,23.15,69914036,16181.71,83724, 24958332, 35.70
AUBANK,EQ, 18-Sep-2026,1039.3,1040.5,1058.6,1033.3,1058.6,1058.6,1043.98,1251837,13068.93,28229, 811439, 64.82
AXISBANK,EQ, 18-Sep-2026,1240.0,1244.0,1257.0,1240.5,1257.0,1257.0,1249.52,5693016,71135.14,106154, 4627220, 81.28
BANDHANBNK,EQ, 18-Sep-2026,171.5,173.0,178.3,172.5,175.0,175.0,176.56,20360613,35948.78,69527, 12181525, 59.83
BANKBARODA,EQ, 18-Sep-2026,232.3,233.56,234.94,231.92,234.94,234.94,233.52,7110561,16604.69,37155, 4640856, 65.27
BANKINDIA,EQ, 18-Sep-2026,138.17,138.78,140.0,138.02,140.0,140.0,139.18,4269930,5942.98,22262, 2634281, 61.69
CANBK,EQ, 18-Sep-2026,123.9,123.81,123.89,123.01,123.78,123.78,123.44,11489793,14182.63,53655, 6890669, 59.97
CAPITALSFB,EQ, 18-Sep-2026,279.9,276.1,283.4,274.15,277.45,278.9,280.02,8706,24.38,543, 5930, 68.11
CENTRALBK,EQ, 18-Sep-2026,30.4,30.42,32.4,30.41,32.15,31.73,31.56,56472458,17821.34,47655, 31914466, 56.51
CSBBANK,EQ, 18-Sep-2026,328.35,323.4,340.0,319.95,336.05,336.15,334.93,1075560,3602.33,27069, 424911, 39.51
CUB,EQ, 18-Sep-2026,231.82,231.6,238.95,231.6,235.89,235.79,236.72,2196738,5200.05,36593, 1047112, 47.67
DCBBANK,EQ, 18-Sep-2026,218.51,218.99,223.02,217.0,219.0,218.35,219.71,1445096,3175.04,21933, 810731, 56.10
DHANBANK,EQ, 18-Sep-2026,28.88,28.88,29.75,28.85,29.74,29.47,29.24,262185,76.67,1493, 142597, 54.39
EQUITASBNK,EQ, 18-Sep-2026,72.13,72.05,74.9,71.89,73.99,74.09,73.59,2395159,1762.67,9514, 1521514, 63.52
FEDERALBNK,EQ, 18-Sep-2026,332.75,332.8,335.4,325.4,332.75,332.75,330.45,14568034,48139.6,130568, 9314058, 63.93
FINOPB,EQ, 18-Sep-2026,136.43,135.87,137.7,135.0,135.1,135.48,136.0,82685,112.45,1519, 41868, 50.64
HDFCBANK,EQ, 18-Sep-2026,713.0,715.25,733.8,715.25,731.0,731.0,728.0,39400710,286838.51,281343, 25195213, 63.95
ICICIBANK,EQ, 18-Sep-2026,1347.6,1351.9,1359.8,1338.9,1338.9,1338.9,1343.06,7509409,100856.09,140838, 5293245, 70.49
IDBI,EQ, 18-Sep-2026,81.89,82.3,84.89,81.8,83.17,83.06,83.3,20869049,17384.85,55592, 7374021, 35.33
IDFCFIRSTB,EQ, 18-Sep-2026,86.33,86.0,87.17,85.92,85.92,85.92,86.59,27340008,23673.79,71701, 16741708, 61.24
INDIANB,EQ, 18-Sep-2026,840.5,845.0,848.85,835.0,839.8,839.8,840.98,1400080,11774.42,29330, 861650, 61.54
INDUSINDBK,EQ, 18-Sep-2026,958.2,963.8,969.3,955.3,966.3,966.3,964.38,6250679,60280.04,41220, 4656142, 74.49
IOB,EQ, 18-Sep-2026,32.1,32.18,32.32,32.0,32.25,32.17,32.15,1954679,628.4,12843, 1094654, 56.00
J&KBANK,EQ, 18-Sep-2026,147.28,147.6,149.7,145.0,146.25,146.58,147.79,3653479,5399.54,36501, 2078629, 56.89
JSFB,EQ, 18-Sep-2026,520.1,516.7,534.1,514.4,529.95,527.3,527.56,1405254,7413.58,23760, 696098, 49.54
KARURVYSYA,EQ, 18-Sep-2026,331.5,334.35,339.85,329.5,332.8,332.15,334.23,3218547,10757.29,53736, 1942371, 60.35
KOTAKBANK,EQ, 18-Sep-2026,416.5,415.5,419.2,412.5,412.5,412.5,416.07,15461137,64328.87,112998, 12806526, 82.83
KTKBANK,EQ, 18-Sep-2026,313.9,315.05,317.75,312.2,314.65,313.8,315.09,1649339,5196.9,35133, 1034143, 62.70
MAHABANK,EQ, 18-Sep-2026,80.8,81.6,83.54,81.13,83.54,83.54,82.71,18030197,14913.42,41670, 11131131, 61.74
PNB,EQ, 18-Sep-2026,116.47,117.0,117.5,116.5,117.27,117.27,117.11,16061334,18809.32,42674, 10173738, 63.34
PSB,EQ, 18-Sep-2026,21.86,21.9,22.24,21.65,22.2,22.1,21.95,1335054,292.98,5256, 692693, 51.89
RBLBANK,EQ, 18-Sep-2026,404.15,406.15,415.9,405.0,415.9,415.9,410.59,3792806,15572.96,60924, 2690157, 70.93
SBIN,EQ, 18-Sep-2026,988.7,992.0,996.2,985.1,996.2,996.2,991.9,5699456,56532.67,94490, 3642518, 63.91
SOUTHBANK,EQ, 18-Sep-2026,45.88,46.0,46.54,45.78,46.09,46.07,46.19,8637328,3989.39,32025, 4082956, 47.27
SURYODAY,EQ, 18-Sep-2026,146.51,146.95,147.31,145.3,145.5,146.63,146.39,147616,216.1,2798, 97932, 66.34
TMB,EQ, 18-Sep-2026,891.45,894.5,905.45,889.05,889.1,895.75,897.19,242023,2171.41,15832, 148416, 61.32
UCOBANK,EQ, 18-Sep-2026,23.59,23.59,23.94,23.53,23.85,23.75,23.65,3517779,831.89,15953, 1597047, 45.40
UJJIVANSFB,EQ, 18-Sep-2026,63.97,64.05,65.3,63.88,64.95,65.02,64.79,4749884,3077.58,23120, 2537117, 53.41
UNIONBANK,EQ, 18-Sep-2026,178.09,178.5,178.92,176.56,176.56,176.56,177.75,6401370,11378.67,37548, 4130552, 64.53
UTKARSHBNK,EQ, 18-Sep-2026,14.05,14.11,14.38,13.96,14.23,14.17,14.09,5303916,747.17,4749, 2585080, 48.74
YESBANK,EQ, 18-Sep-2026,23.13,23.2,23.38,22.72,22.72,22.72,23.03,73563796,16939.29,93303, 48081227, 65.36
AUBANK,EQ, 18-Sep-2026,1039.3,1040.5,1058.6,1033.3,1058.6,1058.6,1043.98,1251837,13068.93,28229, 811439, 64.82
AXISBANK,EQ, 18-Sep-2026,1240.0,1244.0,1257.0,1240.5,1257.0,1257.0,1249.52,5693016,71135.14,106154, 4627220, 81.28
BANDHANBNK,EQ, 18-Sep-2026,171.5,173.0,178.3,172.5,175.0,175.0,176.56,20360613,35948.78,69527, 12181525, 59.83
BANKBARODA,EQ, 18-Sep-2026,232.3,233.56,234.94,231.92,234.94,234.94,233.52,7110561,16604.69,37155, 4640856, 65.27
BANKINDIA,EQ, 18-Sep-2026,138.17,138.78,140.0,138.02,140.0,140.0,139.18,4269930,5942.98,22262, 2634281, 61.69
CANBK,EQ, 18-Sep-2026,123.9,123.81,123.89,123.01,123.78,123.78,123.44,11489793,14182.63,53655, 6890669, 59.97
CAPITALSFB,EQ, 18-Sep-2026,279.9,276.1,283.4,274.15,277.45,278.9,280.02,8706,24.38,543, 5930, 68.11
CENTRALBK,EQ, 18-Sep-2026,30.4,30.42,32.4,30.41,32.15,31.73,31.56,56472458,17821.34,47655, 31914466, 56.51
CSBBANK,EQ, 18-Sep-2026,328.35,323.4,340.0,319.95,336.05,336.15,334.93,1075560,3602.33,27069, 424911, 39.51
CUB,EQ, 18-Sep-2026,231.82,231.6,238.95,231.6,235.89,235.79,236.72,2196738,5200.05,36593, 1047112, 47.67
DCBBANK,EQ, 18-Sep-2026,218.51,218.99,223.02,217.0,219.0,218.35,219.71,1445096,3175.04,21933, 810731, 56.10
DHANBANK,EQ, 18-Sep-2026,28.88,28.88,29.75,28.85,29.74,29.47,29.24,262185,76.67,1493, 142597, 54.39
EQUITASBNK,EQ, 18-Sep-2026,72.13,72.05,74.9,71.89,73.99,74.09,73.59,2395159,1762.67,9514, 1521514, 63.52
FEDERALBNK,EQ, 18-Sep-2026,332.75,332.8,335.4,325.4,332.75,332.75,330.45,14568034,48139.6,130568, 9314058, 63.93
FINOPB,EQ, 18-Sep-2026,136.43,135.87,137.7,135.0,135.1,135.48,136.0,82685,112.45,1519, 41868, 50.64
HDFCBANK,EQ, 18-Sep-2026,713.0,715.25,733.8,715.25,731.0,731.0,728.0,39400710,286838.51,281343, 25195213, 63.95
ICICIBANK,EQ, 18-Sep-2026,1347.6,1351.9,1359.8,1338.9,1338.9,1338.9,1343.06,7509409,100856.09,140838, 5293245, 70.49
IDBI,EQ, 18-Sep-2026,81.89,82.3,84.89,81.8,83.17,83.06,83.3,20869049,17384.85,55592, 7374021, 35.33
IDFCFIRSTB,EQ, 18-Sep-2026,86.33,86.0,87.17,85.92,85.92,85.92,86.59,27340008,23673.79,71701, 16741708, 61.24
INDIANB,EQ, 18-Sep-2026,840.5,845.0,848.85,835.0,839.8,839.8,840.98,1400080,11774.42,29330, 861650, 61.54
INDUSINDBK,EQ, 18-Sep-2026,958.2,963.8,969.3,955.3,966.3,966.3,964.38,6250679,60280.04,41220, 4656142, 74.49
IOB,EQ, 18-Sep-2026,32.1,32.18,32.32,32.0,32.25,32.17,32.15,1954679,628.4,12843, 1094654, 56.00
J&KBANK,EQ, 18-Sep-2026,147.28,147.6,149.7,145.0,146.25,146.58,147.79,3653479,5399.54,36501, 2078629, 56.89
JSFB,EQ, 18-Sep-2026,520.1,516.7,534.1,514.4,529.95,527.3,527.56,1405254,7413.58,23760, 696098, 49.54
KARURVYSYA,EQ, 18-Sep-2026,331.5,334.35,339.85,329.5,332.8,332.15,334.23,3218547,10757.29,53736, 1942371, 60.35
KOTAKBANK,EQ, 18-Sep-2026,416.5,415.5,419.2,412.5,412.5,412.5,416.07,15461137,64328.87,112998, 12806526, 82.83
KTKBANK,EQ, 18-Sep-2026,313.9,315.05,317.75,312.2,314.65,313.8,315.09,1649339,5196.9,35133, 1034143, 62.70
MAHABANK,EQ, 18-Sep-2026,80.8,81.6,83.54,81.13,83.54,83.54,82.71,18030197,14913.42,41670, 11131131, 61.74
PNB,EQ, 18-Sep-2026,116.47,117.0,117.5,116.5,117.27,117.27,117.11,16061334,18809.32,42674, 10173738, 63.34
PSB,EQ, 18-Sep-2026,21.86,21.9,22.24,21.65,22.2,22.1,21.95,1335054,292.98,5256, 692693, 51.89
RBLBANK,EQ, 18-Sep-2026,404.15,406.15,415.9,405.0,415.9,415.9,410.59,3792806,15572.96,60924, 2690157, 70.93
SBIN,EQ, 18-Sep-2026,988.7,992.0,996.2,985.1,996.2,996.2,991.9,5699456,56532.67,94490, 3642518, 63.91
SOUTHBANK,EQ, 18-Sep-2026,45.88,46.0,46.54,45.78,46.09,46.07,46.19,8637328,3989.39,32025, 4082956, 47.27
SURYODAY,EQ, 18-Sep-2026,146.51,146.95,147.31,145.3,145.5,146.63,146.39,147616,216.1,2798, 97932, 66.34
TMB,EQ, 18-Sep-2026,891.45,894.5,905.45,889.05,889.1,895.75,897.19,242023,2171.41,15832, 148416, 61.32
UCOBANK,EQ, 18-Sep-2026,23.59,23.59,23.94,23.53,23.85,23.75,23.65,3517779,831.89,15953, 1597047, 45.40
UJJIVANSFB,EQ, 18-Sep-2026,63.97,64.05,65.3,63.88,64.95,65.02,64.79,4749884,3077.58,23120, 2537117, 53.41
UNIONBANK,EQ, 18-Sep-2026,178.09,178.5,178.92,176.56,176.56,176.56,177.75,6401370,11378.67,37548, 4130552, 64.53
UTKARSHBNK,EQ, 18-Sep-2026,14.05,14.11,14.38,13.96,14.23,14.17,14.09,5303916,747.17,4749, 2585080, 48.74
YESBANK,EQ, 18-Sep-2026,23.13,23.2,23.38,22.72,22.72,22.72,23.03,73563796,16939.29,93303, 48081227, 65.36
AUBANK,EQ, 21-Sep-2026,1058.6,1046.8,1046.8,1037.2,1038.0,1038.0,1041.91,704386,7339.07,34840, 415666, 59.01
AXISBANK,EQ, 21-Sep-2026,1257.0,1248.0,1254.3,1242.0,1250.0,1250.0,1248.6,3680283,45952.01,208942, 2504703, 68.06
BANDHANBNK,EQ, 21-Sep-2026,175.0,176.0,181.26,175.63,179.0,179.0,179.78,15271152,27454.65,70527, 7136806, 46.73
BANKBARODA,EQ, 21-Sep-2026,234.94,234.0,234.51,232.52,233.64,233.64,233.39,4397710,10263.95,33998, 2563074, 58.28
BANKINDIA,EQ, 21-Sep-2026,140.0,139.22,139.61,138.2,138.63,138.63,138.52,2616892,3624.92,16399, 1491426, 56.99
CANBK,EQ, 21-Sep-2026,123.78,123.23,123.99,122.95,123.7,123.7,123.48,5171600,6385.85,35267, 2058715, 39.81
CAPITALSFB,EQ, 21-Sep-2026,278.9,280.2,287.95,274.35,277.0,282.0,278.81,21782,60.73,650, 12205, 56.03
CENTRALBK,EQ, 21-Sep-2026,31.73,31.73,31.73,31.4,31.45,31.49,31.54,4219951,1330.88,12996, 2029754, 48.10
CSBBANK,EQ, 21-Sep-2026,336.15,336.0,336.0,330.1,334.0,334.8,333.81,261155,871.77,8788, 106166, 40.65
CUB,EQ, 21-Sep-2026,235.79,236.0,237.74,233.1,233.1,234.94,235.53,846007,1992.6,19707, 369917, 43.73
DCBBANK,EQ, 21-Sep-2026,218.35,218.2,220.54,216.47,219.1,218.77,218.56,550532,1203.26,18863, 278210, 50.53
DHANBANK,EQ, 21-Sep-2026,29.47,29.67,29.74,29.25,29.45,29.44,29.5,255637,75.4,1390, 142358, 55.69
EQUITASBNK,EQ, 21-Sep-2026,74.09,74.45,74.46,72.2,72.47,72.43,72.75,1503921,1094.14,14518, 896955, 59.64
FEDERALBNK,EQ, 21-Sep-2026,332.75,333.1,335.35,328.8,332.0,332.0,331.32,4137418,13707.97,41894, 2409804, 58.24
FINOPB,EQ, 21-Sep-2026,135.48,135.49,136.49,134.3,134.3,134.82,135.14,108299,146.35,1687, 51831, 47.86
HDFCBANK,EQ, 21-Sep-2026,731.0,731.0,742.65,729.05,739.5,739.5,739.07,35482683,262241.76,335639, 25653130, 72.30
ICICIBANK,EQ, 21-Sep-2026,1338.9,1347.8,1352.0,1340.4,1345.0,1345.0,1344.52,5705598,76712.89,127740, 4128422, 72.36
IDBI,EQ, 21-Sep-2026,83.06,83.0,84.73,82.2,83.07,83.06,83.47,9995146,8343.08,29158, 3501761, 35.03
IDFCFIRSTB,EQ, 21-Sep-2026,85.92,85.92,86.55,85.2,85.8,85.8,85.79,20239022,17363.48,77040, 11362492, 56.14
INDIANB,EQ, 21-Sep-2026,839.8,842.5,849.55,838.4,841.0,841.0,842.59,363123,3059.62,20524, 197904, 54.50
INDUSINDBK,EQ, 21-Sep-2026,966.3,961.0,966.0,956.0,956.0,956.0,961.03,588104,5651.87,21043, 321843, 54.73
IOB,EQ, 21-Sep-2026,32.17,32.29,32.29,32.0,32.02,32.06,32.09,1390442,446.18,8049, 806014, 57.97
J&KBANK,EQ, 21-Sep-2026,146.58,146.25,146.85,143.43,145.8,145.95,145.21,2978836,4325.58,31279, 1697647, 56.99
JSFB,EQ, 21-Sep-2026,527.3,528.0,537.25,521.9,529.3,531.3,529.93,835023,4425.05,15358, 431655, 51.69
KARURVYSYA,EQ, 21-Sep-2026,332.15,333.65,336.0,322.65,326.4,326.15,325.44,1986921,6466.33,31999, 1182731, 59.53
KOTAKBANK,EQ, 21-Sep-2026,412.5,415.2,420.6,414.55,414.8,414.8,417.72,8470861,35384.56,108147, 5349362, 63.15
KTKBANK,EQ, 21-Sep-2026,313.8,313.8,316.0,311.15,314.8,314.55,313.68,1337604,4195.74,20735, 877753, 65.62
MAHABANK,EQ, 21-Sep-2026,83.54,83.44,83.7,81.65,82.2,82.2,82.34,7904383,6508.27,43825, 3798514, 48.06
PNB,EQ, 21-Sep-2026,117.27,117.23,118.58,116.64,118.0,118.0,117.82,8624424,10161.35,32634, 3851581, 44.66
PSB,EQ, 21-Sep-2026,22.1,22.15,22.2,21.85,21.94,21.95,21.94,571381,125.39,3616, 348679, 61.02
RBLBANK,EQ, 21-Sep-2026,415.9,408.0,409.9,401.1,402.4,402.4,404.39,2214016,8953.3,31444, 989976, 44.71
SBIN,EQ, 21-Sep-2026,996.2,993.6,997.5,989.1,996.0,996.0,993.83,3590054,35678.89,89282, 1902575, 53.00
SOUTHBANK,EQ, 21-Sep-2026,46.07,45.83,45.84,44.86,45.49,45.52,45.34,12134977,5502.03,34506, 4721562, 38.91
SURYODAY,EQ, 21-Sep-2026,146.63,146.63,147.84,145.01,147.7,146.94,145.92,178777,260.87,2182, 119125, 66.63
TMB,EQ, 21-Sep-2026,895.75,900.0,905.0,882.35,885.0,886.35,889.26,96755,860.4,10608, 50406, 52.10
UCOBANK,EQ, 21-Sep-2026,23.75,23.75,23.84,23.51,23.66,23.62,23.71,3228395,765.38,9982, 1731700, 53.64
UJJIVANSFB,EQ, 21-Sep-2026,65.02,65.02,65.25,64.1,64.88,64.79,64.62,4816181,3112.43,53228, 2557883, 53.11
UNIONBANK,EQ, 21-Sep-2026,176.56,177.11,178.87,177.03,178.09,178.09,177.73,4110898,7306.31,45034, 2201722, 53.56
UTKARSHBNK,EQ, 21-Sep-2026,14.17,14.23,14.24,13.93,14.05,14.0,14.06,4746656,667.29,5670, 2532725, 53.36
YESBANK,EQ, 21-Sep-2026,22.72,22.95,23.28,22.93,23.17,23.17,23.16,52755958,12216.0,93804, 27031493, 51.24
AUBANK,EQ, 22-Sep-2026,1038.0,1037.9,1043.5,1027.6,1036.4,1036.4,1032.69,506494,5230.49,19666, 259892, 51.31
AXISBANK,EQ, 22-Sep-2026,1250.0,1245.2,1255.6,1240.1,1242.7,1242.7,1244.75,2689110,33472.76,108682, 1412409, 52.52
BANDHANBNK,EQ, 22-Sep-2026,179.0,180.0,185.11,179.9,184.7,184.7,182.69,22278301,40701.2,66785, 12311295, 55.26
BANKBARODA,EQ, 22-Sep-2026,233.64,233.64,234.9,232.71,234.35,234.35,233.68,3787052,8849.68,30532, 2074453, 54.78
BANKINDIA,EQ, 22-Sep-2026,138.63,138.5,138.91,137.01,137.01,137.01,137.82,3112072,4289.13,24245, 1586962, 50.99
CANBK,EQ, 22-Sep-2026,123.7,124.02,124.69,122.8,122.9,122.9,123.47,7064389,8722.39,46850, 3105906, 43.97
CAPITALSFB,EQ, 22-Sep-2026,282.0,281.8,282.4,277.2,280.0,281.3,280.89,11748,33.0,355, 5206, 44.31
CENTRALBK,EQ, 22-Sep-2026,31.49,31.53,31.69,31.26,31.4,31.37,31.45,2768742,870.69,11358, 1315718, 47.52
CSBBANK,EQ, 22-Sep-2026,334.8,336.0,340.9,331.25,333.9,334.95,334.3,231055,772.42,10336, 105362, 45.60
CUB,EQ, 22-Sep-2026,234.94,234.9,235.78,226.0,227.84,227.21,228.77,2192380,5015.46,32742, 997367, 45.49
DCBBANK,EQ, 22-Sep-2026,218.77,218.71,221.8,217.06,218.89,218.58,218.97,568379,1244.6,12026, 291632, 51.31
DHANBANK,EQ, 22-Sep-2026,29.44,29.52,29.73,29.01,29.16,29.18,29.35,226911,66.6,1501, 134042, 59.07
EQUITASBNK,EQ, 22-Sep-2026,72.43,73.11,73.95,71.69,73.05,72.91,72.78,1575361,1146.48,14068, 706937, 44.87
FEDERALBNK,EQ, 22-Sep-2026,332.0,332.3,334.85,325.5,327.0,327.0,327.73,5612786,18394.92,72451, 3481001, 62.02
FINOPB,EQ, 22-Sep-2026,134.82,135.2,136.89,131.4,132.5,133.02,133.86,152627,204.3,1942, 95953, 62.87
HDFCBANK,EQ, 22-Sep-2026,739.5,738.85,749.3,738.6,738.6,738.6,744.53,35483669,264187.91,307695, 24362291, 68.66
ICICIBANK,EQ, 22-Sep-2026,1345.0,1343.0,1347.2,1333.8,1339.6,1339.6,1340.39,6433249,86230.52,168586, 3196333, 49.68
IDBI,EQ, 22-Sep-2026,83.06,83.25,84.0,82.7,82.99,82.88,83.22,4998773,4160.02,24262, 2015596, 40.32
IDFCFIRSTB,EQ, 22-Sep-2026,85.8,85.64,86.1,84.9,85.37,85.37,85.32,7198920,6142.36,58529, 3905611, 54.25
INDIANB,EQ, 22-Sep-2026,841.0,844.95,850.8,835.5,840.8,840.8,840.5,498899,4193.23,35893, 254098, 50.93
INDUSINDBK,EQ, 22-Sep-2026,956.0,959.0,963.5,949.3,955.0,955.0,955.86,971946,9290.47,36189, 587699, 60.47
IOB,EQ, 22-Sep-2026,32.06,32.06,32.2,31.85,31.92,31.92,32.01,1483150,474.77,6980, 846622, 57.08
J&KBANK,EQ, 22-Sep-2026,145.95,146.11,147.9,145.26,145.5,145.94,146.27,832954,1218.39,17531, 399875, 48.01
JSFB,EQ, 22-Sep-2026,531.3,535.0,549.85,532.0,532.5,533.7,541.04,1228918,6648.93,29160, 626845, 51.01
KARURVYSYA,EQ, 22-Sep-2026,326.15,328.35,328.95,318.0,321.4,320.15,320.84,2085010,6689.45,40906, 1092300, 52.39
KOTAKBANK,EQ, 22-Sep-2026,414.8,416.5,417.8,412.55,412.65,412.65,414.63,3795161,15736.01,61637, 2042061, 53.81
KTKBANK,EQ, 22-Sep-2026,314.55,315.95,334.0,315.0,332.0,331.5,326.8,3195855,10444.16,41790, 1560295, 48.82
MAHABANK,EQ, 22-Sep-2026,82.2,82.52,83.3,82.29,82.4,82.4,82.64,6615014,5466.46,28540, 3370225, 50.95
PNB,EQ, 22-Sep-2026,118.0,118.45,118.74,116.7,117.0,117.0,117.44,8967547,10531.06,27839, 4139221, 46.16
PSB,EQ, 22-Sep-2026,21.95,21.95,22.06,21.81,21.95,21.93,21.93,468789,102.79,2168, 235916, 50.32
RBLBANK,EQ, 22-Sep-2026,402.4,404.3,424.4,402.85,423.2,423.2,414.13,7366610,30507.34,60635, 2106717, 28.60
SBIN,EQ, 22-Sep-2026,996.0,999.1,1000.1,981.3,987.0,987.0,987.78,6126235,60513.43,125775, 3052014, 49.82
SOUTHBANK,EQ, 22-Sep-2026,45.52,45.89,45.95,45.11,45.42,45.23,45.5,4437444,2018.98,17672, 1939866, 43.72
SURYODAY,EQ, 22-Sep-2026,146.94,148.55,148.97,145.79,147.95,146.4,147.38,125159,184.46,2279, 68271, 54.55
TMB,EQ, 22-Sep-2026,886.35,895.0,897.8,870.6,885.0,883.75,878.23,140878,1237.23,14927, 64599, 45.85
UCOBANK,EQ, 22-Sep-2026,23.62,23.62,23.78,23.62,23.73,23.72,23.7,2058479,487.9,8902, 776916, 37.74
UJJIVANSFB,EQ, 22-Sep-2026,64.79,64.99,65.8,64.46,64.7,64.74,65.07,5992425,3899.3,29768, 2804356, 46.80
UNIONBANK,EQ, 22-Sep-2026,178.09,178.0,178.8,175.86,178.0,178.0,177.07,5275793,9341.87,44836, 2522108, 47.81
UTKARSHBNK,EQ, 22-Sep-2026,14.0,14.0,14.3,13.85,13.89,13.88,13.97,6307706,881.43,6024, 3204878, 50.81
YESBANK,EQ, 22-Sep-2026,23.17,23.17,23.29,23.04,23.2,23.2,23.15,36775729,8514.53,91823, 21554569, 58.61
AUBANK,EQ, 23-Sep-2026,1036.4,1034.0,1055.8,1032.6,1053.0,1053.0,1050.06,1565213,16435.66,51068, 915558, 58.49
AXISBANK,EQ, 23-Sep-2026,1242.7,1242.2,1252.0,1238.9,1243.2,1243.2,1246.04,2287837,28507.27,64055, 1255454, 54.88
BANDHANBNK,EQ, 23-Sep-2026,184.7,185.95,193.0,185.7,191.38,191.38,190.35,41844761,79651.25,140391, 15219177, 36.37
BANKBARODA,EQ, 23-Sep-2026,234.35,233.2,237.7,233.2,236.87,236.87,236.24,5657358,13365.01,41680, 3221066, 56.94
BANKINDIA,EQ, 23-Sep-2026,137.01,137.74,139.74,137.5,139.65,139.65,138.97,3463585,4813.49,26752, 1895866, 54.74
CANBK,EQ, 23-Sep-2026,122.9,123.2,126.3,123.17,126.0,126.0,125.28,15597011,19540.12,72806, 7804932, 50.04
CAPITALSFB,EQ, 23-Sep-2026,281.3,281.3,286.7,279.05,285.0,284.6,283.86,33387,94.77,665, 24829, 74.37
CENTRALBK,EQ, 23-Sep-2026,31.37,31.32,31.8,31.26,31.62,31.63,31.63,4418230,1397.7,17388, 2414984, 54.66
CSBBANK,EQ, 23-Sep-2026,334.95,334.4,337.5,332.75,336.0,336.4,335.17,447626,1500.29,19168, 221318, 49.44
CUB,EQ, 23-Sep-2026,227.21,227.0,230.79,224.71,227.0,225.34,227.63,1269250,2889.24,18320, 595324, 46.90
DCBBANK,EQ, 23-Sep-2026,218.58,218.89,224.71,218.11,224.0,223.69,222.92,812051,1810.18,19467, 384129, 47.30
DHANBANK,EQ, 23-Sep-2026,29.18,29.16,30.1,29.16,30.1,30.01,29.69,385760,114.55,1996, 240711, 62.40
EQUITASBNK,EQ, 23-Sep-2026,72.91,72.91,74.06,72.05,72.3,72.27,72.89,1571676,1145.64,12305, 694706, 44.20
FEDERALBNK,EQ, 23-Sep-2026,327.0,328.45,331.3,325.25,331.3,331.3,327.77,5137220,16838.13,60925, 3378696, 65.77
FINOPB,EQ, 23-Sep-2026,133.02,132.0,134.29,132.0,132.89,132.68,132.73,272069,361.11,3400, 141012, 51.83
HDFCBANK,EQ, 23-Sep-2026,738.6,735.65,742.8,734.0,737.25,737.25,739.52,23197231,171547.7,225520, 15746596, 67.88
ICICIBANK,EQ, 23-Sep-2026,1339.6,1339.9,1344.5,1333.5,1340.0,1340.0,1338.81,4758314,63704.94,120264, 2813317, 59.12
IDBI,EQ, 23-Sep-2026,82.88,83.05,83.97,82.9,83.58,83.39,83.42,4228479,3527.33,21710, 1666347, 39.41
IDFCFIRSTB,EQ, 23-Sep-2026,85.37,85.98,89.61,85.9,87.9,87.9,88.25,64518343,56935.14,132127, 30497881, 47.27
INDIANB,EQ, 23-Sep-2026,840.8,841.0,851.7,838.85,842.0,842.0,843.75,975762,8232.96,27901, 578212, 59.26
INDUSINDBK,EQ, 23-Sep-2026,955.0,951.8,970.8,951.8,959.3,959.3,961.92,2626452,25264.33,54624, 1817894, 69.21
IOB,EQ, 23-Sep-2026,31.92,31.83,32.25,31.83,32.08,32.13,32.11,1360796,436.99,8751, 731628, 53.76
J&KBANK,EQ, 23-Sep-2026,145.94,145.5,149.6,145.5,149.4,149.25,148.38,1272524,1888.15,20305, 590183, 46.38
JSFB,EQ, 23-Sep-2026,533.7,533.95,551.0,533.95,547.6,546.6,546.31,1082667,5914.76,21791, 628522, 58.05
KARURVYSYA,EQ, 23-Sep-2026,320.15,322.05,326.0,320.65,324.15,324.45,323.62,1465001,4741.07,33689, 728499, 49.73
KOTAKBANK,EQ, 23-Sep-2026,412.65,414.65,417.25,411.35,413.25,413.25,414.06,8628172,35725.85,83373, 5620215, 65.14
KTKBANK,EQ, 23-Sep-2026,331.5,331.5,344.0,330.1,343.0,343.05,339.77,3566531,12117.84,39199, 1685443, 47.26
MAHABANK,EQ, 23-Sep-2026,82.4,82.65,84.7,82.32,84.11,84.11,83.85,12282011,10298.22,51047, 5376406, 43.77
PNB,EQ, 23-Sep-2026,117.0,116.61,118.9,116.61,118.3,118.3,118.17,12840968,15174.48,36389, 6864635, 53.46
PSB,EQ, 23-Sep-2026,21.93,21.92,22.24,21.92,22.11,22.1,22.07,807656,178.28,3801, 406620, 50.35
RBLBANK,EQ, 23-Sep-2026,423.2,423.2,429.6,422.05,428.0,428.0,426.78,3651779,15584.94,62406, 1243168, 34.04
SBIN,EQ, 23-Sep-2026,987.0,987.0,996.4,986.4,994.1,994.1,992.19,4522248,44869.27,90482, 2643995, 58.47
SOUTHBANK,EQ, 23-Sep-2026,45.23,45.26,47.2,45.26,47.14,47.08,46.56,14551891,6775.24,43144, 6626848, 45.54
SURYODAY,EQ, 23-Sep-2026,146.4,146.95,149.9,146.6,149.85,149.3,148.58,157818,234.48,2629, 90014, 57.04
TMB,EQ, 23-Sep-2026,883.75,893.0,931.1,886.0,922.0,921.4,911.02,237718,2165.67,15922, 116284, 48.92
UCOBANK,EQ, 23-Sep-2026,23.72,23.7,24.12,23.7,24.08,24.04,23.96,3219016,771.26,13572, 1496580, 46.49
UJJIVANSFB,EQ, 23-Sep-2026,64.74,64.5,66.34,64.5,66.0,66.01,65.71,6091985,4002.92,30239, 3113420, 51.11
UNIONBANK,EQ, 23-Sep-2026,178.0,178.0,180.55,178.0,180.0,180.0,179.41,5681838,10193.77,37745, 2709656, 47.69
UTKARSHBNK,EQ, 23-Sep-2026,13.88,13.81,14.17,13.81,14.15,14.07,13.99,4419587,618.26,4439, 2215923, 50.14
YESBANK,EQ, 23-Sep-2026,23.2,23.2,23.38,23.17,23.24,23.24,23.25,46135166,10726.9,91522, 26876142, 58.26
AUBANK,EQ, 24-Sep-2026,1053.0,1034.1,1034.1,999.2,1000.1,1000.1,1008.73,3448868,34789.6,85022, 1737714, 50.39
AXISBANK,EQ, 24-Sep-2026,1243.2,1225.2,1225.2,1175.0,1186.5,1186.5,1191.67,10890660,129781.14,206284, 5862610, 53.83
BANDHANBNK,EQ, 24-Sep-2026,191.38,186.0,189.28,182.62,182.9,182.9,185.86,19300035,35871.72,81476, 7583944, 39.29
BANKBARODA,EQ, 24-Sep-2026,236.87,234.5,236.22,233.77,234.3,234.3,234.74,3751372,8806.11,30881, 1621954, 43.24
BANKINDIA,EQ, 24-Sep-2026,139.65,138.26,138.75,137.11,137.76,137.76,137.67,3672188,5055.42,22847, 1699588, 46.28
CANBK,EQ, 24-Sep-2026,126.0,124.95,126.2,124.57,125.9,125.9,125.36,9112129,11422.8,46491, 3384210, 37.14
CAPITALSFB,EQ, 24-Sep-2026,284.6,284.6,287.4,279.6,280.0,280.55,283.3,47408,134.31,1171, 31786, 67.05
CENTRALBK,EQ, 24-Sep-2026,31.63,31.5,31.52,31.08,31.24,31.19,31.24,2898783,905.71,10418, 1819848, 62.78
CSBBANK,EQ, 24-Sep-2026,336.4,336.0,336.0,325.3,334.85,333.75,331.21,347821,1152.01,14321, 127718, 36.72
CUB,EQ, 24-Sep-2026,225.34,225.0,228.37,218.95,224.4,220.52,223.4,3679351,8219.58,45327, 2014975, 54.76
DCBBANK,EQ, 24-Sep-2026,223.69,218.4,218.99,206.69,213.25,213.35,212.72,2863570,6091.42,34466, 1442325, 50.37
DHANBANK,EQ, 24-Sep-2026,30.01,30.0,30.0,29.22,29.8,29.68,29.55,361353,106.78,1678, 185955, 51.46
EQUITASBNK,EQ, 24-Sep-2026,72.27,69.0,70.77,68.52,70.77,70.21,69.91,2416236,1689.27,15746, 1050019, 43.46
FEDERALBNK,EQ, 24-Sep-2026,331.3,328.0,332.7,325.95,329.5,329.5,329.32,6031916,19864.05,78222, 3243704, 53.78
FINOPB,EQ, 24-Sep-2026,132.68,132.1,132.68,129.0,129.21,129.28,130.12,213176,277.37,2720, 113706, 53.34
HDFCBANK,EQ, 24-Sep-2026,737.25,725.0,734.85,722.7,728.9,728.9,729.96,29575194,215886.98,281991, 16649331, 56.29
ICICIBANK,EQ, 24-Sep-2026,1340.0,1333.1,1347.8,1330.1,1334.5,1334.5,1335.62,8653920,115583.91,156949, 4860876, 56.17
IDBI,EQ, 24-Sep-2026,83.39,83.0,83.25,81.35,82.66,82.6,82.24,9378785,7713.43,27683, 4286540, 45.70
IDFCFIRSTB,EQ, 24-Sep-2026,87.9,84.5,85.49,83.3,83.76,83.76,84.39,40583451,34248.59,114158, 22251266, 54.83
INDIANB,EQ, 24-Sep-2026,842.0,836.25,840.2,824.1,830.0,830.0,829.8,693067,5751.06,24388, 280677, 40.50
INDUSINDBK,EQ, 24-Sep-2026,959.3,918.0,928.9,909.3,919.5,919.5,919.33,5861520,53886.83,105228, 2868352, 48.94
IOB,EQ, 24-Sep-2026,32.13,32.09,32.13,31.81,31.91,31.92,31.93,1870230,597.14,10044, 1055088, 56.41
J&KBANK,EQ, 24-Sep-2026,149.25,148.7,149.0,146.7,147.39,147.07,147.8,897539,1326.59,15385, 409888, 45.67
JSFB,EQ, 24-Sep-2026,546.6,543.0,544.25,519.65,528.0,522.7,528.79,631956,3341.69,17700, 356969, 56.49
KARURVYSYA,EQ, 24-Sep-2026,324.45,323.15,327.55,321.0,323.8,325.0,324.71,1136510,3690.39,37733, 694727, 61.13
KOTAKBANK,EQ, 24-Sep-2026,413.25,407.0,410.0,404.3,405.0,405.0,406.63,12799846,52047.93,153559, 8346079, 65.20
KTKBANK,EQ, 24-Sep-2026,343.05,339.0,345.4,336.55,339.9,338.15,340.89,2049219,6985.62,34634, 1001808, 48.89
MAHABANK,EQ, 24-Sep-2026,84.11,83.7,83.9,81.8,82.38,82.38,82.73,7964442,6588.95,36069, 4056340, 50.93
PNB,EQ, 24-Sep-2026,118.3,117.25,118.67,117.06,117.12,117.12,117.73,10755825,12662.36,32225, 4470569, 41.56
PSB,EQ, 24-Sep-2026,22.1,22.0,22.0,21.7,21.82,21.78,21.83,748966,163.48,2683, 486410, 64.94
RBLBANK,EQ, 24-Sep-2026,428.0,416.5,423.2,409.1,412.75,412.75,414.65,7315903,30335.74,90061, 2647703, 36.19
SBIN,EQ, 24-Sep-2026,994.1,982.3,992.0,975.8,978.5,978.5,981.33,13724672,134684.9,123600, 9938065, 72.41
SOUTHBANK,EQ, 24-Sep-2026,47.08,47.0,50.17,46.72,49.95,49.9,49.25,57683718,28408.62,148611, 25319409, 43.89
SURYODAY,EQ, 24-Sep-2026,149.3,149.64,149.64,143.09,144.84,145.34,145.07,398726,578.44,5972, 231918, 58.16
TMB,EQ, 24-Sep-2026,921.4,920.0,920.0,891.5,902.5,893.55,901.87,167289,1508.74,13849, 67062, 40.09
UCOBANK,EQ, 24-Sep-2026,24.04,23.99,23.99,23.65,23.75,23.74,23.78,2411463,573.36,9967, 1264449, 52.43
UJJIVANSFB,EQ, 24-Sep-2026,66.01,64.52,64.7,61.25,63.0,62.69,62.79,33045929,20749.65,148970, 16489275, 49.90
UNIONBANK,EQ, 24-Sep-2026,180.0,178.9,180.2,175.86,179.45,179.45,178.62,4484417,8010.2,37474, 1810939, 40.38
UTKARSHBNK,EQ, 24-Sep-2026,14.07,13.94,14.0,13.7,13.89,13.86,13.84,4749458,657.09,9886, 2259906, 47.58
YESBANK,EQ, 24-Sep-2026,23.24,23.08,23.08,22.38,22.44,22.44,22.54,102237435,23044.8,160857, 45926036, 44.92
AUBANK,EQ, 25-Sep-2026,1000.1,1001.0,1021.2,997.0,1018.0,1018.0,1012.34,2524193,25553.4,110746, 1480951, 58.67
AXISBANK,EQ, 25-Sep-2026,1186.5,1191.5,1225.0,1191.5,1222.4,1222.4,1212.24,6923162,83925.17,211066, 4061493, 58.67
BANDHANBNK,EQ, 25-Sep-2026,182.9,182.91,188.23,182.91,187.7,187.7,185.26,10120013,18748.5,45777, 3860628, 38.15
BANKBARODA,EQ, 25-Sep-2026,234.3,234.55,236.03,234.12,235.26,235.26,235.11,2493756,5863.08,25850, 1243103, 49.85
BANKINDIA,EQ, 25-Sep-2026,137.76,137.6,138.3,137.12,137.94,137.94,137.62,1590019,2188.11,12493, 634230, 39.89
CANBK,EQ, 25-Sep-2026,125.9,125.79,126.7,124.8,124.99,124.99,125.23,8341932,10446.98,38624, 3929678, 47.11
CAPITALSFB,EQ, 25-Sep-2026,280.55,278.1,285.5,278.1,280.25,282.75,281.83,15817,44.58,482, 9961, 62.98
CENTRALBK,EQ, 25-Sep-2026,31.19,31.18,31.35,31.06,31.12,31.18,31.19,3133875,977.36,9559, 1950589, 62.24
CSBBANK,EQ, 25-Sep-2026,333.75,333.75,334.95,326.8,334.0,333.7,331.13,186281,616.83,9169, 59040, 31.69
CUB,EQ, 25-Sep-2026,220.52,223.39,227.11,221.79,223.15,225.57,224.02,1484087,3324.69,25159, 744880, 50.19
DCBBANK,EQ, 25-Sep-2026,213.35,215.19,216.37,213.5,213.6,214.09,214.38,951797,2040.5,12814, 564907, 59.35
DHANBANK,EQ, 25-Sep-2026,29.68,29.68,30.0,29.11,29.36,29.31,29.42,239224,70.38,1131, 131794, 55.09
EQUITASBNK,EQ, 25-Sep-2026,70.21,70.55,70.67,66.19,66.53,67.03,67.49,5440394,3671.82,32483, 2652717, 48.76
FEDERALBNK,EQ, 25-Sep-2026,329.5,327.5,332.5,319.5,322.0,322.0,326.51,6128694,20011.0,63699, 2679356, 43.72
FINOPB,EQ, 25-Sep-2026,129.28,128.1,129.35,127.21,129.35,128.25,128.03,171278,219.29,2127, 86004, 50.21
HDFCBANK,EQ, 25-Sep-2026,728.9,723.0,739.65,723.0,735.6,735.6,733.66,19853034,145654.18,231573, 12291121, 61.91
ICICIBANK,EQ, 25-Sep-2026,1334.5,1332.9,1340.8,1312.0,1326.8,1326.8,1326.54,10841310,143814.51,163043, 6632395, 61.18
IDBI,EQ, 25-Sep-2026,82.6,82.6,85.3,82.6,84.6,84.4,84.13,18328262,15420.04,58701, 4800991, 26.19
IDFCFIRSTB,EQ, 25-Sep-2026,83.76,83.48,84.25,83.27,83.8,83.8,83.7,20425204,17096.72,61886, 10911151, 53.42
INDIANB,EQ, 25-Sep-2026,830.0,829.85,835.8,825.3,832.0,832.0,830.89,1035590,8604.66,25765, 597167, 57.66
INDUSINDBK,EQ, 25-Sep-2026,919.5,919.5,923.9,906.9,912.2,912.2,913.56,1426025,13027.65,29579, 694266, 48.69
IOB,EQ, 25-Sep-2026,31.92,31.92,32.14,31.82,32.02,31.98,31.93,1104893,352.84,6924, 577755, 52.29
J&KBANK,EQ, 25-Sep-2026,147.07,146.88,148.38,145.51,146.0,146.1,146.13,1214432,1774.64,16200, 585153, 48.18
JSFB,EQ, 25-Sep-2026,522.7,522.7,543.4,509.95,533.0,535.25,529.81,3086326,16351.61,65557, 1000543, 32.42
KARURVYSYA,EQ, 25-Sep-2026,325.0,325.0,328.65,322.2,327.0,327.95,326.23,1233878,4025.3,27541, 774053, 62.73
KOTAKBANK,EQ, 25-Sep-2026,405.0,406.9,407.95,399.3,404.0,404.0,403.53,18175573,73344.47,135524, 13329647, 73.34
KTKBANK,EQ, 25-Sep-2026,338.15,338.15,340.7,333.25,334.5,335.5,336.78,680592,2292.07,14494, 315673, 46.38
MAHABANK,EQ, 25-Sep-2026,82.38,82.3,84.88,81.91,84.88,84.88,83.73,12167444,10187.49,41470, 5718813, 47.00
PNB,EQ, 25-Sep-2026,117.12,117.12,118.01,116.23,116.6,116.6,116.8,8069096,9424.68,36017, 3859452, 47.83
PSB,EQ, 25-Sep-2026,21.78,21.8,21.88,21.65,21.79,21.82,21.75,533659,116.06,3020, 248761, 46.61
RBLBANK,EQ, 25-Sep-2026,412.75,412.6,416.0,409.1,415.05,415.05,413.26,3419454,14131.09,32000, 934260, 27.32
SBIN,EQ, 25-Sep-2026,978.5,980.8,985.7,977.0,983.0,983.0,980.93,3759097,36874.05,100755, 1679428, 44.68
SOUTHBANK,EQ, 25-Sep-2026,49.9,50.05,50.68,49.01,49.9,49.95,49.89,28889000,14413.59,68180, 11350491, 39.29
SURYODAY,EQ, 25-Sep-2026,145.34,145.0,152.48,144.49,148.75,149.12,147.29,210889,310.61,2555, 115605, 54.82
TMB,EQ, 25-Sep-2026,893.55,894.95,899.95,879.05,881.0,881.9,885.28,118477,1048.85,10842, 59974, 50.62
UCOBANK,EQ, 25-Sep-2026,23.74,23.74,23.95,23.55,23.94,23.9,23.79,2615016,621.98,10128, 1182876, 45.23
UJJIVANSFB,EQ, 25-Sep-2026,62.69,63.29,65.1,62.73,65.1,64.71,63.8,13378426,8535.6,86721, 7496599, 56.03
UNIONBANK,EQ, 25-Sep-2026,179.45,178.78,180.72,178.34,180.2,180.2,179.61,6466107,11614.01,27211, 3393941, 52.49
UTKARSHBNK,EQ, 25-Sep-2026,13.86,13.86,13.93,13.68,13.8,13.8,13.75,3993057,548.96,4977, 1703072, 42.65
YESBANK,EQ, 25-Sep-2026,22.44,22.48,22.58,22.35,22.5,22.5,22.46,30426808,6834.02,61339, 11217697, 36.87
AUBANK,EQ, 25-Sep-2026,1000.1,1001.0,1021.2,997.0,1018.0,1018.0,1012.34,2524193,25553.4,110746, 1480951, 58.67
AXISBANK,EQ, 25-Sep-2026,1186.5,1191.5,1225.0,1191.5,1222.4,1222.4,1212.24,6923162,83925.17,211066, 4061493, 58.67
BANDHANBNK,EQ, 25-Sep-2026,182.9,182.91,188.23,182.91,187.7,187.7,185.26,10120013,18748.5,45777, 3860628, 38.15
BANKBARODA,EQ, 25-Sep-2026,234.3,234.55,236.03,234.12,235.26,235.26,235.11,2493756,5863.08,25850, 1243103, 49.85
BANKINDIA,EQ, 25-Sep-2026,137.76,137.6,138.3,137.12,137.94,137.94,137.62,1590019,2188.11,12493, 634230, 39.89
CANBK,EQ, 25-Sep-2026,125.9,125.79,126.7,124.8,124.99,124.99,125.23,8341932,10446.98,38624, 3929678, 47.11
CAPITALSFB,EQ, 25-Sep-2026,280.55,278.1,285.5,278.1,280.25,282.75,281.83,15817,44.58,482, 9961, 62.98
CENTRALBK,EQ, 25-Sep-2026,31.19,31.18,31.35,31.06,31.12,31.18,31.19,3133875,977.36,9559, 1950589, 62.24
CSBBANK,EQ, 25-Sep-2026,333.75,333.75,334.95,326.8,334.0,333.7,331.13,186281,616.83,9169, 59040, 31.69
CUB,EQ, 25-Sep-2026,220.52,223.39,227.11,221.79,223.15,225.57,224.02,1484087,3324.69,25159, 744880, 50.19
DCBBANK,EQ, 25-Sep-2026,213.35,215.19,216.37,213.5,213.6,214.09,214.38,951797,2040.5,12814, 564907, 59.35
DHANBANK,EQ, 25-Sep-2026,29.68,29.68,30.0,29.11,29.36,29.31,29.42,239224,70.38,1131, 131794, 55.09
EQUITASBNK,EQ, 25-Sep-2026,70.21,70.55,70.67,66.19,66.53,67.03,67.49,5440394,3671.82,32483, 2652717, 48.76
FEDERALBNK,EQ, 25-Sep-2026,329.5,327.5,332.5,319.5,322.0,322.0,326.51,6128694,20011.0,63699, 2679356, 43.72
FINOPB,EQ, 25-Sep-2026,129.28,128.1,129.35,127.21,129.35,128.25,128.03,171278,219.29,2127, 86004, 50.21
HDFCBANK,EQ, 25-Sep-2026,728.9,723.0,739.65,723.0,735.6,735.6,733.66,19853034,145654.18,231573, 12291121, 61.91
ICICIBANK,EQ, 25-Sep-2026,1334.5,1332.9,1340.8,1312.0,1326.8,1326.8,1326.54,10841310,143814.51,163043, 6632395, 61.18
IDBI,EQ, 25-Sep-2026,82.6,82.6,85.3,82.6,84.6,84.4,84.13,18328262,15420.04,58701, 4800991, 26.19
IDFCFIRSTB,EQ, 25-Sep-2026,83.76,83.48,84.25,83.27,83.8,83.8,83.7,20425204,17096.72,61886, 10911151, 53.42
INDIANB,EQ, 25-Sep-2026,830.0,829.85,835.8,825.3,832.0,832.0,830.89,1035590,8604.66,25765, 597167, 57.66
INDUSINDBK,EQ, 25-Sep-2026,919.5,919.5,923.9,906.9,912.2,912.2,913.56,1426025,13027.65,29579, 694266, 48.69
IOB,EQ, 25-Sep-2026,31.92,31.92,32.14,31.82,32.02,31.98,31.93,1104893,352.84,6924, 577755, 52.29
J&KBANK,EQ, 25-Sep-2026,147.07,146.88,148.38,145.51,146.0,146.1,146.13,1214432,1774.64,16200, 585153, 48.18
JSFB,EQ, 25-Sep-2026,522.7,522.7,543.4,509.95,533.0,535.25,529.81,3086326,16351.61,65557, 1000543, 32.42
KARURVYSYA,EQ, 25-Sep-2026,325.0,325.0,328.65,322.2,327.0,327.95,326.23,1233878,4025.3,27541, 774053, 62.73
KOTAKBANK,EQ, 25-Sep-2026,405.0,406.9,407.95,399.3,404.0,404.0,403.53,18175573,73344.47,135524, 13329647, 73.34
KTKBANK,EQ, 25-Sep-2026,338.15,338.15,340.7,333.25,334.5,335.5,336.78,680592,2292.07,14494, 315673, 46.38
MAHABANK,EQ, 25-Sep-2026,82.38,82.3,84.88,81.91,84.88,84.88,83.73,12167444,10187.49,41470, 5718813, 47.00
PNB,EQ, 25-Sep-2026,117.12,117.12,118.01,116.23,116.6,116.6,116.8,8069096,9424.68,36017, 3859452, 47.83
PSB,EQ, 25-Sep-2026,21.78,21.8,21.88,21.65,21.79,21.82,21.75,533659,116.06,3020, 248761, 46.61
RBLBANK,EQ, 25-Sep-2026,412.75,412.6,416.0,409.1,415.05,415.05,413.26,3419454,14131.09,32000, 934260, 27.32
SBIN,EQ, 25-Sep-2026,978.5,980.8,985.7,977.0,983.0,983.0,980.93,3759097,36874.05,100755, 1679428, 44.68
SOUTHBANK,EQ, 25-Sep-2026,49.9,50.05,50.68,49.01,49.9,49.95,49.89,28889000,14413.59,68180, 11350491, 39.29
SURYODAY,EQ, 25-Sep-2026,145.34,145.0,152.48,144.49,148.75,149.12,147.29,210889,310.61,2555, 115605, 54.82
TMB,EQ, 25-Sep-2026,893.55,894.95,899.95,879.05,881.0,881.9,885.28,118477,1048.85,10842, 59974, 50.62
UCOBANK,EQ, 25-Sep-2026,23.74,23.74,23.95,23.55,23.94,23.9,23.79,2615016,621.98,10128, 1182876, 45.23
UJJIVANSFB,EQ, 25-Sep-2026,62.69,63.29,65.1,62.73,65.1,64.71,63.8,13378426,8535.6,86721, 7496599, 56.03
UNIONBANK,EQ, 25-Sep-2026,179.45,178.78,180.72,178.34,180.2,180.2,179.61,6466107,11614.01,27211, 3393941, 52.49
UTKARSHBNK,EQ, 25-Sep-2026,13.86,13.86,13.93,13.68,13.8,13.8,13.75,3993057,548.96,4977, 1703072, 42.65
YESBANK,EQ, 25-Sep-2026,22.44,22.48,22.58,22.35,22.5,22.5,22.46,30426808,6834.02,61339, 11217697, 36.87
AUBANK,EQ, 28-Sep-2026,1018.0,1015.2,1016.5,995.0,995.3,995.3,999.24,1347711,13466.81,46350, 830137, 61.60
AXISBANK,EQ, 28-Sep-2026,1222.4,1211.5,1217.8,1205.0,1209.9,1209.9,1209.62,4771499,57717.1,96725, 2822944, 59.16
BANDHANBNK,EQ, 28-Sep-2026,187.7,187.0,187.0,180.6,181.0,181.0,183.51,8979766,16479.11,42435, 3492325, 38.89
BANKBARODA,EQ, 28-Sep-2026,235.26,234.99,234.99,227.5,227.5,227.5,229.77,7031453,16155.85,63323, 3679245, 52.33
BANKINDIA,EQ, 28-Sep-2026,137.94,137.5,137.5,129.31,129.99,129.99,132.02,10521208,13890.33,53550, 4452515, 42.32
CANBK,EQ, 28-Sep-2026,124.99,124.68,124.68,120.26,120.65,120.65,121.71,16272294,19805.23,73044, 9355821, 57.50
CAPITALSFB,EQ, 28-Sep-2026,282.75,278.1,283.0,278.0,282.75,280.2,279.6,23105,64.6,623, 17131, 74.14
CENTRALBK,EQ, 28-Sep-2026,31.18,31.1,31.11,30.51,30.65,30.59,30.75,4229654,1300.53,14367, 2513811, 59.43
CSBBANK,EQ, 28-Sep-2026,333.7,333.7,333.7,319.8,328.6,323.75,325.52,316838,1031.37,14091, 155396, 49.05
CUB,EQ, 28-Sep-2026,225.57,224.7,224.7,212.6,216.0,215.99,215.88,4824507,10415.37,69231, 2407507, 49.90
DCBBANK,EQ, 28-Sep-2026,214.09,213.0,213.54,207.0,207.0,207.46,208.17,1466242,3052.25,42826, 831788, 56.73
DHANBANK,EQ, 28-Sep-2026,29.31,28.99,29.41,27.86,28.15,28.23,28.43,532281,151.33,3622, 305508, 57.40
EQUITASBNK,EQ, 28-Sep-2026,67.03,66.54,66.8,64.63,66.2,66.02,65.69,2363096,1552.39,21681, 1049039, 44.39
FEDERALBNK,EQ, 28-Sep-2026,322.0,322.3,327.3,320.5,325.0,325.0,324.3,7819379,25358.47,90079, 4291444, 54.88
FINOPB,EQ, 28-Sep-2026,128.25,128.88,128.88,126.2,127.8,127.23,127.31,121176,154.26,1987, 59222, 48.87
HDFCBANK,EQ, 28-Sep-2026,735.6,731.6,733.0,718.1,719.05,719.05,722.14,21675579,156527.98,287448, 12480352, 57.58
ICICIBANK,EQ, 28-Sep-2026,1326.8,1321.1,1323.8,1300.0,1302.0,1302.0,1305.49,6327946,82611.01,148552, 3824533, 60.44
IDBI,EQ, 28-Sep-2026,84.4,84.1,85.4,82.25,83.96,84.39,84.32,14951776,12606.66,42196, 6405369, 42.84
IDFCFIRSTB,EQ, 28-Sep-2026,83.8,83.25,83.5,80.45,80.55,80.55,81.23,21063238,17110.26,85540, 11228116, 53.31
INDIANB,EQ, 28-Sep-2026,832.0,830.0,832.35,801.0,802.45,802.45,812.21,746603,6064.01,33662, 287813, 38.55
INDUSINDBK,EQ, 28-Sep-2026,912.2,912.2,913.0,889.4,909.7,909.7,901.23,1794894,16176.15,43972, 897331, 49.99
IOB,EQ, 28-Sep-2026,31.98,31.97,32.1,31.22,31.83,31.74,31.69,3114292,986.79,14980, 1288918, 41.39
J&KBANK,EQ, 28-Sep-2026,146.1,145.51,145.88,142.0,142.5,142.25,143.56,1442913,2071.41,19090, 694217, 48.11
JSFB,EQ, 28-Sep-2026,535.25,537.0,541.1,496.2,499.3,499.2,506.55,1442186,7305.43,36393, 685558, 47.54
KARURVYSYA,EQ, 28-Sep-2026,327.95,326.45,327.0,320.1,320.6,320.75,322.5,850213,2741.94,31885, 484543, 56.99
KOTAKBANK,EQ, 28-Sep-2026,404.0,402.0,403.7,395.75,401.55,401.55,399.73,15062655,60209.32,133757, 10168792, 67.51
KTKBANK,EQ, 28-Sep-2026,335.5,335.5,337.3,320.45,321.3,321.85,325.93,1096413,3573.53,24512, 523881, 47.78
MAHABANK,EQ, 28-Sep-2026,84.88,84.5,84.5,80.49,80.85,80.85,81.52,16655515,13578.39,86116, 8317862, 49.94
PNB,EQ, 28-Sep-2026,116.6,116.55,116.55,112.07,112.6,112.6,113.63,14250157,16191.86,47456, 7298960, 51.22
PSB,EQ, 28-Sep-2026,21.82,21.82,21.82,21.26,21.3,21.31,21.41,806110,172.55,3556, 497122, 61.67
RBLBANK,EQ, 28-Sep-2026,415.05,412.0,413.85,404.3,407.0,407.0,407.92,1955370,7976.39,37800, 782506, 40.02
SBIN,EQ, 28-Sep-2026,983.0,980.1,982.5,956.1,962.0,962.0,963.87,9846646,94909.29,204761, 6098244, 61.93
SOUTHBANK,EQ, 28-Sep-2026,49.95,49.9,50.19,48.01,48.9,48.64,48.66,15576178,7580.05,36471, 7045985, 45.24
SURYODAY,EQ, 28-Sep-2026,149.12,149.12,149.12,144.12,144.9,144.99,145.63,140150,204.1,2512, 75697, 54.01
TMB,EQ, 28-Sep-2026,881.9,875.0,879.35,858.0,861.3,861.75,865.79,164364,1423.04,15418, 82917, 50.45
UCOBANK,EQ, 28-Sep-2026,23.9,23.87,23.87,23.23,23.36,23.33,23.45,3548489,832.29,15071, 2033969, 57.32
UJJIVANSFB,EQ, 28-Sep-2026,64.71,64.81,64.97,63.0,63.17,63.09,63.79,15764038,10055.5,55243, 8372067, 53.11
UNIONBANK,EQ, 28-Sep-2026,180.2,178.6,178.99,171.55,171.75,171.75,173.73,8523339,14807.47,56855, 3497277, 41.03
UTKARSHBNK,EQ, 28-Sep-2026,13.8,13.99,13.99,13.5,13.51,13.59,13.64,3298049,449.85,8369, 1880593, 57.02
YESBANK,EQ, 28-Sep-2026,22.5,22.38,22.38,21.11,21.18,21.18,21.52,122415681,26341.13,195081, 56264978, 45.96
AUBANK,EQ, 29-Sep-2026,995.3,990.0,1005.2,984.5,1005.2,1005.2,992.27,1870471,18560.18,59747, 1123487, 60.06
AXISBANK,EQ, 29-Sep-2026,1209.9,1202.0,1212.1,1190.5,1212.1,1212.1,1203.39,7260302,87369.72,159768, 4692570, 64.63
BANDHANBNK,EQ, 29-Sep-2026,181.0,181.2,185.31,179.3,185.31,185.31,182.3,9533177,17379.31,66075, 4159924, 43.64
BANKBARODA,EQ, 29-Sep-2026,227.5,227.5,230.57,223.82,227.68,227.68,227.11,7198395,16348.54,56484, 2863540, 39.78
BANKINDIA,EQ, 29-Sep-2026,129.99,130.0,131.83,128.55,130.11,130.11,130.59,9187360,11997.44,50486, 4210127, 45.83
CANBK,EQ, 29-Sep-2026,120.65,120.0,120.34,118.03,119.51,119.51,119.15,20596639,24540.98,101398, 10071078, 48.90
CAPITALSFB,EQ, 29-Sep-2026,280.2,280.0,281.95,274.55,280.0,279.65,278.15,33988,94.54,917, 18373, 54.06
CENTRALBK,EQ, 29-Sep-2026,30.59,30.59,30.6,29.92,30.06,30.04,30.16,6815993,2055.81,24849, 3467091, 50.87
CSBBANK,EQ, 29-Sep-2026,323.75,323.75,323.75,315.1,315.5,316.2,318.59,474185,1510.68,19596, 218245, 46.03
CUB,EQ, 29-Sep-2026,215.99,217.16,217.48,210.69,215.4,214.91,214.43,1556485,3337.52,25648, 829888, 53.32
DCBBANK,EQ, 29-Sep-2026,207.46,206.05,206.06,201.1,202.2,202.37,202.95,977372,1983.57,25668, 467663, 47.85
DHANBANK,EQ, 29-Sep-2026,28.23,28.0,28.9,27.79,28.9,28.37,28.18,268647,75.71,2544, 128694, 47.90
EQUITASBNK,EQ, 29-Sep-2026,66.02,66.08,67.79,65.5,67.5,67.07,66.98,2421082,1621.56,20507, 1181149, 48.79
FEDERALBNK,EQ, 29-Sep-2026,325.0,325.65,326.85,320.2,320.2,320.2,323.16,9570469,30928.05,114699, 5948294, 62.15
FINOPB,EQ, 29-Sep-2026,127.23,127.65,130.05,125.05,128.5,129.23,127.81,175313,224.07,2900, 63185, 36.04
HDFCBANK,EQ, 29-Sep-2026,719.05,713.7,722.7,706.25,722.7,722.7,714.02,42755901,305285.95,367801, 27394310, 64.07
ICICIBANK,EQ, 29-Sep-2026,1302.0,1295.7,1304.8,1291.0,1292.2,1292.2,1296.07,14811396,191965.51,223405, 10452543, 70.57
IDBI,EQ, 29-Sep-2026,84.39,83.9,84.9,82.6,83.55,83.32,83.6,7662555,6406.11,29865, 3057249, 39.90
IDFCFIRSTB,EQ, 29-Sep-2026,80.55,80.4,80.63,78.6,79.46,79.46,79.89,36206575,28925.03,79319, 21054689, 58.15
INDIANB,EQ, 29-Sep-2026,802.45,802.5,808.8,794.75,795.25,795.25,800.7,1349036,10801.74,39698, 715365, 53.03
INDUSINDBK,EQ, 29-Sep-2026,909.7,905.1,908.1,878.0,878.0,878.0,892.31,3205911,28606.52,55117, 2064779, 64.41
IOB,EQ, 29-Sep-2026,31.74,31.74,31.98,30.51,30.86,30.95,31.04,15845308,4918.05,41056, 9487701, 59.88
J&KBANK,EQ, 29-Sep-2026,142.25,142.63,143.64,138.0,138.95,138.52,139.7,2354937,3289.87,41545, 1264933, 53.71
JSFB,EQ, 29-Sep-2026,499.2,500.0,506.65,486.95,501.0,503.7,498.14,605661,3017.06,20741, 251372, 41.50
KARURVYSYA,EQ, 29-Sep-2026,320.75,320.75,325.4,312.7,317.95,318.15,317.05,2868750,9095.3,55778, 1607000, 56.02
KOTAKBANK,EQ, 29-Sep-2026,401.55,401.25,409.25,394.7,406.0,406.0,404.05,32613940,131775.79,226111, 24743358, 75.87
KTKBANK,EQ, 29-Sep-2026,321.85,322.0,326.1,317.35,323.45,324.25,322.49,1248849,4027.42,21027, 541402, 43.35
MAHABANK,EQ, 29-Sep-2026,80.85,80.7,80.74,79.16,79.16,79.16,79.96,23053186,18434.32,72529, 13098926, 56.82
PNB,EQ, 29-Sep-2026,112.6,112.55,113.98,110.56,111.75,111.75,112.14,25885049,29028.59,60978, 14872131, 57.45
PSB,EQ, 29-Sep-2026,21.31,21.31,21.32,20.95,21.18,21.11,21.08,1263412,266.36,6811, 618277, 48.94
RBLBANK,EQ, 29-Sep-2026,407.0,406.0,407.8,401.45,402.0,402.0,404.33,4214429,17040.01,43026, 2169430, 51.48
SBIN,EQ, 29-Sep-2026,962.0,960.9,968.1,953.0,964.7,964.7,959.42,26781498,256946.63,282035, 18768750, 70.08
SOUTHBANK,EQ, 29-Sep-2026,48.64,48.54,49.41,47.85,48.7,48.71,48.58,10559473,5129.29,37182, 3715559, 35.19
SURYODAY,EQ, 29-Sep-2026,144.99,145.22,146.18,143.33,143.5,144.68,144.5,140702,203.31,2494, 65145, 46.30
TMB,EQ, 29-Sep-2026,861.75,861.75,871.65,845.1,860.0,863.55,859.52,169572,1457.5,18064, 70100, 41.34
UCOBANK,EQ, 29-Sep-2026,23.33,23.4,23.45,22.97,23.05,23.05,23.11,4035725,932.78,19505, 1666412, 41.29
UJJIVANSFB,EQ, 29-Sep-2026,63.09,63.05,65.4,62.56,65.31,65.26,64.59,12425218,8025.85,73485, 5875809, 47.29
UNIONBANK,EQ, 29-Sep-2026,171.75,172.0,172.44,166.0,166.0,166.0,169.28,19452924,32929.94,76090, 11594641, 59.60
UTKARSHBNK,EQ, 29-Sep-2026,13.59,13.56,14.0,13.26,13.93,13.91,13.63,5856546,798.53,5873, 2287069, 39.05
YESBANK,EQ, 29-Sep-2026,21.18,21.18,21.33,20.71,20.71,20.71,20.98,137347987,28809.25,95584, 76968394, 56.04
AUBANK,EQ, 30-Sep-2026,1005.2,1001.9,1015.1,995.2,1010.3,1010.3,1006.31,1358165,13667.31,59306, 779687, 57.41
AXISBANK,EQ, 30-Sep-2026,1212.1,1201.1,1237.1,1201.1,1226.0,1226.0,1225.08,6178741,75694.28,133668, 4006094, 64.84
BANDHANBNK,EQ, 30-Sep-2026,185.31,184.01,184.37,177.26,178.23,178.23,179.83,13031625,23435.2,68285, 5930414, 45.51
BANKBARODA,EQ, 30-Sep-2026,227.68,230.4,235.7,230.29,230.55,230.55,233.29,10920670,25477.22,73271, 5601014, 51.29
BANKINDIA,EQ, 30-Sep-2026,130.11,130.89,132.73,130.24,130.24,130.24,131.36,5018149,6591.77,29248, 2371990, 47.27
CANBK,EQ, 30-Sep-2026,119.51,119.7,121.48,119.44,119.44,119.44,120.67,12579795,15180.42,57941, 7132252, 56.70
CAPITALSFB,EQ, 30-Sep-2026,279.65,278.0,298.0,278.0,291.95,288.6,291.94,137229,400.63,3496, 72834, 53.07
CENTRALBK,EQ, 30-Sep-2026,30.04,30.07,30.84,30.07,30.53,30.46,30.55,4973027,1519.34,18306, 2204945, 44.34
CSBBANK,EQ, 30-Sep-2026,316.2,316.0,319.15,309.5,313.45,311.0,312.94,283282,886.51,20059, 157974, 55.77
CUB,EQ, 30-Sep-2026,214.91,216.75,229.0,214.91,225.01,226.05,225.79,8157697,18419.24,103736, 2419033, 29.65
DCBBANK,EQ, 30-Sep-2026,202.37,202.06,205.56,202.05,203.5,203.54,203.6,781971,1592.11,15771, 413131, 52.83
DHANBANK,EQ, 30-Sep-2026,28.37,28.11,28.93,27.1,27.51,27.52,27.76,833002,231.21,3730, 488494, 58.64
EQUITASBNK,EQ, 30-Sep-2026,67.07,67.1,69.2,67.06,68.54,68.93,68.35,1798270,1229.17,15369, 926016, 51.49
FEDERALBNK,EQ, 30-Sep-2026,320.2,321.05,324.25,317.4,317.4,317.4,319.44,5485971,17524.3,90866, 3622569, 66.03
FINOPB,EQ, 30-Sep-2026,129.23,129.85,131.06,126.3,127.0,127.21,128.46,135642,174.25,2380, 60700, 44.75
HDFCBANK,EQ, 30-Sep-2026,722.7,711.5,720.3,708.7,708.7,708.7,714.35,39365496,281208.07,388951, 26227188, 66.62
ICICIBANK,EQ, 30-Sep-2026,1292.2,1295.3,1337.0,1295.3,1321.7,1321.7,1324.84,14095232,186738.59,253536, 9637057, 68.37
IDBI,EQ, 30-Sep-2026,83.32,83.51,84.29,81.96,82.25,82.2,83.0,4433814,3680.01,21513, 1771378, 39.95
IDFCFIRSTB,EQ, 30-Sep-2026,79.46,79.46,82.08,79.46,81.44,81.44,81.17,23332019,18938.4,73879, 11342087, 48.61
INDIANB,EQ, 30-Sep-2026,795.25,800.0,814.65,799.2,805.9,805.9,809.05,1068705,8646.31,39488, 599297, 56.08
INDUSINDBK,EQ, 30-Sep-2026,878.0,885.0,902.1,885.0,901.4,901.4,895.24,2428835,21743.91,53275, 1347257, 55.47
IOB,EQ, 30-Sep-2026,30.95,31.0,31.54,30.8,30.9,30.96,31.2,2518317,785.79,14483, 1317523, 52.32
J&KBANK,EQ, 30-Sep-2026,138.52,139.0,142.26,138.0,138.81,138.65,140.24,1592541,2233.38,29540, 798822, 50.16
JSFB,EQ, 30-Sep-2026,503.7,506.0,509.0,486.0,489.0,489.3,495.45,428503,2123.0,15566, 175361, 40.92
KARURVYSYA,EQ, 30-Sep-2026,318.15,318.1,327.0,311.4,324.0,324.8,321.71,3398416,10932.88,73601, 1717144, 50.53
KOTAKBANK,EQ, 30-Sep-2026,406.0,406.1,419.15,405.95,417.0,417.0,414.88,32537029,134989.17,194813, 24934520, 76.63
KTKBANK,EQ, 30-Sep-2026,324.25,324.4,332.15,322.55,328.15,329.0,327.88,1004306,3292.89,17972, 500524, 49.84
MAHABANK,EQ, 30-Sep-2026,79.16,80.0,81.5,79.37,79.37,79.37,80.2,19568168,15694.31,70421, 9882442, 50.50
PNB,EQ, 30-Sep-2026,111.75,111.8,114.9,111.8,113.06,113.06,113.75,15255055,17352.24,52720, 7199086, 47.19
PSB,EQ, 30-Sep-2026,21.11,21.1,21.47,21.09,21.26,21.33,21.34,1167887,249.28,4375, 379043, 32.46
RBLBANK,EQ, 30-Sep-2026,402.0,405.0,412.35,403.35,403.35,403.35,408.55,3855694,15752.44,69227, 1506785, 39.08
SBIN,EQ, 30-Sep-2026,964.7,964.7,972.8,959.5,959.5,959.5,966.25,8010571,77402.35,203154, 4602916, 57.46
SOUTHBANK,EQ, 30-Sep-2026,48.71,48.9,49.67,48.0,48.17,48.24,48.89,15754423,7702.79,52709, 6805039, 43.19
SURYODAY,EQ, 30-Sep-2026,144.68,144.68,147.56,144.15,145.6,145.16,145.94,143795,209.85,2500, 68902, 47.92
TMB,EQ, 30-Sep-2026,863.55,861.25,878.2,861.25,878.0,871.3,871.27,119178,1038.36,16567, 59174, 49.65
UCOBANK,EQ, 30-Sep-2026,23.05,23.05,23.5,23.05,23.31,23.28,23.36,2802505,654.57,14748, 944747, 33.71
UJJIVANSFB,EQ, 30-Sep-2026,65.26,65.98,68.3,65.7,67.5,67.5,67.34,28889413,19455.5,67741, 11765788, 40.73
UNIONBANK,EQ, 30-Sep-2026,166.0,169.98,172.6,169.95,171.0,171.0,171.47,16921657,29015.54,79629, 8560224, 50.59
UTKARSHBNK,EQ, 30-Sep-2026,13.91,13.97,14.0,13.68,13.79,13.76,13.79,4363721,601.81,4858, 2082000, 47.71
YESBANK,EQ, 30-Sep-2026,20.71,20.98,21.4,20.85,20.95,20.95,21.13,94081938,19881.41,80661, 41328171, 43.93
